-- phpMyAdmin SQL Dump
-- version 3.5.2.2
-- http://www.phpmyadmin.net
--
-- Host: 127.0.0.1
-- Generation Time: May 15, 2015 at 01:47 PM
-- Server version: 5.5.27
-- PHP Version: 5.4.7

SET SQL_MODE="NO_AUTO_VALUE_ON_ZERO";
SET time_zone = "+00:00";


/*!40101 SET @OLD_CHARACTER_SET_CLIENT=@@CHARACTER_SET_CLIENT */;
/*!40101 SET @OLD_CHARACTER_SET_RESULTS=@@CHARACTER_SET_RESULTS */;
/*!40101 SET @OLD_COLLATION_CONNECTION=@@COLLATION_CONNECTION */;
/*!40101 SET NAMES utf8 */;

--
-- Database: `hanan_db`
--
CREATE DATABASE `hanan_db` DEFAULT CHARACTER SET latin1 COLLATE latin1_swedish_ci;
USE `hanan_db`;

DELIMITER $$
--
-- Procedures
--
CREATE DEFINER=``@`` PROCEDURE `fsd`(OUT `return_val` int)
BEGIN
DECLARE a,b INT;
 DECLARE cur_1 CURSOR FOR SELECT s1 FROM t;
 DECLARE CONTINUE HANDLER FOR NOT FOUND
 SET b = 1;
 OPEN cur_1;
 REPEAT
 FETCH cur_1 INTO a;
 UNTIL b = 1
 END REPEAT;
 CLOSE cur_1;
 SET return_val = a;

END$$

CREATE DEFINER=``@`` PROCEDURE `payroll_periode`(IN `var_id_payroll` int)
BEGIN
	SELECT * FROM payroll_periode WHERE payroll_periode.id_payroll_periode=`var_id_payroll` ;

END$$

CREATE DEFINER=``@`` PROCEDURE `show_position_level`()
BEGIN
	SELECT * FROM position_level;
END$$

DELIMITER ;

-- --------------------------------------------------------

--
-- Table structure for table `activity_log`
--

CREATE TABLE IF NOT EXISTS `activity_log` (
  `id_log` int(11) NOT NULL AUTO_INCREMENT,
  `activity` text,
  `object` varchar(40) DEFAULT NULL,
  `object_id` int(11) DEFAULT NULL,
  `user` int(11) NOT NULL,
  `description` text,
  `action` int(11) DEFAULT NULL,
  `field_data` text,
  `date_create` datetime NOT NULL,
  PRIMARY KEY (`id_log`),
  KEY `fk_activity_log_application_action1_idx` (`action`)
) ENGINE=InnoDB  DEFAULT CHARSET=latin1 AUTO_INCREMENT=622 ;

--
-- Dumping data for table `activity_log`
--

INSERT INTO `activity_log` (`id_log`, `activity`, `object`, `object_id`, `user`, `description`, `action`, `field_data`, `date_create`) VALUES
(1, 'Save/Edit Action', 'action', NULL, 2, 'Save/Edit Action', 10, '{"name":"View Employee","controller":"employee","function_exec":"","function_args":"","view_type":"gridview","view_file":"employee_list","prefix":"","action_type":"view","action_button":"crud","target_action":"","use_log":"0","is_edit":"true","id_edit":"94"}', '2014-12-28 23:25:14'),
(2, 'Save/Edit Action', 'action', NULL, 2, 'Save/Edit Action', 10, '{"name":"Create Employee","controller":"employee","function_exec":"init_create_employee","function_args":"","view_type":"form","view_file":"employee_ce","prefix":"","action_type":"view","action_button":"save_discard","target_action":"","use_log":"0","is_edit":"true","id_edit":"95"}', '2014-12-28 23:26:04'),
(3, 'Save/Edit Action', 'action', NULL, 2, 'Save/Edit Action', 10, '{"name":"Edit Employee","controller":"employee","function_exec":"init_edit_employee","function_args":"id","view_type":"form","view_file":"employee_ce","prefix":"","action_type":"update","action_button":"save_discard","target_action":"","use_log":"0","is_edit":"true","id_edit":"96"}', '2014-12-28 23:26:34'),
(4, 'Save/Edit Action', 'action', NULL, 2, 'Save/Edit Action', 10, '{"name":"Delete Employee","controller":"employee","function_exec":"delete_employee","function_args":"","view_type":"no_view","view_file":"","prefix":"","action_type":"delete","action_button":"crud","target_action":"94","use_log":"1","is_edit":"true","id_edit":"97"}', '2014-12-28 23:27:09'),
(5, 'Save/Edit Action', 'action', NULL, 2, 'Save/Edit Action', 10, '{"name":"Save\\/Edit Employee","controller":"employee","function_exec":"save_employee","function_args":"","view_type":"no_view","view_file":"","prefix":"","action_type":"create","action_button":"crud","target_action":"94","use_log":"1","is_edit":"true","id_edit":"98"}', '2014-12-28 23:27:38'),
(6, 'Save/Edit Role', 'role', NULL, 2, 'Save/Edit Role', 20, '{"name":"Appilcation Administrator","action_detail":[{"id_application_action":"11","action":"11","name":"View Division","uid":"0"},{"id_application_action":"12","action":"12","name":"Create Division","uid":"1"},{"id_application_action":"13","action":"13","name":"Save\\/Edit Division","uid":"2"},{"id_application_action":"14","action":"14","name":"Edit Division","uid":"3"},{"id_application_action":"15","action":"15","name":"Delete Division","uid":"4"},{"id_application_action":"16","action":"16","name":"View Role","uid":"5"},{"id_application_action":"17","action":"17","name":"View Create Role","uid":"6"},{"id_application_action":"18","action":"18","name":"View Edit Role","uid":"7"},{"id_application_action":"19","action":"19","name":"Delete Role","uid":"8"},{"id_application_action":"20","action":"20","name":"Save\\/Edit Role","uid":"9"},{"id_application_action":"21","action":"21","name":"View Product","uid":"10"},{"id_application_action":"22","action":"22","name":"Create Product","uid":"11"},{"id_application_action":"23","action":"23","name":"Edit Product","uid":"12"},{"id_application_action":"24","action":"24","name":"Delete Product","uid":"13"},{"id_application_action":"25","action":"25","name":"Save\\/Edit Product","uid":"14"},{"id_application_action":"26","action":"26","name":"View Supplier","uid":"15"},{"id_application_action":"27","action":"27","name":"Create Supplier","uid":"16"},{"id_application_action":"28","action":"28","name":"Edit Supplier","uid":"17"},{"id_application_action":"29","action":"29","name":"Delete Supplier","uid":"18"},{"id_application_action":"30","action":"30","name":"Save\\/Edit Supplier","uid":"19"},{"id_application_action":"31","action":"31","name":"View Product Category","uid":"20"},{"id_application_action":"32","action":"32","name":"Create Product Category","uid":"21"},{"id_application_action":"33","action":"33","name":"Edit Product Category","uid":"22"},{"id_application_action":"34","action":"34","name":"Delete Product Category","uid":"23"},{"id_application_action":"35","action":"35","name":"Save\\/Edit Product Category","uid":"24"},{"id_application_action":"36","action":"36","name":"View Merk","uid":"25"},{"id_application_action":"37","action":"37","name":"Create Merk","uid":"26"},{"id_application_action":"38","action":"38","name":"Edit Merk","uid":"27"},{"id_application_action":"39","action":"39","name":"Delete Merk","uid":"28"},{"id_application_action":"40","action":"40","name":"Save\\/Edit Merk","uid":"29"},{"id_application_action":"41","action":"41","name":"View Customer","uid":"30"},{"id_application_action":"43","action":"43","name":"Create Customer","uid":"31"},{"id_application_action":"44","action":"44","name":"Edit Customer","uid":"32"},{"id_application_action":"45","action":"45","name":"Delete Customer","uid":"33"},{"id_application_action":"46","action":"46","name":"Save\\/Edit Customer","uid":"34"},{"id_application_action":"47","action":"47","name":"View Warehouse","uid":"35"},{"id_application_action":"48","action":"48","name":"Create Warehouse","uid":"36"},{"id_application_action":"49","action":"49","name":"Edit Warehouse","uid":"37"},{"id_application_action":"50","action":"50","name":"Delete Warehouse","uid":"38"},{"id_application_action":"51","action":"51","name":"Save\\/Edit Warehouse","uid":"39"},{"id_application_action":"57","action":"57","name":"View PO","uid":"40"},{"id_application_action":"58","action":"58","name":"Create PO","uid":"41"},{"id_application_action":"59","action":"59","name":"Edit PO","uid":"42"},{"id_application_action":"60","action":"60","name":"Delete PO","uid":"43"},{"id_application_action":"61","action":"61","name":"Save\\/Edit PO","uid":"44"},{"id_application_action":"62","action":"62","name":"View User","uid":"45"},{"id_application_action":"63","action":"63","name":"Create User","uid":"46"},{"id_application_action":"64","action":"64","name":"Edit User","uid":"47"},{"id_application_action":"65","action":"65","name":"Delete User","uid":"48"},{"id_application_action":"66","action":"66","name":"Save\\/Edit User","uid":"49"},{"id_application_action":"67","action":"67","name":"View Good Receive","uid":"50"},{"id_application_action":"68","action":"68","name":"Create Good Receive","uid":"51"},{"id_application_action":"69","action":"69","name":"Edit Good Receive","uid":"52"},{"id_application_action":"70","action":"70","name":"Delete Good Receive","uid":"53"},{"id_application_action":"71","action":"71","name":"Save\\/Edit Good Receive","uid":"54"},{"id_application_action":"72","action":"72","name":"View Sales Order","uid":"55"},{"id_application_action":"73","action":"73","name":"Create Sales Order","uid":"56"},{"id_application_action":"74","action":"74","name":"Edit Sales Order","uid":"57"},{"id_application_action":"75","action":"75","name":"Delete Sales Order","uid":"58"},{"id_application_action":"76","action":"76","name":"Save Sales Order","uid":"59"},{"id_application_action":"77","action":"77","name":"View Material Request","uid":"60"},{"id_application_action":"78","action":"78","name":"Create Material Request","uid":"61"},{"id_application_action":"79","action":"79","name":"Edit Material Request","uid":"62"},{"id_application_action":"80","action":"80","name":"Delete Material Request","uid":"63"},{"id_application_action":"81","action":"81","name":"Save Material Request","uid":"64"},{"id_application_action":"82","action":"82","name":"Change User Password","uid":"65"},{"id_application_action":"83","action":"83","name":"View Delivery Note","uid":"66"},{"id_application_action":"84","action":"84","name":"Create Delivery Note","uid":"67"},{"id_application_action":"85","action":"85","name":"Edit Delivery Note","uid":"68"},{"id_application_action":"86","action":"86","name":"Delete Delivery Note","uid":"69"},{"id_application_action":"87","action":"87","name":"Save\\/Edit Delivery Note","uid":"70"},{"id_application_action":"88","action":"88","name":"View Unit Measure","uid":"71"},{"id_application_action":"89","action":"89","name":"Create Unit Measure","uid":"72"},{"id_application_action":"90","action":"90","name":"Edit Unit Measure","uid":"73"},{"id_application_action":"91","action":"91","name":"Delete Unit Measure","uid":"74"},{"id_application_action":"92","action":"92","name":"Save\\/Edit Unit Measure","uid":"75"},{"id_application_action":"93","action":"93","name":"View Stock","uid":"76"},{"id_application_action":"94","action":"94","name":"View Employee","uid":"77"},{"id_application_action":"95","action":"95","name":"Create Employee","uid":"78"},{"id_application_action":"96","action":"96","name":"Edit Employee","uid":"79"},{"id_application_action":"97","action":"97","name":"Delete Employee","uid":"80"},{"id_application_action":"98","action":"98","name":"Save\\/Edit Employee","uid":"81"},{"id_application_action":"1","name":"View Application Action","uid":"82","id":"82"},{"id_application_action":"2","name":"Create Application Action","uid":"83","id":"83"},{"id_application_action":"3","name":"Edit Application Action","uid":"84","id":"84"},{"id_application_action":"4","name":"Delete Application Action","uid":"85","id":"85"},{"id_application_action":"5","name":"View Side Menu","uid":"86","id":"86"},{"id_application_action":"6","name":"Create Side Menu","uid":"87","id":"87"},{"id_application_action":"7","name":"Edit Side Menu","uid":"88","id":"88"},{"id_application_action":"8","name":"Delete Side Menu","uid":"89","id":"89"},{"id_application_action":"9","name":"Save\\/Edit Side Menu","uid":"90","id":"90"},{"id_application_action":"10","name":"Save\\/Edit Action","uid":"91","id":"91"},{"id_application_action":"99","name":"Validate PO","uid":"92","id":"92"}],"is_edit":"true","id_role":"11"}', '2014-12-29 01:33:42'),
(7, 'Save/Edit User', 'user', NULL, 2, 'Save/Edit User', 66, '{}', '2014-12-29 01:34:20'),
(8, 'Save/Edit Side Menu', 'side_menu', NULL, 2, 'Save/Edit Side Menu', 9, '{}', '2014-12-31 14:57:47'),
(9, 'Save/Edit Action', 'action', NULL, 2, 'Save/Edit Action', 10, '{"name":"View Chart of Account","controller":"coa","function_exec":"","function_args":"","view_type":"gridview","view_file":"coa_list","prefix":"","action_type":"view","action_button":"crud","target_action":"","use_log":"0","is_edit":"true","id_edit":"209"}', '2015-01-01 22:53:25'),
(10, 'Save/Edit Action', 'action', NULL, 2, 'Save/Edit Action', 10, '{"name":"Create Chart of Account","controller":"coa","function_exec":"init_create_coa","function_args":"","view_type":"form","view_file":"coa_ce","prefix":"","action_type":"create","action_button":"save_discard","target_action":"","use_log":"0","is_edit":"true","id_edit":"210"}', '2015-01-01 22:53:52'),
(11, 'Save/Edit Action', 'action', NULL, 2, 'Save/Edit Action', 10, '{"name":"Edit Chart of Account","controller":"coa","function_exec":"init_edit_coa","function_args":"id","view_type":"form","view_file":"coa_ce","prefix":"","action_type":"view","action_button":"save_discard","target_action":"","use_log":"0","is_edit":"true","id_edit":"211"}', '2015-01-01 22:54:11'),
(12, 'Save/Edit Action', 'action', NULL, 2, 'Save/Edit Action', 10, '{"name":"Delete Chart of Account","controller":"coa","function_exec":"delete_coa","function_args":"","view_type":"no_view","view_file":"","prefix":"","action_type":"delete","action_button":"crud","target_action":"","use_log":"1","is_edit":"true","id_edit":"212"}', '2015-01-01 22:54:31'),
(13, 'Save/Edit Action', 'action', NULL, 2, 'Save/Edit Action', 10, '{"name":"Save\\/Edit Chart of Account","controller":"coa","function_exec":"save_coa","function_args":"","view_type":"no_view","view_file":"","prefix":"","action_type":"create","action_button":"crud","target_action":"","use_log":"1","is_edit":"true","id_edit":"213"}', '2015-01-01 22:54:56'),
(14, 'Save/Edit Side Menu', 'side_menu', NULL, 2, 'Save/Edit Side Menu', 9, '{}', '2015-01-02 10:34:28'),
(15, 'Save/Edit Side Menu', 'side_menu', NULL, 2, 'Save/Edit Side Menu', 9, '{}', '2015-01-02 10:39:03'),
(16, 'Save/Edit Side Menu', 'side_menu', NULL, 2, 'Save/Edit Side Menu', 9, '{}', '2015-01-02 10:39:29'),
(17, 'Save/Edit Side Menu', 'side_menu', NULL, 2, 'Save/Edit Side Menu', 9, '{}', '2015-01-02 10:39:41'),
(18, 'Save/Edit Side Menu', 'side_menu', NULL, 2, 'Save/Edit Side Menu', 9, '{}', '2015-01-02 10:40:36'),
(19, 'Save/Edit Side Menu', 'side_menu', NULL, 2, 'Save/Edit Side Menu', 9, '{}', '2015-01-02 10:40:58'),
(20, 'Save/Edit Role', 'role', NULL, 2, 'Save/Edit Role', 20, '{"name":"administrator","action_detail":[{"id_application_action":"1","action":"1","name":"View Application Action","uid":"0"},{"id_application_action":"2","action":"2","name":"Create Application Action","uid":"1"},{"id_application_action":"3","action":"3","name":"Edit Application Action","uid":"2"},{"id_application_action":"4","action":"4","name":"Delete Application Action","uid":"3"},{"id_application_action":"5","action":"5","name":"View Side Menu","uid":"4"},{"id_application_action":"6","action":"6","name":"Create Side Menu","uid":"5"},{"id_application_action":"7","action":"7","name":"Edit Side Menu","uid":"6"},{"id_application_action":"8","action":"8","name":"Delete Side Menu","uid":"7"},{"id_application_action":"9","action":"9","name":"Save\\/Edit Side Menu","uid":"8"},{"id_application_action":"10","action":"10","name":"Save\\/Edit Action","uid":"9"},{"id_application_action":"11","action":"11","name":"View Division","uid":"10"},{"id_application_action":"12","action":"12","name":"Create Division","uid":"11"},{"id_application_action":"13","action":"13","name":"Save\\/Edit Division","uid":"12"},{"id_application_action":"14","action":"14","name":"Edit Division","uid":"13"},{"id_application_action":"15","action":"15","name":"Delete Division","uid":"14"},{"id_application_action":"16","action":"16","name":"View Role","uid":"15"},{"id_application_action":"17","action":"17","name":"View Create Role","uid":"16"},{"id_application_action":"18","action":"18","name":"View Edit Role","uid":"17"},{"id_application_action":"19","action":"19","name":"Delete Role","uid":"18"},{"id_application_action":"20","action":"20","name":"Save\\/Edit Role","uid":"19"},{"id_application_action":"21","action":"21","name":"View Product","uid":"20"},{"id_application_action":"22","action":"22","name":"Create Product","uid":"21"},{"id_application_action":"23","action":"23","name":"Edit Product","uid":"22"},{"id_application_action":"24","action":"24","name":"Delete Product","uid":"23"},{"id_application_action":"25","action":"25","name":"Save\\/Edit Product","uid":"24"},{"id_application_action":"26","action":"26","name":"View Supplier","uid":"25"},{"id_application_action":"27","action":"27","name":"Create Supplier","uid":"26"},{"id_application_action":"28","action":"28","name":"Edit Supplier","uid":"27"},{"id_application_action":"29","action":"29","name":"Delete Supplier","uid":"28"},{"id_application_action":"30","action":"30","name":"Save\\/Edit Supplier","uid":"29"},{"id_application_action":"31","action":"31","name":"View Product Category","uid":"30"},{"id_application_action":"32","action":"32","name":"Create Product Category","uid":"31"},{"id_application_action":"33","action":"33","name":"Edit Product Category","uid":"32"},{"id_application_action":"34","action":"34","name":"Delete Product Category","uid":"33"},{"id_application_action":"35","action":"35","name":"Save\\/Edit Product Category","uid":"34"},{"id_application_action":"36","action":"36","name":"View Merk","uid":"35"},{"id_application_action":"37","action":"37","name":"Create Merk","uid":"36"},{"id_application_action":"38","action":"38","name":"Edit Merk","uid":"37"},{"id_application_action":"39","action":"39","name":"Delete Merk","uid":"38"},{"id_application_action":"40","action":"40","name":"Save\\/Edit Merk","uid":"39"},{"id_application_action":"41","action":"41","name":"View Customer","uid":"40"},{"id_application_action":"43","action":"43","name":"Create Customer","uid":"41"},{"id_application_action":"44","action":"44","name":"Edit Customer","uid":"42"},{"id_application_action":"45","action":"45","name":"Delete Customer","uid":"43"},{"id_application_action":"46","action":"46","name":"Save\\/Edit Customer","uid":"44"},{"id_application_action":"47","action":"47","name":"View Warehouse","uid":"45"},{"id_application_action":"48","action":"48","name":"Create Warehouse","uid":"46"},{"id_application_action":"49","action":"49","name":"Edit Warehouse","uid":"47"},{"id_application_action":"50","action":"50","name":"Delete Warehouse","uid":"48"},{"id_application_action":"51","action":"51","name":"Save\\/Edit Warehouse","uid":"49"},{"id_application_action":"57","action":"57","name":"View PO","uid":"50"},{"id_application_action":"58","action":"58","name":"Create PO","uid":"51"},{"id_application_action":"59","action":"59","name":"Edit PO","uid":"52"},{"id_application_action":"60","action":"60","name":"Delete PO","uid":"53"},{"id_application_action":"61","action":"61","name":"Save\\/Edit PO","uid":"54"},{"id_application_action":"62","action":"62","name":"View User","uid":"55"},{"id_application_action":"63","action":"63","name":"Create User","uid":"56"},{"id_application_action":"64","action":"64","name":"Edit User","uid":"57"},{"id_application_action":"65","action":"65","name":"Delete User","uid":"58"},{"id_application_action":"66","action":"66","name":"Save\\/Edit User","uid":"59"},{"id_application_action":"82","action":"82","name":"Change User Password","uid":"60"},{"id_application_action":"93","action":"93","name":"View Stock","uid":"61"},{"id_application_action":"67","action":"67","name":"View Good Receive","uid":"62"},{"id_application_action":"68","action":"68","name":"Create Good Receive","uid":"63"},{"id_application_action":"69","action":"69","name":"Edit Good Receive","uid":"64"},{"id_application_action":"70","action":"70","name":"Delete Good Receive","uid":"65"},{"id_application_action":"71","action":"71","name":"Save\\/Edit Good Receive","uid":"66"},{"id_application_action":"72","action":"72","name":"View Sales Order","uid":"67"},{"id_application_action":"73","action":"73","name":"Create Sales Order","uid":"68"},{"id_application_action":"74","action":"74","name":"Edit Sales Order","uid":"69"},{"id_application_action":"75","action":"75","name":"Delete Sales Order","uid":"70"},{"id_application_action":"76","action":"76","name":"Save Sales Order","uid":"71"},{"id_application_action":"77","action":"77","name":"View Material Request","uid":"72"},{"id_application_action":"78","action":"78","name":"Create Material Request","uid":"73"},{"id_application_action":"79","action":"79","name":"Edit Material Request","uid":"74"},{"id_application_action":"80","action":"80","name":"Delete Material Request","uid":"75"},{"id_application_action":"81","action":"81","name":"Save Material Request","uid":"76"},{"id_application_action":"83","action":"83","name":"View Delivery Note","uid":"77"},{"id_application_action":"84","action":"84","name":"Create Delivery Note","uid":"78"},{"id_application_action":"85","action":"85","name":"Edit Delivery Note","uid":"79"},{"id_application_action":"86","action":"86","name":"Delete Delivery Note","uid":"80"},{"id_application_action":"87","action":"87","name":"Save\\/Edit Delivery Note","uid":"81"},{"id_application_action":"88","action":"88","name":"View Unit Measure","uid":"82"},{"id_application_action":"89","action":"89","name":"Create Unit Measure","uid":"83"},{"id_application_action":"90","action":"90","name":"Edit Unit Measure","uid":"84"},{"id_application_action":"91","action":"91","name":"Delete Unit Measure","uid":"85"},{"id_application_action":"92","action":"92","name":"Save\\/Edit Unit Measure","uid":"86"},{"id_application_action":"94","action":"94","name":"View Employee","uid":"87"},{"id_application_action":"95","action":"95","name":"Create Employee","uid":"88"},{"id_application_action":"96","action":"96","name":"Edit Employee","uid":"89"},{"id_application_action":"97","action":"97","name":"Delete Employee","uid":"90"},{"id_application_action":"98","action":"98","name":"Save\\/Edit Employee","uid":"91"},{"id_application_action":"99","action":"99","name":"Validate PO","uid":"92"},{"id_application_action":"100","action":"100","name":"Create Database Interface","uid":"93"},{"id_application_action":"101","action":"101","name":"Edit Database Interface","uid":"94"},{"id_application_action":"102","action":"102","name":"Delete Database Interface","uid":"95"},{"id_application_action":"103","action":"103","name":"Save \\/ Edit Database Interface","uid":"96"},{"id_application_action":"104","action":"104","name":"View Database Field Interface","uid":"97"},{"id_application_action":"105","action":"105","name":"Create Database Field Interface","uid":"98"},{"id_application_action":"106","action":"106","name":"Edit Database Field Interface","uid":"99"},{"id_application_action":"107","action":"107","name":"Delete Database Field Interface","uid":"100"},{"id_application_action":"108","action":"108","name":"Save \\/ Edit Database Field Interface","uid":"101"},{"id_application_action":"109","name":"View Inquiry","uid":"102","id":"102"},{"id_application_action":"110","name":"Create Inquiry","uid":"103","id":"103"},{"id_application_action":"111","name":"Edit Inquiry","uid":"104","id":"104"},{"id_application_action":"112","name":"Delete Inquiry","uid":"105","id":"105"},{"id_application_action":"113","name":"Save\\/Edit Inquiry","uid":"106","id":"106"},{"id_application_action":"114","name":"View Survey \\/ Assessment","uid":"107","id":"107"},{"id_application_action":"115","name":"Create Survey \\/ Assessment","uid":"108","id":"108"},{"id_application_action":"116","name":"Edit Survey \\/ Assessment","uid":"109","id":"109"},{"id_application_action":"117","name":"Delete Survey \\/ Assessment","uid":"110","id":"110"},{"id_application_action":"118","name":"Save\\/Edit Survey \\/ Assessment","uid":"111","id":"111"},{"id_application_action":"119","name":"View Quotation","uid":"112","id":"112"},{"id_application_action":"120","name":"Create Quotation","uid":"113","id":"113"},{"id_application_action":"121","name":"Edit Quotation","uid":"114","id":"114"},{"id_application_action":"122","name":"Delete Quotation","uid":"115","id":"115"},{"id_application_action":"123","name":"Save\\/Edit Quotation","uid":"116","id":"116"},{"id_application_action":"124","name":"View Project Contract","uid":"117","id":"117"},{"id_application_action":"125","name":"Create Project Contract","uid":"118","id":"118"},{"id_application_action":"126","name":"Edit Project Contract","uid":"119","id":"119"},{"id_application_action":"127","name":"Delete Project Contract","uid":"120","id":"120"},{"id_application_action":"128","name":"Save\\/Edit Project Contract","uid":"121","id":"121"},{"id_application_action":"129","name":"View Work Order","uid":"122","id":"122"},{"id_application_action":"130","name":"Create Work Order","uid":"123","id":"123"},{"id_application_action":"131","name":"Edit Work Order","uid":"124","id":"124"},{"id_application_action":"132","name":"Delete Work Order","uid":"125","id":"125"},{"id_application_action":"133","name":"Save\\/Edit Work Order","uid":"126","id":"126"},{"id_application_action":"134","name":"View Assessment Template","uid":"127","id":"127"},{"id_application_action":"135","name":"Create Assessment Template","uid":"128","id":"128"},{"id_application_action":"136","name":"Edit Assessment Template","uid":"129","id":"129"},{"id_application_action":"137","name":"Delete Assessment Template","uid":"130","id":"130"},{"id_application_action":"138","name":"Save\\/Edit Assessment Template","uid":"131","id":"131"},{"id_application_action":"139","name":"View Contract Template","uid":"132","id":"132"},{"id_application_action":"140","name":"Create Contract Template","uid":"133","id":"133"},{"id_application_action":"141","name":"Edit Contract Template","uid":"134","id":"134"},{"id_application_action":"142","name":"Delete Contract Template","uid":"135","id":"135"},{"id_application_action":"143","name":"Save\\/Edit Contract Template","uid":"136","id":"136"},{"id_application_action":"144","name":"View Work Schedule","uid":"137","id":"137"},{"id_application_action":"145","name":"Create Work Schedule","uid":"138","id":"138"},{"id_application_action":"146","name":"Edit Work Schedule","uid":"139","id":"139"},{"id_application_action":"147","name":"Delete Work Schedule","uid":"140","id":"140"},{"id_application_action":"148","name":"Save\\/Edit Work Schedule","uid":"141","id":"141"},{"id_application_action":"149","name":"View SO Assignment","uid":"142","id":"142"},{"id_application_action":"150","name":"Create SO Assignment","uid":"143","id":"143"},{"id_application_action":"151","name":"Edit SO Assignment","uid":"144","id":"144"},{"id_application_action":"152","name":"Delete SO Assignment","uid":"145","id":"145"},{"id_application_action":"153","name":"Save\\/Edit SO Assignment","uid":"146","id":"146"},{"id_application_action":"154","name":"View Shift Change","uid":"147","id":"147"},{"id_application_action":"155","name":"Create Shift Change","uid":"148","id":"148"},{"id_application_action":"156","name":"Edit Shift Change","uid":"149","id":"149"},{"id_application_action":"223","name":"Save\\/Edit Salary Setting","uid":"150","id":"150"},{"id_application_action":"222","name":"Delete Salary Setting","uid":"151","id":"151"},{"id_application_action":"221","name":"Edit Salary Setting","uid":"152","id":"152"},{"id_application_action":"220","name":"Create Salary Setting","uid":"153","id":"153"},{"id_application_action":"219","name":"View Salary Setting","uid":"154","id":"154"},{"id_application_action":"157","name":"Delete Shift Change","uid":"155","id":"155"},{"id_application_action":"158","name":"Save\\/Edit Shift Change","uid":"156","id":"156"},{"id_application_action":"159","name":"View Leave Application","uid":"157","id":"157"},{"id_application_action":"160","name":"Create Leave Application","uid":"158","id":"158"},{"id_application_action":"161","name":"Edit Leave Application","uid":"159","id":"159"},{"id_application_action":"162","name":"Delete Leave Application","uid":"160","id":"160"},{"id_application_action":"163","name":"Save\\/Edit Leave Application","uid":"161","id":"161"},{"id_application_action":"164","name":"View Timesheet (Recap)","uid":"162","id":"162"},{"id_application_action":"165","name":"Create Timesheet (Recap)","uid":"163","id":"163"},{"id_application_action":"166","name":"Edit Timesheet (Recap)","uid":"164","id":"164"},{"id_application_action":"167","name":"Delete Timesheet (Recap)","uid":"165","id":"165"},{"id_application_action":"168","name":"Save\\/Edit Timesheet (Recap)","uid":"166","id":"166"},{"id_application_action":"169","name":"View SO Timesheet","uid":"167","id":"167"},{"id_application_action":"170","name":"Create SO Timesheet","uid":"168","id":"168"},{"id_application_action":"171","name":"Edit SO Timesheet","uid":"169","id":"169"},{"id_application_action":"172","name":"Delete SO Timesheet","uid":"170","id":"170"},{"id_application_action":"173","name":"Save\\/Edit SO Timesheet","uid":"171","id":"171"},{"id_application_action":"174","name":"View Incident Report","uid":"172","id":"172"},{"id_application_action":"175","name":"Create Incident Report","uid":"173","id":"173"},{"id_application_action":"176","name":"Edit Incident Report","uid":"174","id":"174"},{"id_application_action":"177","name":"Delete Incident Report","uid":"175","id":"175"},{"id_application_action":"178","name":"Save\\/Edit Incident Report","uid":"176","id":"176"},{"id_application_action":"179","name":"View Payroll","uid":"177","id":"177"},{"id_application_action":"180","name":"Create Payroll","uid":"178","id":"178"},{"id_application_action":"181","name":"Edit Payroll","uid":"179","id":"179"},{"id_application_action":"182","name":"Delete Payroll","uid":"180","id":"180"},{"id_application_action":"183","name":"Save\\/Edit Payroll","uid":"181","id":"181"},{"id_application_action":"184","name":"View Supplier Invoice","uid":"182","id":"182"},{"id_application_action":"185","name":"Create Supplier Invoice","uid":"183","id":"183"},{"id_application_action":"186","name":"Edit Supplier Invoice","uid":"184","id":"184"},{"id_application_action":"187","name":"Delete Supplier Invoice","uid":"185","id":"185"},{"id_application_action":"188","name":"Save\\/Edit Supplier Invoice","uid":"186","id":"186"},{"id_application_action":"189","name":"View Customer Invoice","uid":"187","id":"187"},{"id_application_action":"190","name":"Create Customer Invoice","uid":"188","id":"188"},{"id_application_action":"191","name":"Edit Customer Invoice","uid":"189","id":"189"},{"id_application_action":"192","name":"Delete Customer Invoice","uid":"190","id":"190"},{"id_application_action":"193","name":"Save\\/Edit Customer Invoice","uid":"191","id":"191"},{"id_application_action":"194","name":"View Bank Statement","uid":"192","id":"192"},{"id_application_action":"195","name":"Create Bank Statement","uid":"193","id":"193"},{"id_application_action":"196","name":"Edit Bank Statement","uid":"194","id":"194"},{"id_application_action":"197","name":"Delete Bank Statement","uid":"195","id":"195"},{"id_application_action":"198","name":"Save\\/Edit Bank Statement","uid":"196","id":"196"},{"id_application_action":"199","name":"View Cash Register","uid":"197","id":"197"},{"id_application_action":"200","name":"Create Cash Register","uid":"198","id":"198"},{"id_application_action":"201","name":"Edit Cash Register","uid":"199","id":"199"},{"id_application_action":"202","name":"Delete Cash Register","uid":"200","id":"200"},{"id_application_action":"203","name":"Save\\/Edit Cash Register","uid":"201","id":"201"},{"id_application_action":"204","name":"View Tax","uid":"202","id":"202"},{"id_application_action":"205","name":"Create Tax","uid":"203","id":"203"},{"id_application_action":"206","name":"Edit Tax","uid":"204","id":"204"},{"id_application_action":"207","name":"Delete Tax","uid":"205","id":"205"},{"id_application_action":"208","name":"Save\\/Edit Tax","uid":"206","id":"206"},{"id_application_action":"209","name":"View Chart of Account","uid":"207","id":"207"},{"id_application_action":"210","name":"Create Chart of Account","uid":"208","id":"208"},{"id_application_action":"211","name":"Edit Chart of Account","uid":"209","id":"209"},{"id_application_action":"212","name":"Delete Chart of Account","uid":"210","id":"210"},{"id_application_action":"213","name":"Save\\/Edit Chart of Account","uid":"211","id":"211"},{"id_application_action":"214","name":"View Employee Salary","uid":"212","id":"212"},{"id_application_action":"215","name":"Create Employee Salary","uid":"213","id":"213"},{"id_application_action":"216","name":"Edit Employee Salary","uid":"214","id":"214"},{"id_application_action":"217","name":"Delete Employee Salary","uid":"215","id":"215"},{"id_application_action":"218","name":"Save\\/Edit Employee Salary","uid":"216","id":"216"}],"is_edit":"true","id_role":"1"}', '2015-01-02 10:43:09'),
(21, 'Validate PO', 'po', NULL, 2, 'Validate PO', 99, '{"id_po":null,"status":"open"}', '2015-01-02 09:48:01'),
(22, 'Validate PO', 'po', NULL, 2, 'Validate PO', 99, '{"id_po":null,"status":"open"}', '2015-01-02 09:48:23'),
(23, 'Save/Edit Action', 'action', NULL, 2, 'Save/Edit Action', 10, '{"name":"View Database Interface","controller":"database_interface","function_exec":"","function_args":"","view_type":"gridview","view_file":"database_interface_list","prefix":"","action_type":"view","action_button":"crud","target_action":"","use_log":"0","is_edit":"false","id_edit":""}', '2015-01-02 09:49:54'),
(24, 'Save/Edit Action', 'action', NULL, 2, 'Save/Edit Action', 10, '{"name":"Delete Database Interface","controller":"database_interface","function_exec":"delete_database_interface","function_args":"","view_type":"no_view","view_file":"","prefix":"","action_type":"delete","action_button":"crud","target_action":"224","use_log":"0","is_edit":"true","id_edit":"102"}', '2015-01-02 09:50:25'),
(25, 'Save/Edit Action', 'action', NULL, 2, 'Save/Edit Action', 10, '{"name":"Save \\/ Edit Database Interface","controller":"Database Interface","function_exec":"save_database_interface","function_args":"","view_type":"no_view","view_file":"","prefix":"","action_type":"create","action_button":"crud","target_action":"224","use_log":"0","is_edit":"true","id_edit":"103"}', '2015-01-02 09:50:50'),
(26, 'Validate PO', 'po', NULL, 2, 'Validate PO', 99, '{"id_po":null,"status":"open"}', '2015-01-02 09:50:56'),
(27, 'Save/Edit Side Menu', 'side_menu', NULL, 2, 'Save/Edit Side Menu', 9, '{}', '2015-01-02 09:51:40'),
(28, 'Validate PO', 'po', NULL, 2, 'Validate PO', 99, '{"id_po":null,"status":"open"}', '2015-01-02 09:51:46');
INSERT INTO `activity_log` (`id_log`, `activity`, `object`, `object_id`, `user`, `description`, `action`, `field_data`, `date_create`) VALUES
(29, 'Save/Edit Role', 'role', NULL, 2, 'Save/Edit Role', 20, '{"name":"administrator","action_detail":[{"id_application_action":"1","action":"1","name":"View Application Action","uid":"0"},{"id_application_action":"2","action":"2","name":"Create Application Action","uid":"1"},{"id_application_action":"3","action":"3","name":"Edit Application Action","uid":"2"},{"id_application_action":"4","action":"4","name":"Delete Application Action","uid":"3"},{"id_application_action":"5","action":"5","name":"View Side Menu","uid":"4"},{"id_application_action":"6","action":"6","name":"Create Side Menu","uid":"5"},{"id_application_action":"7","action":"7","name":"Edit Side Menu","uid":"6"},{"id_application_action":"8","action":"8","name":"Delete Side Menu","uid":"7"},{"id_application_action":"9","action":"9","name":"Save\\/Edit Side Menu","uid":"8"},{"id_application_action":"10","action":"10","name":"Save\\/Edit Action","uid":"9"},{"id_application_action":"11","action":"11","name":"View Division","uid":"10"},{"id_application_action":"12","action":"12","name":"Create Division","uid":"11"},{"id_application_action":"13","action":"13","name":"Save\\/Edit Division","uid":"12"},{"id_application_action":"14","action":"14","name":"Edit Division","uid":"13"},{"id_application_action":"15","action":"15","name":"Delete Division","uid":"14"},{"id_application_action":"16","action":"16","name":"View Role","uid":"15"},{"id_application_action":"17","action":"17","name":"View Create Role","uid":"16"},{"id_application_action":"18","action":"18","name":"View Edit Role","uid":"17"},{"id_application_action":"19","action":"19","name":"Delete Role","uid":"18"},{"id_application_action":"20","action":"20","name":"Save\\/Edit Role","uid":"19"},{"id_application_action":"21","action":"21","name":"View Product","uid":"20"},{"id_application_action":"22","action":"22","name":"Create Product","uid":"21"},{"id_application_action":"23","action":"23","name":"Edit Product","uid":"22"},{"id_application_action":"24","action":"24","name":"Delete Product","uid":"23"},{"id_application_action":"25","action":"25","name":"Save\\/Edit Product","uid":"24"},{"id_application_action":"26","action":"26","name":"View Supplier","uid":"25"},{"id_application_action":"27","action":"27","name":"Create Supplier","uid":"26"},{"id_application_action":"28","action":"28","name":"Edit Supplier","uid":"27"},{"id_application_action":"29","action":"29","name":"Delete Supplier","uid":"28"},{"id_application_action":"30","action":"30","name":"Save\\/Edit Supplier","uid":"29"},{"id_application_action":"31","action":"31","name":"View Product Category","uid":"30"},{"id_application_action":"32","action":"32","name":"Create Product Category","uid":"31"},{"id_application_action":"33","action":"33","name":"Edit Product Category","uid":"32"},{"id_application_action":"34","action":"34","name":"Delete Product Category","uid":"33"},{"id_application_action":"35","action":"35","name":"Save\\/Edit Product Category","uid":"34"},{"id_application_action":"36","action":"36","name":"View Merk","uid":"35"},{"id_application_action":"37","action":"37","name":"Create Merk","uid":"36"},{"id_application_action":"38","action":"38","name":"Edit Merk","uid":"37"},{"id_application_action":"39","action":"39","name":"Delete Merk","uid":"38"},{"id_application_action":"40","action":"40","name":"Save\\/Edit Merk","uid":"39"},{"id_application_action":"41","action":"41","name":"View Customer","uid":"40"},{"id_application_action":"43","action":"43","name":"Create Customer","uid":"41"},{"id_application_action":"44","action":"44","name":"Edit Customer","uid":"42"},{"id_application_action":"45","action":"45","name":"Delete Customer","uid":"43"},{"id_application_action":"46","action":"46","name":"Save\\/Edit Customer","uid":"44"},{"id_application_action":"47","action":"47","name":"View Warehouse","uid":"45"},{"id_application_action":"48","action":"48","name":"Create Warehouse","uid":"46"},{"id_application_action":"49","action":"49","name":"Edit Warehouse","uid":"47"},{"id_application_action":"50","action":"50","name":"Delete Warehouse","uid":"48"},{"id_application_action":"51","action":"51","name":"Save\\/Edit Warehouse","uid":"49"},{"id_application_action":"57","action":"57","name":"View PO","uid":"50"},{"id_application_action":"58","action":"58","name":"Create PO","uid":"51"},{"id_application_action":"59","action":"59","name":"Edit PO","uid":"52"},{"id_application_action":"60","action":"60","name":"Delete PO","uid":"53"},{"id_application_action":"61","action":"61","name":"Save\\/Edit PO","uid":"54"},{"id_application_action":"62","action":"62","name":"View User","uid":"55"},{"id_application_action":"63","action":"63","name":"Create User","uid":"56"},{"id_application_action":"64","action":"64","name":"Edit User","uid":"57"},{"id_application_action":"65","action":"65","name":"Delete User","uid":"58"},{"id_application_action":"66","action":"66","name":"Save\\/Edit User","uid":"59"},{"id_application_action":"82","action":"82","name":"Change User Password","uid":"60"},{"id_application_action":"93","action":"93","name":"View Stock","uid":"61"},{"id_application_action":"67","action":"67","name":"View Good Receive","uid":"62"},{"id_application_action":"68","action":"68","name":"Create Good Receive","uid":"63"},{"id_application_action":"69","action":"69","name":"Edit Good Receive","uid":"64"},{"id_application_action":"70","action":"70","name":"Delete Good Receive","uid":"65"},{"id_application_action":"71","action":"71","name":"Save\\/Edit Good Receive","uid":"66"},{"id_application_action":"72","action":"72","name":"View Sales Order","uid":"67"},{"id_application_action":"73","action":"73","name":"Create Sales Order","uid":"68"},{"id_application_action":"74","action":"74","name":"Edit Sales Order","uid":"69"},{"id_application_action":"75","action":"75","name":"Delete Sales Order","uid":"70"},{"id_application_action":"76","action":"76","name":"Save Sales Order","uid":"71"},{"id_application_action":"77","action":"77","name":"View Material Request","uid":"72"},{"id_application_action":"78","action":"78","name":"Create Material Request","uid":"73"},{"id_application_action":"79","action":"79","name":"Edit Material Request","uid":"74"},{"id_application_action":"80","action":"80","name":"Delete Material Request","uid":"75"},{"id_application_action":"81","action":"81","name":"Save Material Request","uid":"76"},{"id_application_action":"83","action":"83","name":"View Delivery Note","uid":"77"},{"id_application_action":"84","action":"84","name":"Create Delivery Note","uid":"78"},{"id_application_action":"85","action":"85","name":"Edit Delivery Note","uid":"79"},{"id_application_action":"86","action":"86","name":"Delete Delivery Note","uid":"80"},{"id_application_action":"87","action":"87","name":"Save\\/Edit Delivery Note","uid":"81"},{"id_application_action":"88","action":"88","name":"View Unit Measure","uid":"82"},{"id_application_action":"89","action":"89","name":"Create Unit Measure","uid":"83"},{"id_application_action":"90","action":"90","name":"Edit Unit Measure","uid":"84"},{"id_application_action":"91","action":"91","name":"Delete Unit Measure","uid":"85"},{"id_application_action":"92","action":"92","name":"Save\\/Edit Unit Measure","uid":"86"},{"id_application_action":"94","action":"94","name":"View Employee","uid":"87"},{"id_application_action":"95","action":"95","name":"Create Employee","uid":"88"},{"id_application_action":"96","action":"96","name":"Edit Employee","uid":"89"},{"id_application_action":"97","action":"97","name":"Delete Employee","uid":"90"},{"id_application_action":"98","action":"98","name":"Save\\/Edit Employee","uid":"91"},{"id_application_action":"99","action":"99","name":"Validate PO","uid":"92"},{"id_application_action":"100","action":"100","name":"Create Database Interface","uid":"93"},{"id_application_action":"101","action":"101","name":"Edit Database Interface","uid":"94"},{"id_application_action":"102","action":"102","name":"Delete Database Interface","uid":"95"},{"id_application_action":"103","action":"103","name":"Save \\/ Edit Database Interface","uid":"96"},{"id_application_action":"104","action":"104","name":"View Database Field Interface","uid":"97"},{"id_application_action":"105","action":"105","name":"Create Database Field Interface","uid":"98"},{"id_application_action":"106","action":"106","name":"Edit Database Field Interface","uid":"99"},{"id_application_action":"107","action":"107","name":"Delete Database Field Interface","uid":"100"},{"id_application_action":"108","action":"108","name":"Save \\/ Edit Database Field Interface","uid":"101"},{"id_application_action":"109","action":"109","name":"View Inquiry","uid":"102"},{"id_application_action":"110","action":"110","name":"Create Inquiry","uid":"103"},{"id_application_action":"111","action":"111","name":"Edit Inquiry","uid":"104"},{"id_application_action":"112","action":"112","name":"Delete Inquiry","uid":"105"},{"id_application_action":"113","action":"113","name":"Save\\/Edit Inquiry","uid":"106"},{"id_application_action":"114","action":"114","name":"View Survey \\/ Assessment","uid":"107"},{"id_application_action":"115","action":"115","name":"Create Survey \\/ Assessment","uid":"108"},{"id_application_action":"116","action":"116","name":"Edit Survey \\/ Assessment","uid":"109"},{"id_application_action":"117","action":"117","name":"Delete Survey \\/ Assessment","uid":"110"},{"id_application_action":"118","action":"118","name":"Save\\/Edit Survey \\/ Assessment","uid":"111"},{"id_application_action":"119","action":"119","name":"View Quotation","uid":"112"},{"id_application_action":"120","action":"120","name":"Create Quotation","uid":"113"},{"id_application_action":"121","action":"121","name":"Edit Quotation","uid":"114"},{"id_application_action":"122","action":"122","name":"Delete Quotation","uid":"115"},{"id_application_action":"123","action":"123","name":"Save\\/Edit Quotation","uid":"116"},{"id_application_action":"124","action":"124","name":"View Project Contract","uid":"117"},{"id_application_action":"125","action":"125","name":"Create Project Contract","uid":"118"},{"id_application_action":"126","action":"126","name":"Edit Project Contract","uid":"119"},{"id_application_action":"127","action":"127","name":"Delete Project Contract","uid":"120"},{"id_application_action":"128","action":"128","name":"Save\\/Edit Project Contract","uid":"121"},{"id_application_action":"129","action":"129","name":"View Work Order","uid":"122"},{"id_application_action":"130","action":"130","name":"Create Work Order","uid":"123"},{"id_application_action":"131","action":"131","name":"Edit Work Order","uid":"124"},{"id_application_action":"132","action":"132","name":"Delete Work Order","uid":"125"},{"id_application_action":"133","action":"133","name":"Save\\/Edit Work Order","uid":"126"},{"id_application_action":"134","action":"134","name":"View Assessment Template","uid":"127"},{"id_application_action":"135","action":"135","name":"Create Assessment Template","uid":"128"},{"id_application_action":"136","action":"136","name":"Edit Assessment Template","uid":"129"},{"id_application_action":"137","action":"137","name":"Delete Assessment Template","uid":"130"},{"id_application_action":"138","action":"138","name":"Save\\/Edit Assessment Template","uid":"131"},{"id_application_action":"139","action":"139","name":"View Contract Template","uid":"132"},{"id_application_action":"140","action":"140","name":"Create Contract Template","uid":"133"},{"id_application_action":"141","action":"141","name":"Edit Contract Template","uid":"134"},{"id_application_action":"142","action":"142","name":"Delete Contract Template","uid":"135"},{"id_application_action":"143","action":"143","name":"Save\\/Edit Contract Template","uid":"136"},{"id_application_action":"144","action":"144","name":"View Work Schedule","uid":"137"},{"id_application_action":"145","action":"145","name":"Create Work Schedule","uid":"138"},{"id_application_action":"146","action":"146","name":"Edit Work Schedule","uid":"139"},{"id_application_action":"147","action":"147","name":"Delete Work Schedule","uid":"140"},{"id_application_action":"148","action":"148","name":"Save\\/Edit Work Schedule","uid":"141"},{"id_application_action":"149","action":"149","name":"View SO Assignment","uid":"142"},{"id_application_action":"150","action":"150","name":"Create SO Assignment","uid":"143"},{"id_application_action":"151","action":"151","name":"Edit SO Assignment","uid":"144"},{"id_application_action":"152","action":"152","name":"Delete SO Assignment","uid":"145"},{"id_application_action":"153","action":"153","name":"Save\\/Edit SO Assignment","uid":"146"},{"id_application_action":"154","action":"154","name":"View Shift Change","uid":"147"},{"id_application_action":"155","action":"155","name":"Create Shift Change","uid":"148"},{"id_application_action":"156","action":"156","name":"Edit Shift Change","uid":"149"},{"id_application_action":"223","action":"223","name":"Save\\/Edit Salary Setting","uid":"150"},{"id_application_action":"222","action":"222","name":"Delete Salary Setting","uid":"151"},{"id_application_action":"221","action":"221","name":"Edit Salary Setting","uid":"152"},{"id_application_action":"220","action":"220","name":"Create Salary Setting","uid":"153"},{"id_application_action":"219","action":"219","name":"View Salary Setting","uid":"154"},{"id_application_action":"157","action":"157","name":"Delete Shift Change","uid":"155"},{"id_application_action":"158","action":"158","name":"Save\\/Edit Shift Change","uid":"156"},{"id_application_action":"159","action":"159","name":"View Leave Application","uid":"157"},{"id_application_action":"160","action":"160","name":"Create Leave Application","uid":"158"},{"id_application_action":"161","action":"161","name":"Edit Leave Application","uid":"159"},{"id_application_action":"162","action":"162","name":"Delete Leave Application","uid":"160"},{"id_application_action":"163","action":"163","name":"Save\\/Edit Leave Application","uid":"161"},{"id_application_action":"164","action":"164","name":"View Timesheet (Recap)","uid":"162"},{"id_application_action":"165","action":"165","name":"Create Timesheet (Recap)","uid":"163"},{"id_application_action":"166","action":"166","name":"Edit Timesheet (Recap)","uid":"164"},{"id_application_action":"167","action":"167","name":"Delete Timesheet (Recap)","uid":"165"},{"id_application_action":"168","action":"168","name":"Save\\/Edit Timesheet (Recap)","uid":"166"},{"id_application_action":"169","action":"169","name":"View SO Timesheet","uid":"167"},{"id_application_action":"170","action":"170","name":"Create SO Timesheet","uid":"168"},{"id_application_action":"171","action":"171","name":"Edit SO Timesheet","uid":"169"},{"id_application_action":"172","action":"172","name":"Delete SO Timesheet","uid":"170"},{"id_application_action":"173","action":"173","name":"Save\\/Edit SO Timesheet","uid":"171"},{"id_application_action":"174","action":"174","name":"View Incident Report","uid":"172"},{"id_application_action":"175","action":"175","name":"Create Incident Report","uid":"173"},{"id_application_action":"176","action":"176","name":"Edit Incident Report","uid":"174"},{"id_application_action":"177","action":"177","name":"Delete Incident Report","uid":"175"},{"id_application_action":"178","action":"178","name":"Save\\/Edit Incident Report","uid":"176"},{"id_application_action":"179","action":"179","name":"View Payroll","uid":"177"},{"id_application_action":"180","action":"180","name":"Create Payroll","uid":"178"},{"id_application_action":"181","action":"181","name":"Edit Payroll","uid":"179"},{"id_application_action":"182","action":"182","name":"Delete Payroll","uid":"180"},{"id_application_action":"183","action":"183","name":"Save\\/Edit Payroll","uid":"181"},{"id_application_action":"184","action":"184","name":"View Supplier Invoice","uid":"182"},{"id_application_action":"185","action":"185","name":"Create Supplier Invoice","uid":"183"},{"id_application_action":"186","action":"186","name":"Edit Supplier Invoice","uid":"184"},{"id_application_action":"187","action":"187","name":"Delete Supplier Invoice","uid":"185"},{"id_application_action":"188","action":"188","name":"Save\\/Edit Supplier Invoice","uid":"186"},{"id_application_action":"189","action":"189","name":"View Customer Invoice","uid":"187"},{"id_application_action":"190","action":"190","name":"Create Customer Invoice","uid":"188"},{"id_application_action":"191","action":"191","name":"Edit Customer Invoice","uid":"189"},{"id_application_action":"192","action":"192","name":"Delete Customer Invoice","uid":"190"},{"id_application_action":"193","action":"193","name":"Save\\/Edit Customer Invoice","uid":"191"},{"id_application_action":"194","action":"194","name":"View Bank Statement","uid":"192"},{"id_application_action":"195","action":"195","name":"Create Bank Statement","uid":"193"},{"id_application_action":"196","action":"196","name":"Edit Bank Statement","uid":"194"},{"id_application_action":"197","action":"197","name":"Delete Bank Statement","uid":"195"},{"id_application_action":"198","action":"198","name":"Save\\/Edit Bank Statement","uid":"196"},{"id_application_action":"199","action":"199","name":"View Cash Register","uid":"197"},{"id_application_action":"200","action":"200","name":"Create Cash Register","uid":"198"},{"id_application_action":"201","action":"201","name":"Edit Cash Register","uid":"199"},{"id_application_action":"202","action":"202","name":"Delete Cash Register","uid":"200"},{"id_application_action":"203","action":"203","name":"Save\\/Edit Cash Register","uid":"201"},{"id_application_action":"204","action":"204","name":"View Tax","uid":"202"},{"id_application_action":"205","action":"205","name":"Create Tax","uid":"203"},{"id_application_action":"206","action":"206","name":"Edit Tax","uid":"204"},{"id_application_action":"207","action":"207","name":"Delete Tax","uid":"205"},{"id_application_action":"208","action":"208","name":"Save\\/Edit Tax","uid":"206"},{"id_application_action":"209","action":"209","name":"View Chart of Account","uid":"207"},{"id_application_action":"210","action":"210","name":"Create Chart of Account","uid":"208"},{"id_application_action":"211","action":"211","name":"Edit Chart of Account","uid":"209"},{"id_application_action":"212","action":"212","name":"Delete Chart of Account","uid":"210"},{"id_application_action":"213","action":"213","name":"Save\\/Edit Chart of Account","uid":"211"},{"id_application_action":"214","action":"214","name":"View Employee Salary","uid":"212"},{"id_application_action":"215","action":"215","name":"Create Employee Salary","uid":"213"},{"id_application_action":"216","action":"216","name":"Edit Employee Salary","uid":"214"},{"id_application_action":"217","action":"217","name":"Delete Employee Salary","uid":"215"},{"id_application_action":"218","action":"218","name":"Save\\/Edit Employee Salary","uid":"216"},{"id_application_action":"224","name":"View Database Interface","uid":"217","id":"217"}],"is_edit":"true","id_role":"1"}', '2015-01-02 09:52:35'),
(30, 'Save/Edit Action', 'action', NULL, 2, 'Save/Edit Action', 10, '{"name":"Pick Assessment Template","controller":"assessment_template","function_exec":"init_pick_assessment_template","function_args":"","view_type":"form","view_file":"assessment_template_dialog","prefix":"","action_type":"view","action_button":"crud","target_action":"115","use_log":"0","is_edit":"false","id_edit":""}', '2015-01-03 11:00:14'),
(31, 'Delete Side Menu', 'side_menu', NULL, 2, 'Delete Side Menu', 8, '{}', '2015-01-03 23:42:15'),
(32, 'Save/Edit Side Menu', 'side_menu', NULL, 2, 'Save/Edit Side Menu', 9, '{}', '2015-01-03 23:42:37'),
(33, 'Save/Edit Action', 'action', NULL, 2, 'Save/Edit Action', 10, '{"name":"Create Customer","controller":"customer","function_exec":"init_create_customer","function_args":"","view_type":"form","view_file":"customer_ce","prefix":"","action_type":"view","action_button":"save_discard","target_action":"","use_log":"0","is_edit":"true","id_edit":"43"}', '2015-01-04 09:10:18'),
(34, 'Save/Edit Customer', 'customer', NULL, 2, 'Save/Edit Customer', 46, '{}', '2015-01-04 10:03:30'),
(35, 'Save/Edit Action', 'action', NULL, 2, 'Save/Edit Action', 10, '{"name":"View Organisation Structure","controller":"organisation_structure","function_exec":"","function_args":"","view_type":"gridview","view_file":"organisation_structure_list","prefix":"","action_type":"view","action_button":"crud","target_action":"","use_log":"0","is_edit":"false","id_edit":""}', '2015-01-05 14:13:37'),
(36, 'Save/Edit Action', 'action', NULL, 2, 'Save/Edit Action', 10, '{"name":"Create Organisation Structure","controller":"organisation_structure","function_exec":"init_create_organisation_structure","function_args":"","view_type":"form","view_file":"organisation_structure_ce","prefix":"","action_type":"view","action_button":"save_discard","target_action":"","use_log":"0","is_edit":"false","id_edit":""}', '2015-01-05 14:16:38'),
(37, 'Save/Edit Action', 'action', NULL, 2, 'Save/Edit Action', 10, '{"name":"Edit Organisation Structure","controller":"organisation_structure","function_exec":"init_edit_organisation_structure","function_args":"id","view_type":"form","view_file":"organisation_structure_ce","prefix":"","action_type":"view","action_button":"save_discard","target_action":"","use_log":"0","is_edit":"false","id_edit":""}', '2015-01-05 14:42:21'),
(38, 'Save/Edit Action', 'action', NULL, 2, 'Save/Edit Action', 10, '{"name":"Delete Organisation Structure","controller":"organisation_structure","function_exec":"delete_organisation_structure","function_args":"","view_type":"no_view","view_file":"","prefix":"","action_type":"delete","action_button":"crud","target_action":"226","use_log":"1","is_edit":"false","id_edit":""}', '2015-01-05 14:48:55'),
(39, 'Save/Edit Action', 'action', NULL, 2, 'Save/Edit Action', 10, '{"name":"Save\\/Edit Organisation Structure","controller":"organisation_structure","function_exec":"save_organisation_structure","function_args":"","view_type":"no_view","view_file":"","prefix":"","action_type":"create","action_button":"crud","target_action":"226","use_log":"1","is_edit":"false","id_edit":""}', '2015-01-05 15:29:41'),
(40, 'Save/Edit Action', 'action', NULL, 2, 'Save/Edit Action', 10, '{"name":"View Position Level","controller":"position_level","function_exec":"","function_args":"","view_type":"gridview","view_file":"position_level_list","prefix":"","action_type":"view","action_button":"crud","target_action":"","use_log":"0","is_edit":"false","id_edit":""}', '2015-01-05 15:30:41'),
(41, 'Save/Edit Action', 'action', NULL, 2, 'Save/Edit Action', 10, '{"name":"Create Position Level","controller":"position_level","function_exec":"init_create_position_level","function_args":"","view_type":"form","view_file":"position_level_ce","prefix":"","action_type":"view","action_button":"crud","target_action":"","use_log":"0","is_edit":"false","id_edit":""}', '2015-01-05 21:41:56'),
(42, 'Save/Edit Action', 'action', NULL, 2, 'Save/Edit Action', 10, '{"name":"Edit Position Level","controller":"position_level","function_exec":"init_edit_position_level","function_args":"id","view_type":"form","view_file":"position_level_ce","prefix":"","action_type":"view","action_button":"save_discard","target_action":"","use_log":"0","is_edit":"false","id_edit":""}', '2015-01-05 21:42:32'),
(43, 'Save/Edit Action', 'action', NULL, 2, 'Save/Edit Action', 10, '{"name":"Create Position Level","controller":"position_level","function_exec":"init_create_position_level","function_args":"","view_type":"form","view_file":"position_level_ce","prefix":"","action_type":"view","action_button":"save_discard","target_action":"","use_log":"0","is_edit":"true","id_edit":"232"}', '2015-01-05 21:42:46'),
(44, 'Save/Edit Action', 'action', NULL, 2, 'Save/Edit Action', 10, '{"name":"Delete Position Level","controller":"position_level","function_exec":"delete_position_level","function_args":"","view_type":"no_view","view_file":"","prefix":"","action_type":"view","action_button":"crud","target_action":"231","use_log":"1","is_edit":"false","id_edit":""}', '2015-01-05 22:11:28'),
(45, 'Save/Edit Action', 'action', NULL, 2, 'Save/Edit Action', 10, '{"name":"Save\\/Edit Position Level","controller":"position_level","function_exec":"save_position_level","function_args":"","view_type":"no_view","view_file":"","prefix":"","action_type":"create","action_button":"crud","target_action":"231","use_log":"1","is_edit":"false","id_edit":""}', '2015-01-05 22:13:44'),
(46, 'Save/Edit Role', 'role', NULL, 2, 'Save/Edit Role', 20, '{"name":"administrator","action_detail":[{"id_application_action":"1","action":"1","name":"View Application Action","uid":"0"},{"id_application_action":"2","action":"2","name":"Create Application Action","uid":"1"},{"id_application_action":"3","action":"3","name":"Edit Application Action","uid":"2"},{"id_application_action":"4","action":"4","name":"Delete Application Action","uid":"3"},{"id_application_action":"5","action":"5","name":"View Side Menu","uid":"4"},{"id_application_action":"6","action":"6","name":"Create Side Menu","uid":"5"},{"id_application_action":"7","action":"7","name":"Edit Side Menu","uid":"6"},{"id_application_action":"8","action":"8","name":"Delete Side Menu","uid":"7"},{"id_application_action":"9","action":"9","name":"Save\\/Edit Side Menu","uid":"8"},{"id_application_action":"10","action":"10","name":"Save\\/Edit Action","uid":"9"},{"id_application_action":"11","action":"11","name":"View Division","uid":"10"},{"id_application_action":"12","action":"12","name":"Create Division","uid":"11"},{"id_application_action":"13","action":"13","name":"Save\\/Edit Division","uid":"12"},{"id_application_action":"14","action":"14","name":"Edit Division","uid":"13"},{"id_application_action":"15","action":"15","name":"Delete Division","uid":"14"},{"id_application_action":"16","action":"16","name":"View Role","uid":"15"},{"id_application_action":"17","action":"17","name":"View Create Role","uid":"16"},{"id_application_action":"18","action":"18","name":"View Edit Role","uid":"17"},{"id_application_action":"19","action":"19","name":"Delete Role","uid":"18"},{"id_application_action":"20","action":"20","name":"Save\\/Edit Role","uid":"19"},{"id_application_action":"21","action":"21","name":"View Product","uid":"20"},{"id_application_action":"22","action":"22","name":"Create Product","uid":"21"},{"id_application_action":"23","action":"23","name":"Edit Product","uid":"22"},{"id_application_action":"24","action":"24","name":"Delete Product","uid":"23"},{"id_application_action":"25","action":"25","name":"Save\\/Edit Product","uid":"24"},{"id_application_action":"26","action":"26","name":"View Supplier","uid":"25"},{"id_application_action":"27","action":"27","name":"Create Supplier","uid":"26"},{"id_application_action":"28","action":"28","name":"Edit Supplier","uid":"27"},{"id_application_action":"29","action":"29","name":"Delete Supplier","uid":"28"},{"id_application_action":"30","action":"30","name":"Save\\/Edit Supplier","uid":"29"},{"id_application_action":"31","action":"31","name":"View Product Category","uid":"30"},{"id_application_action":"32","action":"32","name":"Create Product Category","uid":"31"},{"id_application_action":"33","action":"33","name":"Edit Product Category","uid":"32"},{"id_application_action":"34","action":"34","name":"Delete Product Category","uid":"33"},{"id_application_action":"35","action":"35","name":"Save\\/Edit Product Category","uid":"34"},{"id_application_action":"36","action":"36","name":"View Merk","uid":"35"},{"id_application_action":"37","action":"37","name":"Create Merk","uid":"36"},{"id_application_action":"38","action":"38","name":"Edit Merk","uid":"37"},{"id_application_action":"39","action":"39","name":"Delete Merk","uid":"38"},{"id_application_action":"40","action":"40","name":"Save\\/Edit Merk","uid":"39"},{"id_application_action":"41","action":"41","name":"View Customer","uid":"40"},{"id_application_action":"43","action":"43","name":"Create Customer","uid":"41"},{"id_application_action":"44","action":"44","name":"Edit Customer","uid":"42"},{"id_application_action":"45","action":"45","name":"Delete Customer","uid":"43"},{"id_application_action":"46","action":"46","name":"Save\\/Edit Customer","uid":"44"},{"id_application_action":"47","action":"47","name":"View Warehouse","uid":"45"},{"id_application_action":"48","action":"48","name":"Create Warehouse","uid":"46"},{"id_application_action":"49","action":"49","name":"Edit Warehouse","uid":"47"},{"id_application_action":"50","action":"50","name":"Delete Warehouse","uid":"48"},{"id_application_action":"51","action":"51","name":"Save\\/Edit Warehouse","uid":"49"},{"id_application_action":"57","action":"57","name":"View PO","uid":"50"},{"id_application_action":"58","action":"58","name":"Create PO","uid":"51"},{"id_application_action":"59","action":"59","name":"Edit PO","uid":"52"},{"id_application_action":"60","action":"60","name":"Delete PO","uid":"53"},{"id_application_action":"61","action":"61","name":"Save\\/Edit PO","uid":"54"},{"id_application_action":"62","action":"62","name":"View User","uid":"55"},{"id_application_action":"63","action":"63","name":"Create User","uid":"56"},{"id_application_action":"64","action":"64","name":"Edit User","uid":"57"},{"id_application_action":"65","action":"65","name":"Delete User","uid":"58"},{"id_application_action":"66","action":"66","name":"Save\\/Edit User","uid":"59"},{"id_application_action":"67","action":"67","name":"View Good Receive","uid":"60"},{"id_application_action":"68","action":"68","name":"Create Good Receive","uid":"61"},{"id_application_action":"69","action":"69","name":"Edit Good Receive","uid":"62"},{"id_application_action":"70","action":"70","name":"Delete Good Receive","uid":"63"},{"id_application_action":"71","action":"71","name":"Save\\/Edit Good Receive","uid":"64"},{"id_application_action":"72","action":"72","name":"View Sales Order","uid":"65"},{"id_application_action":"73","action":"73","name":"Create Sales Order","uid":"66"},{"id_application_action":"74","action":"74","name":"Edit Sales Order","uid":"67"},{"id_application_action":"75","action":"75","name":"Delete Sales Order","uid":"68"},{"id_application_action":"76","action":"76","name":"Save Sales Order","uid":"69"},{"id_application_action":"77","action":"77","name":"View Material Request","uid":"70"},{"id_application_action":"78","action":"78","name":"Create Material Request","uid":"71"},{"id_application_action":"79","action":"79","name":"Edit Material Request","uid":"72"},{"id_application_action":"80","action":"80","name":"Delete Material Request","uid":"73"},{"id_application_action":"81","action":"81","name":"Save Material Request","uid":"74"},{"id_application_action":"82","action":"82","name":"Change User Password","uid":"75"},{"id_application_action":"83","action":"83","name":"View Delivery Note","uid":"76"},{"id_application_action":"84","action":"84","name":"Create Delivery Note","uid":"77"},{"id_application_action":"85","action":"85","name":"Edit Delivery Note","uid":"78"},{"id_application_action":"86","action":"86","name":"Delete Delivery Note","uid":"79"},{"id_application_action":"87","action":"87","name":"Save\\/Edit Delivery Note","uid":"80"},{"id_application_action":"88","action":"88","name":"View Unit Measure","uid":"81"},{"id_application_action":"89","action":"89","name":"Create Unit Measure","uid":"82"},{"id_application_action":"90","action":"90","name":"Edit Unit Measure","uid":"83"},{"id_application_action":"91","action":"91","name":"Delete Unit Measure","uid":"84"},{"id_application_action":"92","action":"92","name":"Save\\/Edit Unit Measure","uid":"85"},{"id_application_action":"93","action":"93","name":"View Stock","uid":"86"},{"id_application_action":"94","action":"94","name":"View Employee","uid":"87"},{"id_application_action":"95","action":"95","name":"Create Employee","uid":"88"},{"id_application_action":"96","action":"96","name":"Edit Employee","uid":"89"},{"id_application_action":"97","action":"97","name":"Delete Employee","uid":"90"},{"id_application_action":"98","action":"98","name":"Save\\/Edit Employee","uid":"91"},{"id_application_action":"99","action":"99","name":"Validate PO","uid":"92"},{"id_application_action":"100","action":"100","name":"Create Database Interface","uid":"93"},{"id_application_action":"101","action":"101","name":"Edit Database Interface","uid":"94"},{"id_application_action":"102","action":"102","name":"Delete Database Interface","uid":"95"},{"id_application_action":"103","action":"103","name":"Save \\/ Edit Database Interface","uid":"96"},{"id_application_action":"104","action":"104","name":"View Database Field Interface","uid":"97"},{"id_application_action":"105","action":"105","name":"Create Database Field Interface","uid":"98"},{"id_application_action":"106","action":"106","name":"Edit Database Field Interface","uid":"99"},{"id_application_action":"107","action":"107","name":"Delete Database Field Interface","uid":"100"},{"id_application_action":"108","action":"108","name":"Save \\/ Edit Database Field Interface","uid":"101"},{"id_application_action":"109","action":"109","name":"View Inquiry","uid":"102"},{"id_application_action":"110","action":"110","name":"Create Inquiry","uid":"103"},{"id_application_action":"111","action":"111","name":"Edit Inquiry","uid":"104"},{"id_application_action":"112","action":"112","name":"Delete Inquiry","uid":"105"},{"id_application_action":"113","action":"113","name":"Save\\/Edit Inquiry","uid":"106"},{"id_application_action":"114","action":"114","name":"View Survey \\/ Assessment","uid":"107"},{"id_application_action":"115","action":"115","name":"Create Survey \\/ Assessment","uid":"108"},{"id_application_action":"116","action":"116","name":"Edit Survey \\/ Assessment","uid":"109"},{"id_application_action":"117","action":"117","name":"Delete Survey \\/ Assessment","uid":"110"},{"id_application_action":"118","action":"118","name":"Save\\/Edit Survey \\/ Assessment","uid":"111"},{"id_application_action":"119","action":"119","name":"View Quotation","uid":"112"},{"id_application_action":"120","action":"120","name":"Create Quotation","uid":"113"},{"id_application_action":"121","action":"121","name":"Edit Quotation","uid":"114"},{"id_application_action":"122","action":"122","name":"Delete Quotation","uid":"115"},{"id_application_action":"123","action":"123","name":"Save\\/Edit Quotation","uid":"116"},{"id_application_action":"124","action":"124","name":"View Project Contract","uid":"117"},{"id_application_action":"125","action":"125","name":"Create Project Contract","uid":"118"},{"id_application_action":"126","action":"126","name":"Edit Project Contract","uid":"119"},{"id_application_action":"127","action":"127","name":"Delete Project Contract","uid":"120"},{"id_application_action":"128","action":"128","name":"Save\\/Edit Project Contract","uid":"121"},{"id_application_action":"129","action":"129","name":"View Work Order","uid":"122"},{"id_application_action":"130","action":"130","name":"Create Work Order","uid":"123"},{"id_application_action":"131","action":"131","name":"Edit Work Order","uid":"124"},{"id_application_action":"132","action":"132","name":"Delete Work Order","uid":"125"},{"id_application_action":"133","action":"133","name":"Save\\/Edit Work Order","uid":"126"},{"id_application_action":"134","action":"134","name":"View Assessment Template","uid":"127"},{"id_application_action":"135","action":"135","name":"Create Assessment Template","uid":"128"},{"id_application_action":"136","action":"136","name":"Edit Assessment Template","uid":"129"},{"id_application_action":"137","action":"137","name":"Delete Assessment Template","uid":"130"},{"id_application_action":"138","action":"138","name":"Save\\/Edit Assessment Template","uid":"131"},{"id_application_action":"139","action":"139","name":"View Contract Template","uid":"132"},{"id_application_action":"140","action":"140","name":"Create Contract Template","uid":"133"},{"id_application_action":"141","action":"141","name":"Edit Contract Template","uid":"134"},{"id_application_action":"142","action":"142","name":"Delete Contract Template","uid":"135"},{"id_application_action":"143","action":"143","name":"Save\\/Edit Contract Template","uid":"136"},{"id_application_action":"144","action":"144","name":"View Work Schedule","uid":"137"},{"id_application_action":"145","action":"145","name":"Create Work Schedule","uid":"138"},{"id_application_action":"146","action":"146","name":"Edit Work Schedule","uid":"139"},{"id_application_action":"147","action":"147","name":"Delete Work Schedule","uid":"140"},{"id_application_action":"148","action":"148","name":"Save\\/Edit Work Schedule","uid":"141"},{"id_application_action":"149","action":"149","name":"View SO Assignment","uid":"142"},{"id_application_action":"150","action":"150","name":"Create SO Assignment","uid":"143"},{"id_application_action":"151","action":"151","name":"Edit SO Assignment","uid":"144"},{"id_application_action":"152","action":"152","name":"Delete SO Assignment","uid":"145"},{"id_application_action":"153","action":"153","name":"Save\\/Edit SO Assignment","uid":"146"},{"id_application_action":"154","action":"154","name":"View Shift Change","uid":"147"},{"id_application_action":"155","action":"155","name":"Create Shift Change","uid":"148"},{"id_application_action":"156","action":"156","name":"Edit Shift Change","uid":"149"},{"id_application_action":"157","action":"157","name":"Delete Shift Change","uid":"150"},{"id_application_action":"158","action":"158","name":"Save\\/Edit Shift Change","uid":"151"},{"id_application_action":"159","action":"159","name":"View Leave Application","uid":"152"},{"id_application_action":"160","action":"160","name":"Create Leave Application","uid":"153"},{"id_application_action":"161","action":"161","name":"Edit Leave Application","uid":"154"},{"id_application_action":"162","action":"162","name":"Delete Leave Application","uid":"155"},{"id_application_action":"163","action":"163","name":"Save\\/Edit Leave Application","uid":"156"},{"id_application_action":"164","action":"164","name":"View Timesheet (Recap)","uid":"157"},{"id_application_action":"165","action":"165","name":"Create Timesheet (Recap)","uid":"158"},{"id_application_action":"166","action":"166","name":"Edit Timesheet (Recap)","uid":"159"},{"id_application_action":"167","action":"167","name":"Delete Timesheet (Recap)","uid":"160"},{"id_application_action":"168","action":"168","name":"Save\\/Edit Timesheet (Recap)","uid":"161"},{"id_application_action":"169","action":"169","name":"View SO Timesheet","uid":"162"},{"id_application_action":"170","action":"170","name":"Create SO Timesheet","uid":"163"},{"id_application_action":"171","action":"171","name":"Edit SO Timesheet","uid":"164"},{"id_application_action":"172","action":"172","name":"Delete SO Timesheet","uid":"165"},{"id_application_action":"173","action":"173","name":"Save\\/Edit SO Timesheet","uid":"166"},{"id_application_action":"174","action":"174","name":"View Incident Report","uid":"167"},{"id_application_action":"175","action":"175","name":"Create Incident Report","uid":"168"},{"id_application_action":"176","action":"176","name":"Edit Incident Report","uid":"169"},{"id_application_action":"177","action":"177","name":"Delete Incident Report","uid":"170"},{"id_application_action":"178","action":"178","name":"Save\\/Edit Incident Report","uid":"171"},{"id_application_action":"179","action":"179","name":"View Payroll","uid":"172"},{"id_application_action":"180","action":"180","name":"Create Payroll","uid":"173"},{"id_application_action":"181","action":"181","name":"Edit Payroll","uid":"174"},{"id_application_action":"182","action":"182","name":"Delete Payroll","uid":"175"},{"id_application_action":"183","action":"183","name":"Save\\/Edit Payroll","uid":"176"},{"id_application_action":"184","action":"184","name":"View Supplier Invoice","uid":"177"},{"id_application_action":"185","action":"185","name":"Create Supplier Invoice","uid":"178"},{"id_application_action":"186","action":"186","name":"Edit Supplier Invoice","uid":"179"},{"id_application_action":"187","action":"187","name":"Delete Supplier Invoice","uid":"180"},{"id_application_action":"188","action":"188","name":"Save\\/Edit Supplier Invoice","uid":"181"},{"id_application_action":"189","action":"189","name":"View Customer Invoice","uid":"182"},{"id_application_action":"190","action":"190","name":"Create Customer Invoice","uid":"183"},{"id_application_action":"191","action":"191","name":"Edit Customer Invoice","uid":"184"},{"id_application_action":"192","action":"192","name":"Delete Customer Invoice","uid":"185"},{"id_application_action":"193","action":"193","name":"Save\\/Edit Customer Invoice","uid":"186"},{"id_application_action":"194","action":"194","name":"View Bank Statement","uid":"187"},{"id_application_action":"195","action":"195","name":"Create Bank Statement","uid":"188"},{"id_application_action":"196","action":"196","name":"Edit Bank Statement","uid":"189"},{"id_application_action":"197","action":"197","name":"Delete Bank Statement","uid":"190"},{"id_application_action":"198","action":"198","name":"Save\\/Edit Bank Statement","uid":"191"},{"id_application_action":"199","action":"199","name":"View Cash Register","uid":"192"},{"id_application_action":"200","action":"200","name":"Create Cash Register","uid":"193"},{"id_application_action":"201","action":"201","name":"Edit Cash Register","uid":"194"},{"id_application_action":"202","action":"202","name":"Delete Cash Register","uid":"195"},{"id_application_action":"203","action":"203","name":"Save\\/Edit Cash Register","uid":"196"},{"id_application_action":"204","action":"204","name":"View Tax","uid":"197"},{"id_application_action":"205","action":"205","name":"Create Tax","uid":"198"},{"id_application_action":"206","action":"206","name":"Edit Tax","uid":"199"},{"id_application_action":"207","action":"207","name":"Delete Tax","uid":"200"},{"id_application_action":"208","action":"208","name":"Save\\/Edit Tax","uid":"201"},{"id_application_action":"209","action":"209","name":"View Chart of Account","uid":"202"},{"id_application_action":"210","action":"210","name":"Create Chart of Account","uid":"203"},{"id_application_action":"211","action":"211","name":"Edit Chart of Account","uid":"204"},{"id_application_action":"212","action":"212","name":"Delete Chart of Account","uid":"205"},{"id_application_action":"213","action":"213","name":"Save\\/Edit Chart of Account","uid":"206"},{"id_application_action":"214","action":"214","name":"View Employee Salary","uid":"207"},{"id_application_action":"215","action":"215","name":"Create Employee Salary","uid":"208"},{"id_application_action":"216","action":"216","name":"Edit Employee Salary","uid":"209"},{"id_application_action":"217","action":"217","name":"Delete Employee Salary","uid":"210"},{"id_application_action":"218","action":"218","name":"Save\\/Edit Employee Salary","uid":"211"},{"id_application_action":"219","action":"219","name":"View Salary Setting","uid":"212"},{"id_application_action":"220","action":"220","name":"Create Salary Setting","uid":"213"},{"id_application_action":"221","action":"221","name":"Edit Salary Setting","uid":"214"},{"id_application_action":"222","action":"222","name":"Delete Salary Setting","uid":"215"},{"id_application_action":"223","action":"223","name":"Save\\/Edit Salary Setting","uid":"216"},{"id_application_action":"224","action":"224","name":"View Database Interface","uid":"217"},{"id_application_action":"226","name":"View Organisation Structure","uid":"218","id":"218"},{"id_application_action":"227","name":"Create Organisation Structure","uid":"219","id":"219"},{"id_application_action":"228","name":"Edit Organisation Structure","uid":"220","id":"220"},{"id_application_action":"229","name":"Delete Organisation Structure","uid":"221","id":"221"},{"id_application_action":"230","name":"Save\\/Edit Organisation Structure","uid":"222","id":"222"},{"id_application_action":"231","name":"View Position Level","uid":"223","id":"223"},{"id_application_action":"232","name":"Create Position Level","uid":"224","id":"224"},{"id_application_action":"233","name":"Edit Position Level","uid":"225","id":"225"},{"id_application_action":"234","name":"Delete Position Level","uid":"226","id":"226"},{"id_application_action":"235","name":"Save\\/Edit Position Level","uid":"227","id":"227"}],"is_edit":"true","id_role":"1"}', '2015-01-05 23:03:44'),
(47, 'Save/Edit Side Menu', 'side_menu', NULL, 2, 'Save/Edit Side Menu', 9, '{}', '2015-01-05 23:04:38'),
(48, 'Save/Edit Organisation Structure', 'organisation_structu', NULL, 2, 'Save/Edit Organisation Structure', 230, '{}', '2015-01-05 23:10:48'),
(49, 'Save/Edit Organisation Structure', 'organisation_structu', NULL, 2, 'Save/Edit Organisation Structure', 230, '{}', '2015-01-05 23:13:17'),
(50, 'Save/Edit Organisation Structure', 'organisation_structu', NULL, 2, 'Save/Edit Organisation Structure', 230, '{}', '2015-01-05 23:14:54'),
(51, 'Save/Edit Organisation Structure', 'organisation_structu', NULL, 2, 'Save/Edit Organisation Structure', 230, '{}', '2015-01-05 23:15:11'),
(52, 'Save/Edit Organisation Structure', 'organisation_structu', NULL, 2, 'Save/Edit Organisation Structure', 230, '{}', '2015-01-05 23:15:31'),
(53, 'Save/Edit Organisation Structure', 'organisation_structu', NULL, 2, 'Save/Edit Organisation Structure', 230, '{}', '2015-01-05 23:15:46'),
(54, 'Save/Edit Organisation Structure', 'organisation_structu', NULL, 2, 'Save/Edit Organisation Structure', 230, '{}', '2015-01-05 23:16:03'),
(55, 'Save/Edit Side Menu', 'side_menu', NULL, 2, 'Save/Edit Side Menu', 9, '{}', '2015-01-06 09:07:51'),
(56, 'Save/Edit Position Level', 'position_level', NULL, 2, 'Save/Edit Position Level', 235, '{}', '2015-01-06 09:08:30'),
(57, 'Save/Edit Position Level', 'position_level', NULL, 2, 'Save/Edit Position Level', 235, '{}', '2015-01-06 09:09:00'),
(58, 'Save/Edit Position Level', 'position_level', NULL, 2, 'Save/Edit Position Level', 235, '{}', '2015-01-06 09:09:18'),
(59, 'Save/Edit Action', 'action', NULL, 2, 'Save/Edit Action', 10, '{"name":"View Contract Type","controller":"contract_type","function_exec":"init_create_contract_type","function_args":"","view_type":"gridview","view_file":"contract_type_list","prefix":"","action_type":"view","action_button":"crud","target_action":"","use_log":"0","is_edit":"false","id_edit":""}', '2015-01-06 10:22:17'),
(60, 'Save/Edit Action', 'action', NULL, 2, 'Save/Edit Action', 10, '{"name":"Create Contract Type","controller":"contract_type","function_exec":"init_create_contract_type","function_args":"","view_type":"form","view_file":"contract_type_ce","prefix":"","action_type":"view","action_button":"save_discard","target_action":"","use_log":"0","is_edit":"false","id_edit":""}', '2015-01-06 10:23:04'),
(61, 'Save/Edit Action', 'action', NULL, 2, 'Save/Edit Action', 10, '{"name":"View Employee Contract Type","controller":"employee_contract_type","function_exec":"","function_args":"","view_type":"gridview","view_file":"employee_contract_type_list","prefix":"","action_type":"view","action_button":"crud","target_action":"","use_log":"0","is_edit":"true","id_edit":"236"}', '2015-01-06 10:23:57'),
(62, 'Save/Edit Action', 'action', NULL, 2, 'Save/Edit Action', 10, '{"name":"Create Employee Contract Type","controller":"employee_contract_type","function_exec":"init_create_employee_contract_type","function_args":"","view_type":"form","view_file":"employee_contract_type_ce","prefix":"","action_type":"view","action_button":"save_discard","target_action":"","use_log":"0","is_edit":"true","id_edit":"237"}', '2015-01-06 10:24:43'),
(63, 'Save/Edit Action', 'action', NULL, 2, 'Save/Edit Action', 10, '{"name":"Edit Employee Contract Type","controller":"employee_contract_type","function_exec":"init_edit_employee_contract_type","function_args":"id","view_type":"no_view","view_file":"employee_contract_type_ce","prefix":"","action_type":"view","action_button":"save_discard","target_action":"","use_log":"0","is_edit":"false","id_edit":""}', '2015-01-06 10:25:25'),
(64, 'Save/Edit Action', 'action', NULL, 2, 'Save/Edit Action', 10, '{"name":"Edit Employee Contract Type","controller":"employee_contract_type","function_exec":"init_edit_employee_contract_type","function_args":"id","view_type":"form","view_file":"employee_contract_type_ce","prefix":"","action_type":"view","action_button":"save_discard","target_action":"","use_log":"0","is_edit":"true","id_edit":"238"}', '2015-01-06 10:25:45'),
(65, 'Save/Edit Action', 'action', NULL, 2, 'Save/Edit Action', 10, '{"name":"Delete Employee Contract Type","controller":"employee_contract_type","function_exec":"delete_employee_contract_type","function_args":"","view_type":"no_view","view_file":"","prefix":"","action_type":"delete","action_button":"crud","target_action":"236","use_log":"1","is_edit":"false","id_edit":""}', '2015-01-06 10:27:21'),
(66, 'Save/Edit Action', 'action', NULL, 2, 'Save/Edit Action', 10, '{"name":"Save\\/Edit Employee Contract","controller":"employee_contract_type","function_exec":"save_employee_contract_type","function_args":"","view_type":"no_view","view_file":"","prefix":"","action_type":"create","action_button":"crud","target_action":"236","use_log":"1","is_edit":"false","id_edit":""}', '2015-01-06 10:32:56');
INSERT INTO `activity_log` (`id_log`, `activity`, `object`, `object_id`, `user`, `description`, `action`, `field_data`, `date_create`) VALUES
(67, 'Save/Edit Role', 'role', NULL, 2, 'Save/Edit Role', 20, '{"name":"administrator","action_detail":[{"id_application_action":"1","action":"1","name":"View Application Action","uid":"0"},{"id_application_action":"2","action":"2","name":"Create Application Action","uid":"1"},{"id_application_action":"3","action":"3","name":"Edit Application Action","uid":"2"},{"id_application_action":"4","action":"4","name":"Delete Application Action","uid":"3"},{"id_application_action":"5","action":"5","name":"View Side Menu","uid":"4"},{"id_application_action":"6","action":"6","name":"Create Side Menu","uid":"5"},{"id_application_action":"7","action":"7","name":"Edit Side Menu","uid":"6"},{"id_application_action":"8","action":"8","name":"Delete Side Menu","uid":"7"},{"id_application_action":"9","action":"9","name":"Save\\/Edit Side Menu","uid":"8"},{"id_application_action":"10","action":"10","name":"Save\\/Edit Action","uid":"9"},{"id_application_action":"11","action":"11","name":"View Division","uid":"10"},{"id_application_action":"12","action":"12","name":"Create Division","uid":"11"},{"id_application_action":"13","action":"13","name":"Save\\/Edit Division","uid":"12"},{"id_application_action":"14","action":"14","name":"Edit Division","uid":"13"},{"id_application_action":"15","action":"15","name":"Delete Division","uid":"14"},{"id_application_action":"16","action":"16","name":"View Role","uid":"15"},{"id_application_action":"17","action":"17","name":"View Create Role","uid":"16"},{"id_application_action":"18","action":"18","name":"View Edit Role","uid":"17"},{"id_application_action":"19","action":"19","name":"Delete Role","uid":"18"},{"id_application_action":"20","action":"20","name":"Save\\/Edit Role","uid":"19"},{"id_application_action":"21","action":"21","name":"View Product","uid":"20"},{"id_application_action":"22","action":"22","name":"Create Product","uid":"21"},{"id_application_action":"23","action":"23","name":"Edit Product","uid":"22"},{"id_application_action":"24","action":"24","name":"Delete Product","uid":"23"},{"id_application_action":"25","action":"25","name":"Save\\/Edit Product","uid":"24"},{"id_application_action":"26","action":"26","name":"View Supplier","uid":"25"},{"id_application_action":"27","action":"27","name":"Create Supplier","uid":"26"},{"id_application_action":"28","action":"28","name":"Edit Supplier","uid":"27"},{"id_application_action":"29","action":"29","name":"Delete Supplier","uid":"28"},{"id_application_action":"30","action":"30","name":"Save\\/Edit Supplier","uid":"29"},{"id_application_action":"31","action":"31","name":"View Product Category","uid":"30"},{"id_application_action":"32","action":"32","name":"Create Product Category","uid":"31"},{"id_application_action":"33","action":"33","name":"Edit Product Category","uid":"32"},{"id_application_action":"34","action":"34","name":"Delete Product Category","uid":"33"},{"id_application_action":"35","action":"35","name":"Save\\/Edit Product Category","uid":"34"},{"id_application_action":"36","action":"36","name":"View Merk","uid":"35"},{"id_application_action":"37","action":"37","name":"Create Merk","uid":"36"},{"id_application_action":"38","action":"38","name":"Edit Merk","uid":"37"},{"id_application_action":"39","action":"39","name":"Delete Merk","uid":"38"},{"id_application_action":"40","action":"40","name":"Save\\/Edit Merk","uid":"39"},{"id_application_action":"41","action":"41","name":"View Customer","uid":"40"},{"id_application_action":"43","action":"43","name":"Create Customer","uid":"41"},{"id_application_action":"44","action":"44","name":"Edit Customer","uid":"42"},{"id_application_action":"45","action":"45","name":"Delete Customer","uid":"43"},{"id_application_action":"46","action":"46","name":"Save\\/Edit Customer","uid":"44"},{"id_application_action":"47","action":"47","name":"View Warehouse","uid":"45"},{"id_application_action":"48","action":"48","name":"Create Warehouse","uid":"46"},{"id_application_action":"49","action":"49","name":"Edit Warehouse","uid":"47"},{"id_application_action":"50","action":"50","name":"Delete Warehouse","uid":"48"},{"id_application_action":"51","action":"51","name":"Save\\/Edit Warehouse","uid":"49"},{"id_application_action":"57","action":"57","name":"View PO","uid":"50"},{"id_application_action":"58","action":"58","name":"Create PO","uid":"51"},{"id_application_action":"59","action":"59","name":"Edit PO","uid":"52"},{"id_application_action":"60","action":"60","name":"Delete PO","uid":"53"},{"id_application_action":"61","action":"61","name":"Save\\/Edit PO","uid":"54"},{"id_application_action":"62","action":"62","name":"View User","uid":"55"},{"id_application_action":"63","action":"63","name":"Create User","uid":"56"},{"id_application_action":"64","action":"64","name":"Edit User","uid":"57"},{"id_application_action":"65","action":"65","name":"Delete User","uid":"58"},{"id_application_action":"66","action":"66","name":"Save\\/Edit User","uid":"59"},{"id_application_action":"67","action":"67","name":"View Good Receive","uid":"60"},{"id_application_action":"68","action":"68","name":"Create Good Receive","uid":"61"},{"id_application_action":"69","action":"69","name":"Edit Good Receive","uid":"62"},{"id_application_action":"70","action":"70","name":"Delete Good Receive","uid":"63"},{"id_application_action":"71","action":"71","name":"Save\\/Edit Good Receive","uid":"64"},{"id_application_action":"72","action":"72","name":"View Sales Order","uid":"65"},{"id_application_action":"73","action":"73","name":"Create Sales Order","uid":"66"},{"id_application_action":"74","action":"74","name":"Edit Sales Order","uid":"67"},{"id_application_action":"75","action":"75","name":"Delete Sales Order","uid":"68"},{"id_application_action":"76","action":"76","name":"Save Sales Order","uid":"69"},{"id_application_action":"77","action":"77","name":"View Material Request","uid":"70"},{"id_application_action":"78","action":"78","name":"Create Material Request","uid":"71"},{"id_application_action":"79","action":"79","name":"Edit Material Request","uid":"72"},{"id_application_action":"80","action":"80","name":"Delete Material Request","uid":"73"},{"id_application_action":"81","action":"81","name":"Save Material Request","uid":"74"},{"id_application_action":"82","action":"82","name":"Change User Password","uid":"75"},{"id_application_action":"83","action":"83","name":"View Delivery Note","uid":"76"},{"id_application_action":"84","action":"84","name":"Create Delivery Note","uid":"77"},{"id_application_action":"85","action":"85","name":"Edit Delivery Note","uid":"78"},{"id_application_action":"86","action":"86","name":"Delete Delivery Note","uid":"79"},{"id_application_action":"87","action":"87","name":"Save\\/Edit Delivery Note","uid":"80"},{"id_application_action":"88","action":"88","name":"View Unit Measure","uid":"81"},{"id_application_action":"89","action":"89","name":"Create Unit Measure","uid":"82"},{"id_application_action":"90","action":"90","name":"Edit Unit Measure","uid":"83"},{"id_application_action":"91","action":"91","name":"Delete Unit Measure","uid":"84"},{"id_application_action":"92","action":"92","name":"Save\\/Edit Unit Measure","uid":"85"},{"id_application_action":"93","action":"93","name":"View Stock","uid":"86"},{"id_application_action":"94","action":"94","name":"View Employee","uid":"87"},{"id_application_action":"95","action":"95","name":"Create Employee","uid":"88"},{"id_application_action":"96","action":"96","name":"Edit Employee","uid":"89"},{"id_application_action":"97","action":"97","name":"Delete Employee","uid":"90"},{"id_application_action":"98","action":"98","name":"Save\\/Edit Employee","uid":"91"},{"id_application_action":"99","action":"99","name":"Validate PO","uid":"92"},{"id_application_action":"100","action":"100","name":"Create Database Interface","uid":"93"},{"id_application_action":"101","action":"101","name":"Edit Database Interface","uid":"94"},{"id_application_action":"102","action":"102","name":"Delete Database Interface","uid":"95"},{"id_application_action":"103","action":"103","name":"Save \\/ Edit Database Interface","uid":"96"},{"id_application_action":"104","action":"104","name":"View Database Field Interface","uid":"97"},{"id_application_action":"105","action":"105","name":"Create Database Field Interface","uid":"98"},{"id_application_action":"106","action":"106","name":"Edit Database Field Interface","uid":"99"},{"id_application_action":"107","action":"107","name":"Delete Database Field Interface","uid":"100"},{"id_application_action":"108","action":"108","name":"Save \\/ Edit Database Field Interface","uid":"101"},{"id_application_action":"109","action":"109","name":"View Inquiry","uid":"102"},{"id_application_action":"110","action":"110","name":"Create Inquiry","uid":"103"},{"id_application_action":"111","action":"111","name":"Edit Inquiry","uid":"104"},{"id_application_action":"112","action":"112","name":"Delete Inquiry","uid":"105"},{"id_application_action":"113","action":"113","name":"Save\\/Edit Inquiry","uid":"106"},{"id_application_action":"114","action":"114","name":"View Survey \\/ Assessment","uid":"107"},{"id_application_action":"115","action":"115","name":"Create Survey \\/ Assessment","uid":"108"},{"id_application_action":"116","action":"116","name":"Edit Survey \\/ Assessment","uid":"109"},{"id_application_action":"117","action":"117","name":"Delete Survey \\/ Assessment","uid":"110"},{"id_application_action":"118","action":"118","name":"Save\\/Edit Survey \\/ Assessment","uid":"111"},{"id_application_action":"119","action":"119","name":"View Quotation","uid":"112"},{"id_application_action":"120","action":"120","name":"Create Quotation","uid":"113"},{"id_application_action":"121","action":"121","name":"Edit Quotation","uid":"114"},{"id_application_action":"122","action":"122","name":"Delete Quotation","uid":"115"},{"id_application_action":"123","action":"123","name":"Save\\/Edit Quotation","uid":"116"},{"id_application_action":"124","action":"124","name":"View Project Contract","uid":"117"},{"id_application_action":"125","action":"125","name":"Create Project Contract","uid":"118"},{"id_application_action":"126","action":"126","name":"Edit Project Contract","uid":"119"},{"id_application_action":"127","action":"127","name":"Delete Project Contract","uid":"120"},{"id_application_action":"128","action":"128","name":"Save\\/Edit Project Contract","uid":"121"},{"id_application_action":"129","action":"129","name":"View Work Order","uid":"122"},{"id_application_action":"130","action":"130","name":"Create Work Order","uid":"123"},{"id_application_action":"131","action":"131","name":"Edit Work Order","uid":"124"},{"id_application_action":"132","action":"132","name":"Delete Work Order","uid":"125"},{"id_application_action":"133","action":"133","name":"Save\\/Edit Work Order","uid":"126"},{"id_application_action":"134","action":"134","name":"View Assessment Template","uid":"127"},{"id_application_action":"135","action":"135","name":"Create Assessment Template","uid":"128"},{"id_application_action":"136","action":"136","name":"Edit Assessment Template","uid":"129"},{"id_application_action":"137","action":"137","name":"Delete Assessment Template","uid":"130"},{"id_application_action":"138","action":"138","name":"Save\\/Edit Assessment Template","uid":"131"},{"id_application_action":"139","action":"139","name":"View Contract Template","uid":"132"},{"id_application_action":"140","action":"140","name":"Create Contract Template","uid":"133"},{"id_application_action":"141","action":"141","name":"Edit Contract Template","uid":"134"},{"id_application_action":"142","action":"142","name":"Delete Contract Template","uid":"135"},{"id_application_action":"143","action":"143","name":"Save\\/Edit Contract Template","uid":"136"},{"id_application_action":"144","action":"144","name":"View Work Schedule","uid":"137"},{"id_application_action":"145","action":"145","name":"Create Work Schedule","uid":"138"},{"id_application_action":"146","action":"146","name":"Edit Work Schedule","uid":"139"},{"id_application_action":"147","action":"147","name":"Delete Work Schedule","uid":"140"},{"id_application_action":"148","action":"148","name":"Save\\/Edit Work Schedule","uid":"141"},{"id_application_action":"149","action":"149","name":"View SO Assignment","uid":"142"},{"id_application_action":"150","action":"150","name":"Create SO Assignment","uid":"143"},{"id_application_action":"151","action":"151","name":"Edit SO Assignment","uid":"144"},{"id_application_action":"152","action":"152","name":"Delete SO Assignment","uid":"145"},{"id_application_action":"153","action":"153","name":"Save\\/Edit SO Assignment","uid":"146"},{"id_application_action":"154","action":"154","name":"View Shift Change","uid":"147"},{"id_application_action":"155","action":"155","name":"Create Shift Change","uid":"148"},{"id_application_action":"156","action":"156","name":"Edit Shift Change","uid":"149"},{"id_application_action":"157","action":"157","name":"Delete Shift Change","uid":"150"},{"id_application_action":"158","action":"158","name":"Save\\/Edit Shift Change","uid":"151"},{"id_application_action":"159","action":"159","name":"View Leave Application","uid":"152"},{"id_application_action":"160","action":"160","name":"Create Leave Application","uid":"153"},{"id_application_action":"161","action":"161","name":"Edit Leave Application","uid":"154"},{"id_application_action":"162","action":"162","name":"Delete Leave Application","uid":"155"},{"id_application_action":"163","action":"163","name":"Save\\/Edit Leave Application","uid":"156"},{"id_application_action":"164","action":"164","name":"View Timesheet (Recap)","uid":"157"},{"id_application_action":"165","action":"165","name":"Create Timesheet (Recap)","uid":"158"},{"id_application_action":"166","action":"166","name":"Edit Timesheet (Recap)","uid":"159"},{"id_application_action":"167","action":"167","name":"Delete Timesheet (Recap)","uid":"160"},{"id_application_action":"168","action":"168","name":"Save\\/Edit Timesheet (Recap)","uid":"161"},{"id_application_action":"169","action":"169","name":"View SO Timesheet","uid":"162"},{"id_application_action":"170","action":"170","name":"Create SO Timesheet","uid":"163"},{"id_application_action":"171","action":"171","name":"Edit SO Timesheet","uid":"164"},{"id_application_action":"172","action":"172","name":"Delete SO Timesheet","uid":"165"},{"id_application_action":"173","action":"173","name":"Save\\/Edit SO Timesheet","uid":"166"},{"id_application_action":"174","action":"174","name":"View Incident Report","uid":"167"},{"id_application_action":"175","action":"175","name":"Create Incident Report","uid":"168"},{"id_application_action":"176","action":"176","name":"Edit Incident Report","uid":"169"},{"id_application_action":"177","action":"177","name":"Delete Incident Report","uid":"170"},{"id_application_action":"178","action":"178","name":"Save\\/Edit Incident Report","uid":"171"},{"id_application_action":"179","action":"179","name":"View Payroll","uid":"172"},{"id_application_action":"180","action":"180","name":"Create Payroll","uid":"173"},{"id_application_action":"181","action":"181","name":"Edit Payroll","uid":"174"},{"id_application_action":"182","action":"182","name":"Delete Payroll","uid":"175"},{"id_application_action":"183","action":"183","name":"Save\\/Edit Payroll","uid":"176"},{"id_application_action":"184","action":"184","name":"View Supplier Invoice","uid":"177"},{"id_application_action":"185","action":"185","name":"Create Supplier Invoice","uid":"178"},{"id_application_action":"186","action":"186","name":"Edit Supplier Invoice","uid":"179"},{"id_application_action":"187","action":"187","name":"Delete Supplier Invoice","uid":"180"},{"id_application_action":"188","action":"188","name":"Save\\/Edit Supplier Invoice","uid":"181"},{"id_application_action":"189","action":"189","name":"View Customer Invoice","uid":"182"},{"id_application_action":"190","action":"190","name":"Create Customer Invoice","uid":"183"},{"id_application_action":"191","action":"191","name":"Edit Customer Invoice","uid":"184"},{"id_application_action":"192","action":"192","name":"Delete Customer Invoice","uid":"185"},{"id_application_action":"193","action":"193","name":"Save\\/Edit Customer Invoice","uid":"186"},{"id_application_action":"194","action":"194","name":"View Bank Statement","uid":"187"},{"id_application_action":"195","action":"195","name":"Create Bank Statement","uid":"188"},{"id_application_action":"196","action":"196","name":"Edit Bank Statement","uid":"189"},{"id_application_action":"197","action":"197","name":"Delete Bank Statement","uid":"190"},{"id_application_action":"198","action":"198","name":"Save\\/Edit Bank Statement","uid":"191"},{"id_application_action":"199","action":"199","name":"View Cash Register","uid":"192"},{"id_application_action":"200","action":"200","name":"Create Cash Register","uid":"193"},{"id_application_action":"201","action":"201","name":"Edit Cash Register","uid":"194"},{"id_application_action":"202","action":"202","name":"Delete Cash Register","uid":"195"},{"id_application_action":"203","action":"203","name":"Save\\/Edit Cash Register","uid":"196"},{"id_application_action":"204","action":"204","name":"View Tax","uid":"197"},{"id_application_action":"205","action":"205","name":"Create Tax","uid":"198"},{"id_application_action":"206","action":"206","name":"Edit Tax","uid":"199"},{"id_application_action":"207","action":"207","name":"Delete Tax","uid":"200"},{"id_application_action":"208","action":"208","name":"Save\\/Edit Tax","uid":"201"},{"id_application_action":"209","action":"209","name":"View Chart of Account","uid":"202"},{"id_application_action":"210","action":"210","name":"Create Chart of Account","uid":"203"},{"id_application_action":"211","action":"211","name":"Edit Chart of Account","uid":"204"},{"id_application_action":"212","action":"212","name":"Delete Chart of Account","uid":"205"},{"id_application_action":"213","action":"213","name":"Save\\/Edit Chart of Account","uid":"206"},{"id_application_action":"214","action":"214","name":"View Employee Salary","uid":"207"},{"id_application_action":"215","action":"215","name":"Create Employee Salary","uid":"208"},{"id_application_action":"216","action":"216","name":"Edit Employee Salary","uid":"209"},{"id_application_action":"217","action":"217","name":"Delete Employee Salary","uid":"210"},{"id_application_action":"218","action":"218","name":"Save\\/Edit Employee Salary","uid":"211"},{"id_application_action":"219","action":"219","name":"View Salary Setting","uid":"212"},{"id_application_action":"220","action":"220","name":"Create Salary Setting","uid":"213"},{"id_application_action":"221","action":"221","name":"Edit Salary Setting","uid":"214"},{"id_application_action":"222","action":"222","name":"Delete Salary Setting","uid":"215"},{"id_application_action":"223","action":"223","name":"Save\\/Edit Salary Setting","uid":"216"},{"id_application_action":"224","action":"224","name":"View Database Interface","uid":"217"},{"id_application_action":"226","action":"226","name":"View Organisation Structure","uid":"218"},{"id_application_action":"227","action":"227","name":"Create Organisation Structure","uid":"219"},{"id_application_action":"228","action":"228","name":"Edit Organisation Structure","uid":"220"},{"id_application_action":"229","action":"229","name":"Delete Organisation Structure","uid":"221"},{"id_application_action":"230","action":"230","name":"Save\\/Edit Organisation Structure","uid":"222"},{"id_application_action":"231","action":"231","name":"View Position Level","uid":"223"},{"id_application_action":"232","action":"232","name":"Create Position Level","uid":"224"},{"id_application_action":"233","action":"233","name":"Edit Position Level","uid":"225"},{"id_application_action":"234","action":"234","name":"Delete Position Level","uid":"226"},{"id_application_action":"235","action":"235","name":"Save\\/Edit Position Level","uid":"227"},{"id_application_action":"236","name":"View Employee Contract Type","uid":"228","id":"228"},{"id_application_action":"237","name":"Create Employee Contract Type","uid":"229","id":"229"},{"id_application_action":"238","name":"Edit Employee Contract Type","uid":"230","id":"230"},{"id_application_action":"239","name":"Delete Employee Contract Type","uid":"231","id":"231"},{"id_application_action":"240","name":"Save\\/Edit Employee Contract","uid":"232","id":"232"}],"is_edit":"true","id_role":"1"}', '2015-01-06 10:47:12'),
(68, 'Save/Edit Side Menu', 'side_menu', NULL, 2, 'Save/Edit Side Menu', 9, '{}', '2015-01-06 10:48:01'),
(69, 'Save/Edit Employee Contract', 'employee_contract_ty', NULL, 2, 'Save/Edit Employee Contract', 240, '{}', '2015-01-06 10:49:33'),
(70, 'Save/Edit Employee Contract', 'employee_contract_ty', NULL, 2, 'Save/Edit Employee Contract', 240, '{}', '2015-01-06 10:50:02'),
(71, 'Save/Edit Employee Contract', 'employee_contract_ty', NULL, 2, 'Save/Edit Employee Contract', 240, '{}', '2015-01-06 10:50:25'),
(72, 'Save/Edit Action', 'action', NULL, 2, 'Save/Edit Action', 10, '{"name":"View Working Schedule","controller":"working_schedule","function_exec":"","function_args":"","view_type":"gridview","view_file":"working_schedule_list","prefix":"","action_type":"view","action_button":"crud","target_action":"","use_log":"0","is_edit":"false","id_edit":""}', '2015-01-07 14:29:40'),
(73, 'Save/Edit Action', 'action', NULL, 2, 'Save/Edit Action', 10, '{"name":"Create Working Schedule","controller":"working_schedule","function_exec":"init_create_working_schedule","function_args":"","view_type":"form","view_file":"working_schedule_ce","prefix":"","action_type":"view","action_button":"save_discard","target_action":"","use_log":"0","is_edit":"false","id_edit":""}', '2015-01-07 14:30:41'),
(74, 'Save/Edit Action', 'action', NULL, 2, 'Save/Edit Action', 10, '{"name":"Edit Working Schedule","controller":"working_schedule","function_exec":"init_edit_working_schedule","function_args":"id","view_type":"form","view_file":"working_schedule_ce","prefix":"","action_type":"view","action_button":"save_discard","target_action":"","use_log":"0","is_edit":"false","id_edit":""}', '2015-01-07 14:31:32'),
(75, 'Save/Edit Action', 'action', NULL, 2, 'Save/Edit Action', 10, '{"name":"Delete Working Schedule","controller":"working_schedule","function_exec":"delete_working_schedule","function_args":"","view_type":"no_view","view_file":"","prefix":"","action_type":"delete","action_button":"crud","target_action":"241","use_log":"1","is_edit":"false","id_edit":""}', '2015-01-07 14:32:29'),
(76, 'Save/Edit Action', 'action', NULL, 2, 'Save/Edit Action', 10, '{"name":"Save\\/Edit Working Schedule","controller":"working_schedule","function_exec":"save_working_schedule","function_args":"","view_type":"no_view","view_file":"","prefix":"","action_type":"create","action_button":"crud","target_action":"241","use_log":"1","is_edit":"false","id_edit":""}', '2015-01-07 14:33:32'),
(77, 'Save/Edit Side Menu', 'side_menu', NULL, 2, 'Save/Edit Side Menu', 9, '{}', '2015-01-07 14:34:44'),
(78, 'Save/Edit Side Menu', 'side_menu', NULL, 2, 'Save/Edit Side Menu', 9, '{}', '2015-01-07 14:35:08'),
(79, 'Save/Edit Side Menu', 'side_menu', NULL, 2, 'Save/Edit Side Menu', 9, '{}', '2015-01-07 14:35:29'),
(80, 'Delete Side Menu', 'side_menu', NULL, 2, 'Delete Side Menu', 8, '{}', '2015-01-07 14:35:46'),
(81, 'Save/Edit Side Menu', 'side_menu', NULL, 2, 'Save/Edit Side Menu', 9, '{}', '2015-01-07 14:36:08'),
(82, 'Save/Edit Side Menu', 'side_menu', NULL, 2, 'Save/Edit Side Menu', 9, '{}', '2015-01-07 14:42:41'),
(83, 'Delete Application Action', 'action', NULL, 2, 'Delete Application Action', 4, '{}', '2015-01-07 14:43:50'),
(84, 'Delete Application Action', 'action', NULL, 2, 'Delete Application Action', 4, '{}', '2015-01-07 14:44:09'),
(85, 'Delete Application Action', 'action', NULL, 2, 'Delete Application Action', 4, '{}', '2015-01-07 14:44:25'),
(86, 'Delete Application Action', 'action', NULL, 2, 'Delete Application Action', 4, '{}', '2015-01-07 14:44:37'),
(87, 'Delete Application Action', 'action', NULL, 2, 'Delete Application Action', 4, '{}', '2015-01-07 14:45:20'),
(88, 'Save/Edit Side Menu', 'side_menu', NULL, 2, 'Save/Edit Side Menu', 9, '{}', '2015-01-14 13:51:02'),
(89, 'Save/Edit Side Menu', 'side_menu', NULL, 2, 'Save/Edit Side Menu', 9, '{}', '2015-01-14 13:51:33'),
(90, 'Save/Edit Side Menu', 'side_menu', NULL, 2, 'Save/Edit Side Menu', 9, '{}', '2015-01-15 23:27:23'),
(91, 'Save/Edit Cash Register', 'cash_register', NULL, 2, 'Save/Edit Cash Register', 203, '{}', '2015-01-19 09:43:24'),
(92, 'Save/Edit Side Menu', 'side_menu', NULL, 2, 'Save/Edit Side Menu', 9, '{}', '2015-01-20 14:01:28'),
(93, 'Save/Edit Role', 'role', NULL, 2, 'Save/Edit Role', 20, '{"name":"administrator","action_detail":[{"id_application_action":"1","action":"1","name":"View Application Action","uid":"0"},{"id_application_action":"2","action":"2","name":"Create Application Action","uid":"1"},{"id_application_action":"3","action":"3","name":"Edit Application Action","uid":"2"},{"id_application_action":"4","action":"4","name":"Delete Application Action","uid":"3"},{"id_application_action":"5","action":"5","name":"View Side Menu","uid":"4"},{"id_application_action":"6","action":"6","name":"Create Side Menu","uid":"5"},{"id_application_action":"7","action":"7","name":"Edit Side Menu","uid":"6"},{"id_application_action":"8","action":"8","name":"Delete Side Menu","uid":"7"},{"id_application_action":"9","action":"9","name":"Save\\/Edit Side Menu","uid":"8"},{"id_application_action":"10","action":"10","name":"Save\\/Edit Action","uid":"9"},{"id_application_action":"11","action":"11","name":"View Division","uid":"10"},{"id_application_action":"12","action":"12","name":"Create Division","uid":"11"},{"id_application_action":"13","action":"13","name":"Save\\/Edit Division","uid":"12"},{"id_application_action":"14","action":"14","name":"Edit Division","uid":"13"},{"id_application_action":"15","action":"15","name":"Delete Division","uid":"14"},{"id_application_action":"16","action":"16","name":"View Role","uid":"15"},{"id_application_action":"17","action":"17","name":"View Create Role","uid":"16"},{"id_application_action":"18","action":"18","name":"View Edit Role","uid":"17"},{"id_application_action":"19","action":"19","name":"Delete Role","uid":"18"},{"id_application_action":"20","action":"20","name":"Save\\/Edit Role","uid":"19"},{"id_application_action":"21","action":"21","name":"View Product","uid":"20"},{"id_application_action":"22","action":"22","name":"Create Product","uid":"21"},{"id_application_action":"23","action":"23","name":"Edit Product","uid":"22"},{"id_application_action":"24","action":"24","name":"Delete Product","uid":"23"},{"id_application_action":"25","action":"25","name":"Save\\/Edit Product","uid":"24"},{"id_application_action":"26","action":"26","name":"View Supplier","uid":"25"},{"id_application_action":"27","action":"27","name":"Create Supplier","uid":"26"},{"id_application_action":"28","action":"28","name":"Edit Supplier","uid":"27"},{"id_application_action":"29","action":"29","name":"Delete Supplier","uid":"28"},{"id_application_action":"30","action":"30","name":"Save\\/Edit Supplier","uid":"29"},{"id_application_action":"31","action":"31","name":"View Product Category","uid":"30"},{"id_application_action":"32","action":"32","name":"Create Product Category","uid":"31"},{"id_application_action":"33","action":"33","name":"Edit Product Category","uid":"32"},{"id_application_action":"34","action":"34","name":"Delete Product Category","uid":"33"},{"id_application_action":"35","action":"35","name":"Save\\/Edit Product Category","uid":"34"},{"id_application_action":"36","action":"36","name":"View Merk","uid":"35"},{"id_application_action":"37","action":"37","name":"Create Merk","uid":"36"},{"id_application_action":"38","action":"38","name":"Edit Merk","uid":"37"},{"id_application_action":"39","action":"39","name":"Delete Merk","uid":"38"},{"id_application_action":"40","action":"40","name":"Save\\/Edit Merk","uid":"39"},{"id_application_action":"41","action":"41","name":"View Customer","uid":"40"},{"id_application_action":"43","action":"43","name":"Create Customer","uid":"41"},{"id_application_action":"44","action":"44","name":"Edit Customer","uid":"42"},{"id_application_action":"45","action":"45","name":"Delete Customer","uid":"43"},{"id_application_action":"46","action":"46","name":"Save\\/Edit Customer","uid":"44"},{"id_application_action":"47","action":"47","name":"View Warehouse","uid":"45"},{"id_application_action":"48","action":"48","name":"Create Warehouse","uid":"46"},{"id_application_action":"49","action":"49","name":"Edit Warehouse","uid":"47"},{"id_application_action":"50","action":"50","name":"Delete Warehouse","uid":"48"},{"id_application_action":"51","action":"51","name":"Save\\/Edit Warehouse","uid":"49"},{"id_application_action":"57","action":"57","name":"View PO","uid":"50"},{"id_application_action":"58","action":"58","name":"Create PO","uid":"51"},{"id_application_action":"59","action":"59","name":"Edit PO","uid":"52"},{"id_application_action":"60","action":"60","name":"Delete PO","uid":"53"},{"id_application_action":"61","action":"61","name":"Save\\/Edit PO","uid":"54"},{"id_application_action":"62","action":"62","name":"View User","uid":"55"},{"id_application_action":"63","action":"63","name":"Create User","uid":"56"},{"id_application_action":"64","action":"64","name":"Edit User","uid":"57"},{"id_application_action":"65","action":"65","name":"Delete User","uid":"58"},{"id_application_action":"66","action":"66","name":"Save\\/Edit User","uid":"59"},{"id_application_action":"67","action":"67","name":"View Good Receive","uid":"60"},{"id_application_action":"68","action":"68","name":"Create Good Receive","uid":"61"},{"id_application_action":"69","action":"69","name":"Edit Good Receive","uid":"62"},{"id_application_action":"70","action":"70","name":"Delete Good Receive","uid":"63"},{"id_application_action":"71","action":"71","name":"Save\\/Edit Good Receive","uid":"64"},{"id_application_action":"72","action":"72","name":"View Sales Order","uid":"65"},{"id_application_action":"73","action":"73","name":"Create Sales Order","uid":"66"},{"id_application_action":"74","action":"74","name":"Edit Sales Order","uid":"67"},{"id_application_action":"75","action":"75","name":"Delete Sales Order","uid":"68"},{"id_application_action":"76","action":"76","name":"Save Sales Order","uid":"69"},{"id_application_action":"77","action":"77","name":"View Material Request","uid":"70"},{"id_application_action":"78","action":"78","name":"Create Material Request","uid":"71"},{"id_application_action":"79","action":"79","name":"Edit Material Request","uid":"72"},{"id_application_action":"80","action":"80","name":"Delete Material Request","uid":"73"},{"id_application_action":"81","action":"81","name":"Save Material Request","uid":"74"},{"id_application_action":"82","action":"82","name":"Change User Password","uid":"75"},{"id_application_action":"83","action":"83","name":"View Delivery Note","uid":"76"},{"id_application_action":"84","action":"84","name":"Create Delivery Note","uid":"77"},{"id_application_action":"85","action":"85","name":"Edit Delivery Note","uid":"78"},{"id_application_action":"86","action":"86","name":"Delete Delivery Note","uid":"79"},{"id_application_action":"87","action":"87","name":"Save\\/Edit Delivery Note","uid":"80"},{"id_application_action":"88","action":"88","name":"View Unit Measure","uid":"81"},{"id_application_action":"89","action":"89","name":"Create Unit Measure","uid":"82"},{"id_application_action":"90","action":"90","name":"Edit Unit Measure","uid":"83"},{"id_application_action":"91","action":"91","name":"Delete Unit Measure","uid":"84"},{"id_application_action":"92","action":"92","name":"Save\\/Edit Unit Measure","uid":"85"},{"id_application_action":"93","action":"93","name":"View Stock","uid":"86"},{"id_application_action":"94","action":"94","name":"View Employee","uid":"87"},{"id_application_action":"95","action":"95","name":"Create Employee","uid":"88"},{"id_application_action":"96","action":"96","name":"Edit Employee","uid":"89"},{"id_application_action":"97","action":"97","name":"Delete Employee","uid":"90"},{"id_application_action":"98","action":"98","name":"Save\\/Edit Employee","uid":"91"},{"id_application_action":"99","action":"99","name":"Validate PO","uid":"92"},{"id_application_action":"100","action":"100","name":"Create Database Interface","uid":"93"},{"id_application_action":"101","action":"101","name":"Edit Database Interface","uid":"94"},{"id_application_action":"102","action":"102","name":"Delete Database Interface","uid":"95"},{"id_application_action":"103","action":"103","name":"Save \\/ Edit Database Interface","uid":"96"},{"id_application_action":"104","action":"104","name":"View Database Field Interface","uid":"97"},{"id_application_action":"105","action":"105","name":"Create Database Field Interface","uid":"98"},{"id_application_action":"106","action":"106","name":"Edit Database Field Interface","uid":"99"},{"id_application_action":"107","action":"107","name":"Delete Database Field Interface","uid":"100"},{"id_application_action":"108","action":"108","name":"Save \\/ Edit Database Field Interface","uid":"101"},{"id_application_action":"109","action":"109","name":"View Inquiry","uid":"102"},{"id_application_action":"110","action":"110","name":"Create Inquiry","uid":"103"},{"id_application_action":"111","action":"111","name":"Edit Inquiry","uid":"104"},{"id_application_action":"112","action":"112","name":"Delete Inquiry","uid":"105"},{"id_application_action":"113","action":"113","name":"Save\\/Edit Inquiry","uid":"106"},{"id_application_action":"114","action":"114","name":"View Survey \\/ Assessment","uid":"107"},{"id_application_action":"115","action":"115","name":"Create Survey \\/ Assessment","uid":"108"},{"id_application_action":"116","action":"116","name":"Edit Survey \\/ Assessment","uid":"109"},{"id_application_action":"117","action":"117","name":"Delete Survey \\/ Assessment","uid":"110"},{"id_application_action":"118","action":"118","name":"Save\\/Edit Survey \\/ Assessment","uid":"111"},{"id_application_action":"119","action":"119","name":"View Quotation","uid":"112"},{"id_application_action":"120","action":"120","name":"Create Quotation","uid":"113"},{"id_application_action":"121","action":"121","name":"Edit Quotation","uid":"114"},{"id_application_action":"122","action":"122","name":"Delete Quotation","uid":"115"},{"id_application_action":"123","action":"123","name":"Save\\/Edit Quotation","uid":"116"},{"id_application_action":"124","action":"124","name":"View Project Contract","uid":"117"},{"id_application_action":"125","action":"125","name":"Create Project Contract","uid":"118"},{"id_application_action":"126","action":"126","name":"Edit Project Contract","uid":"119"},{"id_application_action":"127","action":"127","name":"Delete Project Contract","uid":"120"},{"id_application_action":"128","action":"128","name":"Save\\/Edit Project Contract","uid":"121"},{"id_application_action":"129","action":"129","name":"View Work Order","uid":"122"},{"id_application_action":"130","action":"130","name":"Create Work Order","uid":"123"},{"id_application_action":"131","action":"131","name":"Edit Work Order","uid":"124"},{"id_application_action":"132","action":"132","name":"Delete Work Order","uid":"125"},{"id_application_action":"133","action":"133","name":"Save\\/Edit Work Order","uid":"126"},{"id_application_action":"134","action":"134","name":"View Assessment Template","uid":"127"},{"id_application_action":"135","action":"135","name":"Create Assessment Template","uid":"128"},{"id_application_action":"136","action":"136","name":"Edit Assessment Template","uid":"129"},{"id_application_action":"137","action":"137","name":"Delete Assessment Template","uid":"130"},{"id_application_action":"138","action":"138","name":"Save\\/Edit Assessment Template","uid":"131"},{"id_application_action":"139","action":"139","name":"View Contract Template","uid":"132"},{"id_application_action":"140","action":"140","name":"Create Contract Template","uid":"133"},{"id_application_action":"141","action":"141","name":"Edit Contract Template","uid":"134"},{"id_application_action":"142","action":"142","name":"Delete Contract Template","uid":"135"},{"id_application_action":"143","action":"143","name":"Save\\/Edit Contract Template","uid":"136"},{"id_application_action":"144","action":"144","name":"View Work Schedule","uid":"137"},{"id_application_action":"145","action":"145","name":"Create Work Schedule","uid":"138"},{"id_application_action":"146","action":"146","name":"Edit Work Schedule","uid":"139"},{"id_application_action":"147","action":"147","name":"Delete Work Schedule","uid":"140"},{"id_application_action":"148","action":"148","name":"Save\\/Edit Work Schedule","uid":"141"},{"id_application_action":"149","action":"149","name":"View SO Assignment","uid":"142"},{"id_application_action":"150","action":"150","name":"Create SO Assignment","uid":"143"},{"id_application_action":"151","action":"151","name":"Edit SO Assignment","uid":"144"},{"id_application_action":"152","action":"152","name":"Delete SO Assignment","uid":"145"},{"id_application_action":"153","action":"153","name":"Save\\/Edit SO Assignment","uid":"146"},{"id_application_action":"154","action":"154","name":"View Shift Change","uid":"147"},{"id_application_action":"155","action":"155","name":"Create Shift Change","uid":"148"},{"id_application_action":"156","action":"156","name":"Edit Shift Change","uid":"149"},{"id_application_action":"157","action":"157","name":"Delete Shift Change","uid":"150"},{"id_application_action":"158","action":"158","name":"Save\\/Edit Shift Change","uid":"151"},{"id_application_action":"159","action":"159","name":"View Leave Application","uid":"152"},{"id_application_action":"160","action":"160","name":"Create Leave Application","uid":"153"},{"id_application_action":"161","action":"161","name":"Edit Leave Application","uid":"154"},{"id_application_action":"162","action":"162","name":"Delete Leave Application","uid":"155"},{"id_application_action":"163","action":"163","name":"Save\\/Edit Leave Application","uid":"156"},{"id_application_action":"164","action":"164","name":"View Timesheet (Recap)","uid":"157"},{"id_application_action":"165","action":"165","name":"Create Timesheet (Recap)","uid":"158"},{"id_application_action":"166","action":"166","name":"Edit Timesheet (Recap)","uid":"159"},{"id_application_action":"167","action":"167","name":"Delete Timesheet (Recap)","uid":"160"},{"id_application_action":"168","action":"168","name":"Save\\/Edit Timesheet (Recap)","uid":"161"},{"id_application_action":"169","action":"169","name":"View SO Timesheet","uid":"162"},{"id_application_action":"170","action":"170","name":"Create SO Timesheet","uid":"163"},{"id_application_action":"171","action":"171","name":"Edit SO Timesheet","uid":"164"},{"id_application_action":"172","action":"172","name":"Delete SO Timesheet","uid":"165"},{"id_application_action":"173","action":"173","name":"Save\\/Edit SO Timesheet","uid":"166"},{"id_application_action":"174","action":"174","name":"View Incident Report","uid":"167"},{"id_application_action":"175","action":"175","name":"Create Incident Report","uid":"168"},{"id_application_action":"176","action":"176","name":"Edit Incident Report","uid":"169"},{"id_application_action":"177","action":"177","name":"Delete Incident Report","uid":"170"},{"id_application_action":"178","action":"178","name":"Save\\/Edit Incident Report","uid":"171"},{"id_application_action":"179","action":"179","name":"View Payroll","uid":"172"},{"id_application_action":"180","action":"180","name":"Create Payroll","uid":"173"},{"id_application_action":"181","action":"181","name":"Edit Payroll","uid":"174"},{"id_application_action":"182","action":"182","name":"Delete Payroll","uid":"175"},{"id_application_action":"183","action":"183","name":"Save\\/Edit Payroll","uid":"176"},{"id_application_action":"184","action":"184","name":"View Supplier Invoice","uid":"177"},{"id_application_action":"185","action":"185","name":"Create Supplier Invoice","uid":"178"},{"id_application_action":"186","action":"186","name":"Edit Supplier Invoice","uid":"179"},{"id_application_action":"187","action":"187","name":"Delete Supplier Invoice","uid":"180"},{"id_application_action":"188","action":"188","name":"Save\\/Edit Supplier Invoice","uid":"181"},{"id_application_action":"189","action":"189","name":"View Customer Invoice","uid":"182"},{"id_application_action":"190","action":"190","name":"Create Customer Invoice","uid":"183"},{"id_application_action":"191","action":"191","name":"Edit Customer Invoice","uid":"184"},{"id_application_action":"192","action":"192","name":"Delete Customer Invoice","uid":"185"},{"id_application_action":"193","action":"193","name":"Save\\/Edit Customer Invoice","uid":"186"},{"id_application_action":"194","action":"194","name":"View Bank Statement","uid":"187"},{"id_application_action":"195","action":"195","name":"Create Bank Statement","uid":"188"},{"id_application_action":"196","action":"196","name":"Edit Bank Statement","uid":"189"},{"id_application_action":"197","action":"197","name":"Delete Bank Statement","uid":"190"},{"id_application_action":"198","action":"198","name":"Save\\/Edit Bank Statement","uid":"191"},{"id_application_action":"199","action":"199","name":"View Cash Register","uid":"192"},{"id_application_action":"200","action":"200","name":"Create Cash Register","uid":"193"},{"id_application_action":"201","action":"201","name":"Edit Cash Register","uid":"194"},{"id_application_action":"202","action":"202","name":"Delete Cash Register","uid":"195"},{"id_application_action":"203","action":"203","name":"Save\\/Edit Cash Register","uid":"196"},{"id_application_action":"204","action":"204","name":"View Tax","uid":"197"},{"id_application_action":"205","action":"205","name":"Create Tax","uid":"198"},{"id_application_action":"206","action":"206","name":"Edit Tax","uid":"199"},{"id_application_action":"207","action":"207","name":"Delete Tax","uid":"200"},{"id_application_action":"208","action":"208","name":"Save\\/Edit Tax","uid":"201"},{"id_application_action":"209","action":"209","name":"View Chart of Account","uid":"202"},{"id_application_action":"210","action":"210","name":"Create Chart of Account","uid":"203"},{"id_application_action":"211","action":"211","name":"Edit Chart of Account","uid":"204"},{"id_application_action":"212","action":"212","name":"Delete Chart of Account","uid":"205"},{"id_application_action":"213","action":"213","name":"Save\\/Edit Chart of Account","uid":"206"},{"id_application_action":"214","action":"214","name":"View Employee Salary","uid":"207"},{"id_application_action":"215","action":"215","name":"Create Employee Salary","uid":"208"},{"id_application_action":"216","action":"216","name":"Edit Employee Salary","uid":"209"},{"id_application_action":"217","action":"217","name":"Delete Employee Salary","uid":"210"},{"id_application_action":"218","action":"218","name":"Save\\/Edit Employee Salary","uid":"211"},{"id_application_action":"219","action":"219","name":"View Salary Setting","uid":"212"},{"id_application_action":"220","action":"220","name":"Create Salary Setting","uid":"213"},{"id_application_action":"221","action":"221","name":"Edit Salary Setting","uid":"214"},{"id_application_action":"222","action":"222","name":"Delete Salary Setting","uid":"215"},{"id_application_action":"223","action":"223","name":"Save\\/Edit Salary Setting","uid":"216"},{"id_application_action":"224","action":"224","name":"View Database Interface","uid":"217"},{"id_application_action":"226","action":"226","name":"View Organisation Structure","uid":"218"},{"id_application_action":"227","action":"227","name":"Create Organisation Structure","uid":"219"},{"id_application_action":"228","action":"228","name":"Edit Organisation Structure","uid":"220"},{"id_application_action":"229","action":"229","name":"Delete Organisation Structure","uid":"221"},{"id_application_action":"230","action":"230","name":"Save\\/Edit Organisation Structure","uid":"222"},{"id_application_action":"231","action":"231","name":"View Position Level","uid":"223"},{"id_application_action":"232","action":"232","name":"Create Position Level","uid":"224"},{"id_application_action":"233","action":"233","name":"Edit Position Level","uid":"225"},{"id_application_action":"234","action":"234","name":"Delete Position Level","uid":"226"},{"id_application_action":"235","action":"235","name":"Save\\/Edit Position Level","uid":"227"},{"id_application_action":"236","action":"236","name":"View Employee Contract Type","uid":"228"},{"id_application_action":"237","action":"237","name":"Create Employee Contract Type","uid":"229"},{"id_application_action":"238","action":"238","name":"Edit Employee Contract Type","uid":"230"},{"id_application_action":"239","action":"239","name":"Delete Employee Contract Type","uid":"231"},{"id_application_action":"240","action":"240","name":"Save\\/Edit Employee Contract","uid":"232"},{"id_application_action":"241","name":"View Bank","uid":"233","id":"233"},{"id_application_action":"242","name":"Create Bank","uid":"234","id":"234"},{"id_application_action":"243","name":"Edit Bank","uid":"235","id":"235"},{"id_application_action":"244","name":"Delete Bank","uid":"236","id":"236"},{"id_application_action":"245","name":"Save\\/Edit Bank","uid":"237","id":"237"},{"id_application_action":"225","name":"Pick Assessment Template","uid":"238","id":"238"}],"is_edit":"true","id_role":"1"}', '2015-01-22 15:16:00'),
(94, 'Save/Edit Side Menu', 'side_menu', NULL, 2, 'Save/Edit Side Menu', 9, '{}', '2015-01-22 17:18:48'),
(95, 'Save/Edit Action', 'action', NULL, 2, 'Save/Edit Action', 10, '{"name":"Save\\/Edit Good Receive","controller":"gr","function_exec":"save_gr","function_args":"","view_type":"no_view","view_file":"","prefix":"","action_type":"create","action_button":"save_discard","target_action":"67","action_condition":[{"identifier":"from_po","target_action":"69","target_action_name":"Edit Good Receive","uid":"0"}],"use_log":"1","is_edit":"true","id_edit":"71"}', '2015-01-24 23:12:03'),
(96, 'Save/Edit Action', 'action', NULL, 2, 'Save/Edit Action', 10, '{"name":"Save\\/Edit Payment Receipt","controller":"payment_receipt","function_exec":"save_payment_receipt","function_args":"","view_type":"no_view","view_file":"","prefix":"","action_type":"create","action_button":"crud","target_action":"246","action_condition":[{"identifier":"make_payment","target_action":"252","target_action_name":"Make Payment Receipt","uid":"0"}],"use_log":"1","is_edit":"true","id_edit":"249"}', '2015-01-24 23:13:23'),
(97, 'Save/Edit Action', 'action', NULL, 2, 'Save/Edit Action', 10, '{"name":"Edit Good Receive","controller":"gr","function_exec":"init_edit_gr","function_args":"id","view_type":"form","view_file":"gr_ce","prefix":"","action_type":"update","action_button":"save_discard","target_action":"","use_log":"0","is_edit":"true","id_edit":"69"}', '2015-01-24 23:13:44'),
(98, 'Save/Edit Action', 'action', NULL, 2, 'Save/Edit Action', 10, '{"name":"Create Good Receive","controller":"gr","function_exec":"init_create_gr","function_args":"","view_type":"form","view_file":"gr_ce","prefix":"","action_type":"view","action_button":"save_discard","target_action":"","use_log":"0","is_edit":"true","id_edit":"68"}', '2015-01-24 23:13:56'),
(99, 'Save/Edit Action', 'action', NULL, 2, 'Save/Edit Action', 10, '{"name":"Delete Payment Receipt","controller":"payment_receipt","function_exec":"delete_payment_receipt","function_args":"","view_type":"no_view","view_file":"","prefix":"","action_type":"delete","action_button":"crud","target_action":"246","use_log":"1","is_edit":"true","id_edit":"250"}', '2015-01-24 23:14:15'),
(100, 'Save/Edit Action', 'action', NULL, 2, 'Save/Edit Action', 10, '{"name":"Cancel Payment Receipt","controller":"payment_receipt","function_exec":"cancel_payment_receipt","function_args":"","view_type":"no_view","view_file":"","prefix":"","action_type":"update","action_button":"crud","target_action":"246","use_log":"1","is_edit":"true","id_edit":"253"}', '2015-01-24 23:14:31'),
(101, 'Save/Edit Action', 'action', NULL, 2, 'Save/Edit Action', 10, '{"name":"Receive Payment From PO","controller":"payment_receipt","function_exec":"receive_payment_from_po","function_args":"id","view_type":"no_view","view_file":"","prefix":"","action_type":"create","action_button":"crud","target_action":"246","use_log":"1","is_edit":"true","id_edit":"251"}', '2015-01-24 23:14:45'),
(102, 'Save/Edit Action', 'action', NULL, 2, 'Save/Edit Action', 10, '{"name":"Make Payment Receipt","controller":"payment_receipt","function_exec":"make_payment_receipt","function_args":"id","view_type":"no_view","view_file":"","prefix":"","action_type":"create","action_button":"crud","target_action":"248","use_log":"1","is_edit":"true","id_edit":"252"}', '2015-01-24 23:15:40'),
(103, 'Save/Edit Action', 'action', NULL, 2, 'Save/Edit Action', 10, '{"name":"Save\\/Edit Stock Transaction","controller":"stock_transaction","function_exec":"save_stock_transaction","function_args":"","view_type":"no_view","view_file":"","prefix":"","action_type":"create","action_button":"crud","target_action":"254","use_log":"1","is_edit":"true","id_edit":"258"}', '2015-01-24 23:16:35'),
(104, 'Save/Edit Action', 'action', NULL, 2, 'Save/Edit Action', 10, '{"name":"Post Stock Transaction","controller":"stock_transaction","function_exec":"post_stock_transaction","function_args":"id","view_type":"no_view","view_file":"","prefix":"","action_type":"update","action_button":"crud","target_action":"254","use_log":"1","is_edit":"true","id_edit":"259"}', '2015-01-24 23:17:42');
INSERT INTO `activity_log` (`id_log`, `activity`, `object`, `object_id`, `user`, `description`, `action`, `field_data`, `date_create`) VALUES
(105, 'Save/Edit Action', 'action', NULL, 2, 'Save/Edit Action', 10, '{"name":"Unpost Stock Transaction","controller":"stock_transaction","function_exec":"unpost_stock_transaction","function_args":"id","view_type":"no_view","view_file":"","prefix":"","action_type":"update","action_button":"crud","target_action":"254","use_log":"1","is_edit":"true","id_edit":"260"}', '2015-01-24 23:17:53'),
(106, 'Save/Edit Action', 'action', NULL, 2, 'Save/Edit Action', 10, '{"name":"Post Stock Transaction","controller":"stock_transaction","function_exec":"post_stock_transaction","function_args":"id","view_type":"no_view","view_file":"","prefix":"","action_type":"update","action_button":"crud","target_action":"256","use_log":"1","is_edit":"true","id_edit":"259"}', '2015-01-24 23:18:03'),
(107, 'Save/Edit Action', 'action', NULL, 2, 'Save/Edit Action', 10, '{"name":"Unpost Stock Transaction","controller":"stock_transaction","function_exec":"unpost_stock_transaction","function_args":"id","view_type":"no_view","view_file":"","prefix":"","action_type":"update","action_button":"crud","target_action":"256","use_log":"1","is_edit":"true","id_edit":"260"}', '2015-01-24 23:18:14'),
(108, 'Save/Edit Side Menu', 'side_menu', NULL, 2, 'Save/Edit Side Menu', 9, '{}', '2015-01-24 23:18:38'),
(109, 'Save/Edit Side Menu', 'side_menu', NULL, 2, 'Save/Edit Side Menu', 9, '{}', '2015-01-24 23:19:13'),
(110, 'Save/Edit Role', 'role', NULL, 2, 'Save/Edit Role', 20, '{"name":"administrator","action_detail":[{"id_application_action":"1","action":"1","name":"View Application Action","uid":"0"},{"id_application_action":"2","action":"2","name":"Create Application Action","uid":"1"},{"id_application_action":"3","action":"3","name":"Edit Application Action","uid":"2"},{"id_application_action":"4","action":"4","name":"Delete Application Action","uid":"3"},{"id_application_action":"5","action":"5","name":"View Side Menu","uid":"4"},{"id_application_action":"6","action":"6","name":"Create Side Menu","uid":"5"},{"id_application_action":"7","action":"7","name":"Edit Side Menu","uid":"6"},{"id_application_action":"8","action":"8","name":"Delete Side Menu","uid":"7"},{"id_application_action":"9","action":"9","name":"Save\\/Edit Side Menu","uid":"8"},{"id_application_action":"10","action":"10","name":"Save\\/Edit Action","uid":"9"},{"id_application_action":"11","action":"11","name":"View Division","uid":"10"},{"id_application_action":"12","action":"12","name":"Create Division","uid":"11"},{"id_application_action":"13","action":"13","name":"Save\\/Edit Division","uid":"12"},{"id_application_action":"14","action":"14","name":"Edit Division","uid":"13"},{"id_application_action":"15","action":"15","name":"Delete Division","uid":"14"},{"id_application_action":"16","action":"16","name":"View Role","uid":"15"},{"id_application_action":"17","action":"17","name":"View Create Role","uid":"16"},{"id_application_action":"18","action":"18","name":"View Edit Role","uid":"17"},{"id_application_action":"19","action":"19","name":"Delete Role","uid":"18"},{"id_application_action":"20","action":"20","name":"Save\\/Edit Role","uid":"19"},{"id_application_action":"21","action":"21","name":"View Product","uid":"20"},{"id_application_action":"22","action":"22","name":"Create Product","uid":"21"},{"id_application_action":"23","action":"23","name":"Edit Product","uid":"22"},{"id_application_action":"24","action":"24","name":"Delete Product","uid":"23"},{"id_application_action":"25","action":"25","name":"Save\\/Edit Product","uid":"24"},{"id_application_action":"26","action":"26","name":"View Supplier","uid":"25"},{"id_application_action":"27","action":"27","name":"Create Supplier","uid":"26"},{"id_application_action":"28","action":"28","name":"Edit Supplier","uid":"27"},{"id_application_action":"29","action":"29","name":"Delete Supplier","uid":"28"},{"id_application_action":"30","action":"30","name":"Save\\/Edit Supplier","uid":"29"},{"id_application_action":"31","action":"31","name":"View Product Category","uid":"30"},{"id_application_action":"32","action":"32","name":"Create Product Category","uid":"31"},{"id_application_action":"33","action":"33","name":"Edit Product Category","uid":"32"},{"id_application_action":"34","action":"34","name":"Delete Product Category","uid":"33"},{"id_application_action":"35","action":"35","name":"Save\\/Edit Product Category","uid":"34"},{"id_application_action":"36","action":"36","name":"View Merk","uid":"35"},{"id_application_action":"37","action":"37","name":"Create Merk","uid":"36"},{"id_application_action":"38","action":"38","name":"Edit Merk","uid":"37"},{"id_application_action":"39","action":"39","name":"Delete Merk","uid":"38"},{"id_application_action":"40","action":"40","name":"Save\\/Edit Merk","uid":"39"},{"id_application_action":"41","action":"41","name":"View Customer","uid":"40"},{"id_application_action":"43","action":"43","name":"Create Customer","uid":"41"},{"id_application_action":"44","action":"44","name":"Edit Customer","uid":"42"},{"id_application_action":"45","action":"45","name":"Delete Customer","uid":"43"},{"id_application_action":"46","action":"46","name":"Save\\/Edit Customer","uid":"44"},{"id_application_action":"47","action":"47","name":"View Warehouse","uid":"45"},{"id_application_action":"48","action":"48","name":"Create Warehouse","uid":"46"},{"id_application_action":"49","action":"49","name":"Edit Warehouse","uid":"47"},{"id_application_action":"50","action":"50","name":"Delete Warehouse","uid":"48"},{"id_application_action":"51","action":"51","name":"Save\\/Edit Warehouse","uid":"49"},{"id_application_action":"57","action":"57","name":"View PO","uid":"50"},{"id_application_action":"58","action":"58","name":"Create PO","uid":"51"},{"id_application_action":"59","action":"59","name":"Edit PO","uid":"52"},{"id_application_action":"60","action":"60","name":"Delete PO","uid":"53"},{"id_application_action":"61","action":"61","name":"Save\\/Edit PO","uid":"54"},{"id_application_action":"62","action":"62","name":"View User","uid":"55"},{"id_application_action":"63","action":"63","name":"Create User","uid":"56"},{"id_application_action":"64","action":"64","name":"Edit User","uid":"57"},{"id_application_action":"65","action":"65","name":"Delete User","uid":"58"},{"id_application_action":"66","action":"66","name":"Save\\/Edit User","uid":"59"},{"id_application_action":"67","action":"67","name":"View Good Receive","uid":"60"},{"id_application_action":"68","action":"68","name":"Create Good Receive","uid":"61"},{"id_application_action":"69","action":"69","name":"Edit Good Receive","uid":"62"},{"id_application_action":"70","action":"70","name":"Delete Good Receive","uid":"63"},{"id_application_action":"71","action":"71","name":"Save\\/Edit Good Receive","uid":"64"},{"id_application_action":"72","action":"72","name":"View Sales Order","uid":"65"},{"id_application_action":"73","action":"73","name":"Create Sales Order","uid":"66"},{"id_application_action":"74","action":"74","name":"Edit Sales Order","uid":"67"},{"id_application_action":"75","action":"75","name":"Delete Sales Order","uid":"68"},{"id_application_action":"76","action":"76","name":"Save Sales Order","uid":"69"},{"id_application_action":"77","action":"77","name":"View Material Request","uid":"70"},{"id_application_action":"78","action":"78","name":"Create Material Request","uid":"71"},{"id_application_action":"79","action":"79","name":"Edit Material Request","uid":"72"},{"id_application_action":"80","action":"80","name":"Delete Material Request","uid":"73"},{"id_application_action":"81","action":"81","name":"Save Material Request","uid":"74"},{"id_application_action":"82","action":"82","name":"Change User Password","uid":"75"},{"id_application_action":"83","action":"83","name":"View Delivery Note","uid":"76"},{"id_application_action":"84","action":"84","name":"Create Delivery Note","uid":"77"},{"id_application_action":"85","action":"85","name":"Edit Delivery Note","uid":"78"},{"id_application_action":"86","action":"86","name":"Delete Delivery Note","uid":"79"},{"id_application_action":"87","action":"87","name":"Save\\/Edit Delivery Note","uid":"80"},{"id_application_action":"88","action":"88","name":"View Unit Measure","uid":"81"},{"id_application_action":"89","action":"89","name":"Create Unit Measure","uid":"82"},{"id_application_action":"90","action":"90","name":"Edit Unit Measure","uid":"83"},{"id_application_action":"91","action":"91","name":"Delete Unit Measure","uid":"84"},{"id_application_action":"92","action":"92","name":"Save\\/Edit Unit Measure","uid":"85"},{"id_application_action":"93","action":"93","name":"View Stock","uid":"86"},{"id_application_action":"94","action":"94","name":"View Employee","uid":"87"},{"id_application_action":"95","action":"95","name":"Create Employee","uid":"88"},{"id_application_action":"96","action":"96","name":"Edit Employee","uid":"89"},{"id_application_action":"97","action":"97","name":"Delete Employee","uid":"90"},{"id_application_action":"98","action":"98","name":"Save\\/Edit Employee","uid":"91"},{"id_application_action":"99","action":"99","name":"Validate PO","uid":"92"},{"id_application_action":"100","action":"100","name":"Create Database Interface","uid":"93"},{"id_application_action":"101","action":"101","name":"Edit Database Interface","uid":"94"},{"id_application_action":"102","action":"102","name":"Delete Database Interface","uid":"95"},{"id_application_action":"103","action":"103","name":"Save \\/ Edit Database Interface","uid":"96"},{"id_application_action":"104","action":"104","name":"View Database Field Interface","uid":"97"},{"id_application_action":"105","action":"105","name":"Create Database Field Interface","uid":"98"},{"id_application_action":"106","action":"106","name":"Edit Database Field Interface","uid":"99"},{"id_application_action":"107","action":"107","name":"Delete Database Field Interface","uid":"100"},{"id_application_action":"108","action":"108","name":"Save \\/ Edit Database Field Interface","uid":"101"},{"id_application_action":"109","action":"109","name":"View Inquiry","uid":"102"},{"id_application_action":"110","action":"110","name":"Create Inquiry","uid":"103"},{"id_application_action":"111","action":"111","name":"Edit Inquiry","uid":"104"},{"id_application_action":"112","action":"112","name":"Delete Inquiry","uid":"105"},{"id_application_action":"113","action":"113","name":"Save\\/Edit Inquiry","uid":"106"},{"id_application_action":"114","action":"114","name":"View Survey \\/ Assessment","uid":"107"},{"id_application_action":"115","action":"115","name":"Create Survey \\/ Assessment","uid":"108"},{"id_application_action":"116","action":"116","name":"Edit Survey \\/ Assessment","uid":"109"},{"id_application_action":"117","action":"117","name":"Delete Survey \\/ Assessment","uid":"110"},{"id_application_action":"118","action":"118","name":"Save\\/Edit Survey \\/ Assessment","uid":"111"},{"id_application_action":"119","action":"119","name":"View Quotation","uid":"112"},{"id_application_action":"120","action":"120","name":"Create Quotation","uid":"113"},{"id_application_action":"121","action":"121","name":"Edit Quotation","uid":"114"},{"id_application_action":"122","action":"122","name":"Delete Quotation","uid":"115"},{"id_application_action":"123","action":"123","name":"Save\\/Edit Quotation","uid":"116"},{"id_application_action":"124","action":"124","name":"View Project Contract","uid":"117"},{"id_application_action":"125","action":"125","name":"Create Project Contract","uid":"118"},{"id_application_action":"126","action":"126","name":"Edit Project Contract","uid":"119"},{"id_application_action":"127","action":"127","name":"Delete Project Contract","uid":"120"},{"id_application_action":"128","action":"128","name":"Save\\/Edit Project Contract","uid":"121"},{"id_application_action":"129","action":"129","name":"View Work Order","uid":"122"},{"id_application_action":"130","action":"130","name":"Create Work Order","uid":"123"},{"id_application_action":"131","action":"131","name":"Edit Work Order","uid":"124"},{"id_application_action":"132","action":"132","name":"Delete Work Order","uid":"125"},{"id_application_action":"133","action":"133","name":"Save\\/Edit Work Order","uid":"126"},{"id_application_action":"134","action":"134","name":"View Assessment Template","uid":"127"},{"id_application_action":"135","action":"135","name":"Create Assessment Template","uid":"128"},{"id_application_action":"136","action":"136","name":"Edit Assessment Template","uid":"129"},{"id_application_action":"137","action":"137","name":"Delete Assessment Template","uid":"130"},{"id_application_action":"138","action":"138","name":"Save\\/Edit Assessment Template","uid":"131"},{"id_application_action":"139","action":"139","name":"View Contract Template","uid":"132"},{"id_application_action":"140","action":"140","name":"Create Contract Template","uid":"133"},{"id_application_action":"141","action":"141","name":"Edit Contract Template","uid":"134"},{"id_application_action":"142","action":"142","name":"Delete Contract Template","uid":"135"},{"id_application_action":"143","action":"143","name":"Save\\/Edit Contract Template","uid":"136"},{"id_application_action":"144","action":"144","name":"View Work Schedule","uid":"137"},{"id_application_action":"145","action":"145","name":"Create Work Schedule","uid":"138"},{"id_application_action":"146","action":"146","name":"Edit Work Schedule","uid":"139"},{"id_application_action":"147","action":"147","name":"Delete Work Schedule","uid":"140"},{"id_application_action":"148","action":"148","name":"Save\\/Edit Work Schedule","uid":"141"},{"id_application_action":"149","action":"149","name":"View SO Assignment","uid":"142"},{"id_application_action":"150","action":"150","name":"Create SO Assignment","uid":"143"},{"id_application_action":"151","action":"151","name":"Edit SO Assignment","uid":"144"},{"id_application_action":"152","action":"152","name":"Delete SO Assignment","uid":"145"},{"id_application_action":"153","action":"153","name":"Save\\/Edit SO Assignment","uid":"146"},{"id_application_action":"154","action":"154","name":"View Shift Change","uid":"147"},{"id_application_action":"155","action":"155","name":"Create Shift Change","uid":"148"},{"id_application_action":"156","action":"156","name":"Edit Shift Change","uid":"149"},{"id_application_action":"157","action":"157","name":"Delete Shift Change","uid":"150"},{"id_application_action":"158","action":"158","name":"Save\\/Edit Shift Change","uid":"151"},{"id_application_action":"159","action":"159","name":"View Leave Application","uid":"152"},{"id_application_action":"160","action":"160","name":"Create Leave Application","uid":"153"},{"id_application_action":"161","action":"161","name":"Edit Leave Application","uid":"154"},{"id_application_action":"162","action":"162","name":"Delete Leave Application","uid":"155"},{"id_application_action":"163","action":"163","name":"Save\\/Edit Leave Application","uid":"156"},{"id_application_action":"164","action":"164","name":"View Timesheet (Recap)","uid":"157"},{"id_application_action":"165","action":"165","name":"Create Timesheet (Recap)","uid":"158"},{"id_application_action":"166","action":"166","name":"Edit Timesheet (Recap)","uid":"159"},{"id_application_action":"167","action":"167","name":"Delete Timesheet (Recap)","uid":"160"},{"id_application_action":"168","action":"168","name":"Save\\/Edit Timesheet (Recap)","uid":"161"},{"id_application_action":"169","action":"169","name":"View SO Timesheet","uid":"162"},{"id_application_action":"170","action":"170","name":"Create SO Timesheet","uid":"163"},{"id_application_action":"171","action":"171","name":"Edit SO Timesheet","uid":"164"},{"id_application_action":"172","action":"172","name":"Delete SO Timesheet","uid":"165"},{"id_application_action":"173","action":"173","name":"Save\\/Edit SO Timesheet","uid":"166"},{"id_application_action":"174","action":"174","name":"View Incident Report","uid":"167"},{"id_application_action":"175","action":"175","name":"Create Incident Report","uid":"168"},{"id_application_action":"176","action":"176","name":"Edit Incident Report","uid":"169"},{"id_application_action":"177","action":"177","name":"Delete Incident Report","uid":"170"},{"id_application_action":"178","action":"178","name":"Save\\/Edit Incident Report","uid":"171"},{"id_application_action":"179","action":"179","name":"View Payroll","uid":"172"},{"id_application_action":"180","action":"180","name":"Create Payroll","uid":"173"},{"id_application_action":"181","action":"181","name":"Edit Payroll","uid":"174"},{"id_application_action":"182","action":"182","name":"Delete Payroll","uid":"175"},{"id_application_action":"183","action":"183","name":"Save\\/Edit Payroll","uid":"176"},{"id_application_action":"184","action":"184","name":"View Supplier Invoice","uid":"177"},{"id_application_action":"185","action":"185","name":"Create Supplier Invoice","uid":"178"},{"id_application_action":"186","action":"186","name":"Edit Supplier Invoice","uid":"179"},{"id_application_action":"187","action":"187","name":"Delete Supplier Invoice","uid":"180"},{"id_application_action":"188","action":"188","name":"Save\\/Edit Supplier Invoice","uid":"181"},{"id_application_action":"189","action":"189","name":"View Customer Invoice","uid":"182"},{"id_application_action":"190","action":"190","name":"Create Customer Invoice","uid":"183"},{"id_application_action":"191","action":"191","name":"Edit Customer Invoice","uid":"184"},{"id_application_action":"192","action":"192","name":"Delete Customer Invoice","uid":"185"},{"id_application_action":"193","action":"193","name":"Save\\/Edit Customer Invoice","uid":"186"},{"id_application_action":"194","action":"194","name":"View Bank Statement","uid":"187"},{"id_application_action":"195","action":"195","name":"Create Bank Statement","uid":"188"},{"id_application_action":"196","action":"196","name":"Edit Bank Statement","uid":"189"},{"id_application_action":"197","action":"197","name":"Delete Bank Statement","uid":"190"},{"id_application_action":"198","action":"198","name":"Save\\/Edit Bank Statement","uid":"191"},{"id_application_action":"199","action":"199","name":"View Cash Register","uid":"192"},{"id_application_action":"200","action":"200","name":"Create Cash Register","uid":"193"},{"id_application_action":"201","action":"201","name":"Edit Cash Register","uid":"194"},{"id_application_action":"202","action":"202","name":"Delete Cash Register","uid":"195"},{"id_application_action":"203","action":"203","name":"Save\\/Edit Cash Register","uid":"196"},{"id_application_action":"204","action":"204","name":"View Tax","uid":"197"},{"id_application_action":"205","action":"205","name":"Create Tax","uid":"198"},{"id_application_action":"206","action":"206","name":"Edit Tax","uid":"199"},{"id_application_action":"207","action":"207","name":"Delete Tax","uid":"200"},{"id_application_action":"208","action":"208","name":"Save\\/Edit Tax","uid":"201"},{"id_application_action":"209","action":"209","name":"View Chart of Account","uid":"202"},{"id_application_action":"210","action":"210","name":"Create Chart of Account","uid":"203"},{"id_application_action":"211","action":"211","name":"Edit Chart of Account","uid":"204"},{"id_application_action":"212","action":"212","name":"Delete Chart of Account","uid":"205"},{"id_application_action":"213","action":"213","name":"Save\\/Edit Chart of Account","uid":"206"},{"id_application_action":"214","action":"214","name":"View Employee Salary","uid":"207"},{"id_application_action":"215","action":"215","name":"Create Employee Salary","uid":"208"},{"id_application_action":"216","action":"216","name":"Edit Employee Salary","uid":"209"},{"id_application_action":"217","action":"217","name":"Delete Employee Salary","uid":"210"},{"id_application_action":"218","action":"218","name":"Save\\/Edit Employee Salary","uid":"211"},{"id_application_action":"219","action":"219","name":"View Salary Setting","uid":"212"},{"id_application_action":"220","action":"220","name":"Create Salary Setting","uid":"213"},{"id_application_action":"221","action":"221","name":"Edit Salary Setting","uid":"214"},{"id_application_action":"222","action":"222","name":"Delete Salary Setting","uid":"215"},{"id_application_action":"223","action":"223","name":"Save\\/Edit Salary Setting","uid":"216"},{"id_application_action":"224","action":"224","name":"View Database Interface","uid":"217"},{"id_application_action":"225","action":"225","name":"Pick Assessment Template","uid":"218"},{"id_application_action":"226","action":"226","name":"View Organisation Structure","uid":"219"},{"id_application_action":"227","action":"227","name":"Create Organisation Structure","uid":"220"},{"id_application_action":"228","action":"228","name":"Edit Organisation Structure","uid":"221"},{"id_application_action":"229","action":"229","name":"Delete Organisation Structure","uid":"222"},{"id_application_action":"230","action":"230","name":"Save\\/Edit Organisation Structure","uid":"223"},{"id_application_action":"231","action":"231","name":"View Position Level","uid":"224"},{"id_application_action":"232","action":"232","name":"Create Position Level","uid":"225"},{"id_application_action":"233","action":"233","name":"Edit Position Level","uid":"226"},{"id_application_action":"234","action":"234","name":"Delete Position Level","uid":"227"},{"id_application_action":"235","action":"235","name":"Save\\/Edit Position Level","uid":"228"},{"id_application_action":"236","action":"236","name":"View Employee Contract Type","uid":"229"},{"id_application_action":"237","action":"237","name":"Create Employee Contract Type","uid":"230"},{"id_application_action":"238","action":"238","name":"Edit Employee Contract Type","uid":"231"},{"id_application_action":"239","action":"239","name":"Delete Employee Contract Type","uid":"232"},{"id_application_action":"240","action":"240","name":"Save\\/Edit Employee Contract","uid":"233"},{"id_application_action":"241","action":"241","name":"View Bank","uid":"234"},{"id_application_action":"242","action":"242","name":"Create Bank","uid":"235"},{"id_application_action":"243","action":"243","name":"Edit Bank","uid":"236"},{"id_application_action":"244","action":"244","name":"Delete Bank","uid":"237"},{"id_application_action":"245","action":"245","name":"Save\\/Edit Bank","uid":"238"},{"id_application_action":"246","name":"View Payment Receipt","uid":"239","id":"239"},{"id_application_action":"247","name":"Create Payment Receipt","uid":"240","id":"240"},{"id_application_action":"248","name":"Edit Payment Receipt","uid":"241","id":"241"},{"id_application_action":"249","name":"Save\\/Edit Payment Receipt","uid":"242","id":"242"},{"id_application_action":"250","name":"Delete Payment Receipt","uid":"243","id":"243"},{"id_application_action":"251","name":"Receive Payment From PO","uid":"244","id":"244"},{"id_application_action":"252","name":"Make Payment Receipt","uid":"245","id":"245"},{"id_application_action":"253","name":"Cancel Payment Receipt","uid":"246","id":"246"},{"id_application_action":"254","name":"View Stock Transaction","uid":"247","id":"247"},{"id_application_action":"255","name":"Create Stock Transaction","uid":"248","id":"248"},{"id_application_action":"256","name":"Edit Stock Transaction","uid":"249","id":"249"},{"id_application_action":"257","name":"Delete Stock Transaction","uid":"250","id":"250"},{"id_application_action":"258","name":"Save\\/Edit Stock Transaction","uid":"251","id":"251"},{"id_application_action":"259","name":"Post Stock Transaction","uid":"252","id":"252"},{"id_application_action":"260","name":"Unpost Stock Transaction","uid":"253","id":"253"},{"id_application_action":"261","name":"Transfer Good Receive","uid":"254","id":"254"}],"is_edit":"true","id_role":"1"}', '2015-01-24 23:29:49'),
(111, 'Save/Edit Warehouse', 'gudang', NULL, 2, 'Save/Edit Warehouse', 51, '{}', '2015-01-24 23:40:06'),
(112, 'Save/Edit Action', 'action', NULL, 2, 'Save/Edit Action', 10, '{"name":"Save\\/Edit Warehouse","controller":"gudang","function_exec":"save_gudang","function_args":"","view_type":"no_view","view_file":"","prefix":"","action_type":"create","action_button":"crud","target_action":"47","use_log":"1","is_edit":"true","id_edit":"51"}', '2015-01-24 23:40:37'),
(113, 'Save/Edit Warehouse', 'gudang', NULL, 2, 'Save/Edit Warehouse', 51, '{}', '2015-01-24 23:40:53'),
(114, 'Save/Edit Warehouse', 'gudang', NULL, 2, 'Save/Edit Warehouse', 51, '{}', '2015-01-24 23:41:04'),
(115, 'Save/Edit PO', 'po', NULL, 2, 'Save/Edit PO', 61, '{"date":"2015-01-24","note":"","delivery_date":"2015-01-29","supplier":"1","mr":"","sub_total":"4225000","total_price":"4647500","tax":"422500","product_detail":[{"id_product":"2","product_category":"1","merk":"2","product_code":"XXX.XXX.XXX.001","product_name":"Product Test","name":"Merk1","unit_name":"pcs","unit":"2","category_name":"Category 1","uid":"2","qty":"10","unit_price":"250000","total_price":"0"},{"id_product":"3","product_category":"3","merk":"2","product_code":"XXX.XXX.XXX.002","product_name":"Product Test 3","name":"Merk1","unit_name":"pcs","unit":"2","category_name":"Category 2","uid":"3","qty":"5","unit_price":"345000","total_price":"0"}],"is_edit":"false","id_po":""}', '2015-01-24 23:50:23'),
(116, 'Validate PO', 'po', NULL, 2, 'Validate PO', 99, '{"id_po":"1","status":"open"}', '2015-01-24 23:50:28'),
(117, 'Save/Edit Side Menu', 'side_menu', NULL, 2, 'Save/Edit Side Menu', 9, '{}', '2015-01-24 23:59:07'),
(118, 'Delete Side Menu', 'side_menu', NULL, 2, 'Delete Side Menu', 8, '{}', '2015-01-24 23:59:12'),
(119, 'Save/Edit PO', 'po', NULL, 2, 'Save/Edit PO', 61, '{"date":"2015-01-25","note":"","delivery_date":"2015-01-29","supplier":"1","mr":"","sub_total":"450000","total_price":"495000","tax":"45000","product_detail":[{"id_product":"3","product_category":"3","merk":"2","product_code":"XXX.XXX.XXX.002","product_name":"Product Test 3","name":"Merk1","unit_name":"pcs","unit":"2","category_name":"Category 2","uid":"3","qty":"3","unit_price":"150000","total_price":"0"}],"is_edit":"false","id_po":""}', '2015-01-25 00:01:19'),
(120, 'Validate PO', 'po', NULL, 2, 'Validate PO', 99, '{"id_po":"2","status":"open"}', '2015-01-25 00:01:24'),
(121, 'Save/Edit Payment Receipt', 'payment_receipt', NULL, 2, 'Save/Edit Payment Receipt', 249, '{}', '2015-01-25 00:18:05'),
(122, 'Make Payment Receipt', 'payment_receipt', NULL, 2, 'Make Payment Receipt', 252, '{}', '2015-01-25 00:18:05'),
(123, 'Save/Edit Good Receive', 'gr', NULL, 2, 'Save/Edit Good Receive', 71, '{}', '2015-01-25 00:18:35'),
(124, 'Transfer Good Receive', 'gr', NULL, 2, 'Transfer Good Receive', 261, '{}', '2015-01-25 00:18:47'),
(125, 'Save/Edit Payment Receipt', 'payment_receipt', NULL, 2, 'Save/Edit Payment Receipt', 249, '{}', '2015-01-25 00:19:22'),
(126, 'Make Payment Receipt', 'payment_receipt', NULL, 2, 'Make Payment Receipt', 252, '{}', '2015-01-25 00:19:23'),
(127, 'Save/Edit Role', 'role', NULL, 2, 'Save/Edit Role', 20, '{"name":"administrator","action_detail":[{"id_application_action":"1","action":"1","name":"View Application Action","uid":"0"},{"id_application_action":"2","action":"2","name":"Create Application Action","uid":"1"},{"id_application_action":"3","action":"3","name":"Edit Application Action","uid":"2"},{"id_application_action":"4","action":"4","name":"Delete Application Action","uid":"3"},{"id_application_action":"5","action":"5","name":"View Side Menu","uid":"4"},{"id_application_action":"6","action":"6","name":"Create Side Menu","uid":"5"},{"id_application_action":"7","action":"7","name":"Edit Side Menu","uid":"6"},{"id_application_action":"8","action":"8","name":"Delete Side Menu","uid":"7"},{"id_application_action":"9","action":"9","name":"Save\\/Edit Side Menu","uid":"8"},{"id_application_action":"10","action":"10","name":"Save\\/Edit Action","uid":"9"},{"id_application_action":"11","action":"11","name":"View Division","uid":"10"},{"id_application_action":"12","action":"12","name":"Create Division","uid":"11"},{"id_application_action":"13","action":"13","name":"Save\\/Edit Division","uid":"12"},{"id_application_action":"14","action":"14","name":"Edit Division","uid":"13"},{"id_application_action":"15","action":"15","name":"Delete Division","uid":"14"},{"id_application_action":"16","action":"16","name":"View Role","uid":"15"},{"id_application_action":"17","action":"17","name":"View Create Role","uid":"16"},{"id_application_action":"18","action":"18","name":"View Edit Role","uid":"17"},{"id_application_action":"19","action":"19","name":"Delete Role","uid":"18"},{"id_application_action":"20","action":"20","name":"Save\\/Edit Role","uid":"19"},{"id_application_action":"21","action":"21","name":"View Product","uid":"20"},{"id_application_action":"22","action":"22","name":"Create Product","uid":"21"},{"id_application_action":"23","action":"23","name":"Edit Product","uid":"22"},{"id_application_action":"24","action":"24","name":"Delete Product","uid":"23"},{"id_application_action":"25","action":"25","name":"Save\\/Edit Product","uid":"24"},{"id_application_action":"26","action":"26","name":"View Supplier","uid":"25"},{"id_application_action":"27","action":"27","name":"Create Supplier","uid":"26"},{"id_application_action":"28","action":"28","name":"Edit Supplier","uid":"27"},{"id_application_action":"29","action":"29","name":"Delete Supplier","uid":"28"},{"id_application_action":"30","action":"30","name":"Save\\/Edit Supplier","uid":"29"},{"id_application_action":"31","action":"31","name":"View Product Category","uid":"30"},{"id_application_action":"32","action":"32","name":"Create Product Category","uid":"31"},{"id_application_action":"33","action":"33","name":"Edit Product Category","uid":"32"},{"id_application_action":"34","action":"34","name":"Delete Product Category","uid":"33"},{"id_application_action":"35","action":"35","name":"Save\\/Edit Product Category","uid":"34"},{"id_application_action":"36","action":"36","name":"View Merk","uid":"35"},{"id_application_action":"37","action":"37","name":"Create Merk","uid":"36"},{"id_application_action":"38","action":"38","name":"Edit Merk","uid":"37"},{"id_application_action":"39","action":"39","name":"Delete Merk","uid":"38"},{"id_application_action":"40","action":"40","name":"Save\\/Edit Merk","uid":"39"},{"id_application_action":"41","action":"41","name":"View Customer","uid":"40"},{"id_application_action":"43","action":"43","name":"Create Customer","uid":"41"},{"id_application_action":"44","action":"44","name":"Edit Customer","uid":"42"},{"id_application_action":"45","action":"45","name":"Delete Customer","uid":"43"},{"id_application_action":"46","action":"46","name":"Save\\/Edit Customer","uid":"44"},{"id_application_action":"47","action":"47","name":"View Warehouse","uid":"45"},{"id_application_action":"48","action":"48","name":"Create Warehouse","uid":"46"},{"id_application_action":"49","action":"49","name":"Edit Warehouse","uid":"47"},{"id_application_action":"50","action":"50","name":"Delete Warehouse","uid":"48"},{"id_application_action":"51","action":"51","name":"Save\\/Edit Warehouse","uid":"49"},{"id_application_action":"57","action":"57","name":"View PO","uid":"50"},{"id_application_action":"58","action":"58","name":"Create PO","uid":"51"},{"id_application_action":"59","action":"59","name":"Edit PO","uid":"52"},{"id_application_action":"60","action":"60","name":"Delete PO","uid":"53"},{"id_application_action":"61","action":"61","name":"Save\\/Edit PO","uid":"54"},{"id_application_action":"62","action":"62","name":"View User","uid":"55"},{"id_application_action":"63","action":"63","name":"Create User","uid":"56"},{"id_application_action":"64","action":"64","name":"Edit User","uid":"57"},{"id_application_action":"65","action":"65","name":"Delete User","uid":"58"},{"id_application_action":"66","action":"66","name":"Save\\/Edit User","uid":"59"},{"id_application_action":"67","action":"67","name":"View Good Receive","uid":"60"},{"id_application_action":"68","action":"68","name":"Create Good Receive","uid":"61"},{"id_application_action":"69","action":"69","name":"Edit Good Receive","uid":"62"},{"id_application_action":"70","action":"70","name":"Delete Good Receive","uid":"63"},{"id_application_action":"71","action":"71","name":"Save\\/Edit Good Receive","uid":"64"},{"id_application_action":"72","action":"72","name":"View Sales Order","uid":"65"},{"id_application_action":"73","action":"73","name":"Create Sales Order","uid":"66"},{"id_application_action":"74","action":"74","name":"Edit Sales Order","uid":"67"},{"id_application_action":"75","action":"75","name":"Delete Sales Order","uid":"68"},{"id_application_action":"76","action":"76","name":"Save Sales Order","uid":"69"},{"id_application_action":"77","action":"77","name":"View Material Request","uid":"70"},{"id_application_action":"78","action":"78","name":"Create Material Request","uid":"71"},{"id_application_action":"79","action":"79","name":"Edit Material Request","uid":"72"},{"id_application_action":"80","action":"80","name":"Delete Material Request","uid":"73"},{"id_application_action":"81","action":"81","name":"Save Material Request","uid":"74"},{"id_application_action":"82","action":"82","name":"Change User Password","uid":"75"},{"id_application_action":"83","action":"83","name":"View Delivery Note","uid":"76"},{"id_application_action":"84","action":"84","name":"Create Delivery Note","uid":"77"},{"id_application_action":"85","action":"85","name":"Edit Delivery Note","uid":"78"},{"id_application_action":"86","action":"86","name":"Delete Delivery Note","uid":"79"},{"id_application_action":"87","action":"87","name":"Save\\/Edit Delivery Note","uid":"80"},{"id_application_action":"88","action":"88","name":"View Unit Measure","uid":"81"},{"id_application_action":"89","action":"89","name":"Create Unit Measure","uid":"82"},{"id_application_action":"90","action":"90","name":"Edit Unit Measure","uid":"83"},{"id_application_action":"91","action":"91","name":"Delete Unit Measure","uid":"84"},{"id_application_action":"92","action":"92","name":"Save\\/Edit Unit Measure","uid":"85"},{"id_application_action":"93","action":"93","name":"View Stock","uid":"86"},{"id_application_action":"94","action":"94","name":"View Employee","uid":"87"},{"id_application_action":"95","action":"95","name":"Create Employee","uid":"88"},{"id_application_action":"96","action":"96","name":"Edit Employee","uid":"89"},{"id_application_action":"97","action":"97","name":"Delete Employee","uid":"90"},{"id_application_action":"98","action":"98","name":"Save\\/Edit Employee","uid":"91"},{"id_application_action":"99","action":"99","name":"Validate PO","uid":"92"},{"id_application_action":"100","action":"100","name":"Create Database Interface","uid":"93"},{"id_application_action":"101","action":"101","name":"Edit Database Interface","uid":"94"},{"id_application_action":"102","action":"102","name":"Delete Database Interface","uid":"95"},{"id_application_action":"103","action":"103","name":"Save \\/ Edit Database Interface","uid":"96"},{"id_application_action":"104","action":"104","name":"View Database Field Interface","uid":"97"},{"id_application_action":"105","action":"105","name":"Create Database Field Interface","uid":"98"},{"id_application_action":"106","action":"106","name":"Edit Database Field Interface","uid":"99"},{"id_application_action":"107","action":"107","name":"Delete Database Field Interface","uid":"100"},{"id_application_action":"108","action":"108","name":"Save \\/ Edit Database Field Interface","uid":"101"},{"id_application_action":"109","action":"109","name":"View Inquiry","uid":"102"},{"id_application_action":"110","action":"110","name":"Create Inquiry","uid":"103"},{"id_application_action":"111","action":"111","name":"Edit Inquiry","uid":"104"},{"id_application_action":"112","action":"112","name":"Delete Inquiry","uid":"105"},{"id_application_action":"113","action":"113","name":"Save\\/Edit Inquiry","uid":"106"},{"id_application_action":"114","action":"114","name":"View Survey \\/ Assessment","uid":"107"},{"id_application_action":"115","action":"115","name":"Create Survey \\/ Assessment","uid":"108"},{"id_application_action":"116","action":"116","name":"Edit Survey \\/ Assessment","uid":"109"},{"id_application_action":"117","action":"117","name":"Delete Survey \\/ Assessment","uid":"110"},{"id_application_action":"118","action":"118","name":"Save\\/Edit Survey \\/ Assessment","uid":"111"},{"id_application_action":"119","action":"119","name":"View Quotation","uid":"112"},{"id_application_action":"120","action":"120","name":"Create Quotation","uid":"113"},{"id_application_action":"121","action":"121","name":"Edit Quotation","uid":"114"},{"id_application_action":"122","action":"122","name":"Delete Quotation","uid":"115"},{"id_application_action":"123","action":"123","name":"Save\\/Edit Quotation","uid":"116"},{"id_application_action":"124","action":"124","name":"View Project Contract","uid":"117"},{"id_application_action":"125","action":"125","name":"Create Project Contract","uid":"118"},{"id_application_action":"126","action":"126","name":"Edit Project Contract","uid":"119"},{"id_application_action":"127","action":"127","name":"Delete Project Contract","uid":"120"},{"id_application_action":"128","action":"128","name":"Save\\/Edit Project Contract","uid":"121"},{"id_application_action":"129","action":"129","name":"View Work Order","uid":"122"},{"id_application_action":"130","action":"130","name":"Create Work Order","uid":"123"},{"id_application_action":"131","action":"131","name":"Edit Work Order","uid":"124"},{"id_application_action":"132","action":"132","name":"Delete Work Order","uid":"125"},{"id_application_action":"133","action":"133","name":"Save\\/Edit Work Order","uid":"126"},{"id_application_action":"134","action":"134","name":"View Assessment Template","uid":"127"},{"id_application_action":"135","action":"135","name":"Create Assessment Template","uid":"128"},{"id_application_action":"136","action":"136","name":"Edit Assessment Template","uid":"129"},{"id_application_action":"137","action":"137","name":"Delete Assessment Template","uid":"130"},{"id_application_action":"138","action":"138","name":"Save\\/Edit Assessment Template","uid":"131"},{"id_application_action":"139","action":"139","name":"View Contract Template","uid":"132"},{"id_application_action":"140","action":"140","name":"Create Contract Template","uid":"133"},{"id_application_action":"141","action":"141","name":"Edit Contract Template","uid":"134"},{"id_application_action":"142","action":"142","name":"Delete Contract Template","uid":"135"},{"id_application_action":"143","action":"143","name":"Save\\/Edit Contract Template","uid":"136"},{"id_application_action":"144","action":"144","name":"View Work Schedule","uid":"137"},{"id_application_action":"145","action":"145","name":"Create Work Schedule","uid":"138"},{"id_application_action":"146","action":"146","name":"Edit Work Schedule","uid":"139"},{"id_application_action":"147","action":"147","name":"Delete Work Schedule","uid":"140"},{"id_application_action":"148","action":"148","name":"Save\\/Edit Work Schedule","uid":"141"},{"id_application_action":"149","action":"149","name":"View SO Assignment","uid":"142"},{"id_application_action":"150","action":"150","name":"Create SO Assignment","uid":"143"},{"id_application_action":"151","action":"151","name":"Edit SO Assignment","uid":"144"},{"id_application_action":"152","action":"152","name":"Delete SO Assignment","uid":"145"},{"id_application_action":"153","action":"153","name":"Save\\/Edit SO Assignment","uid":"146"},{"id_application_action":"154","action":"154","name":"View Shift Change","uid":"147"},{"id_application_action":"155","action":"155","name":"Create Shift Change","uid":"148"},{"id_application_action":"156","action":"156","name":"Edit Shift Change","uid":"149"},{"id_application_action":"157","action":"157","name":"Delete Shift Change","uid":"150"},{"id_application_action":"158","action":"158","name":"Save\\/Edit Shift Change","uid":"151"},{"id_application_action":"159","action":"159","name":"View Leave Application","uid":"152"},{"id_application_action":"160","action":"160","name":"Create Leave Application","uid":"153"},{"id_application_action":"161","action":"161","name":"Edit Leave Application","uid":"154"},{"id_application_action":"162","action":"162","name":"Delete Leave Application","uid":"155"},{"id_application_action":"163","action":"163","name":"Save\\/Edit Leave Application","uid":"156"},{"id_application_action":"164","action":"164","name":"View Timesheet (Recap)","uid":"157"},{"id_application_action":"165","action":"165","name":"Create Timesheet (Recap)","uid":"158"},{"id_application_action":"166","action":"166","name":"Edit Timesheet (Recap)","uid":"159"},{"id_application_action":"167","action":"167","name":"Delete Timesheet (Recap)","uid":"160"},{"id_application_action":"168","action":"168","name":"Save\\/Edit Timesheet (Recap)","uid":"161"},{"id_application_action":"169","action":"169","name":"View SO Timesheet","uid":"162"},{"id_application_action":"170","action":"170","name":"Create SO Timesheet","uid":"163"},{"id_application_action":"171","action":"171","name":"Edit SO Timesheet","uid":"164"},{"id_application_action":"172","action":"172","name":"Delete SO Timesheet","uid":"165"},{"id_application_action":"173","action":"173","name":"Save\\/Edit SO Timesheet","uid":"166"},{"id_application_action":"174","action":"174","name":"View Incident Report","uid":"167"},{"id_application_action":"175","action":"175","name":"Create Incident Report","uid":"168"},{"id_application_action":"176","action":"176","name":"Edit Incident Report","uid":"169"},{"id_application_action":"177","action":"177","name":"Delete Incident Report","uid":"170"},{"id_application_action":"178","action":"178","name":"Save\\/Edit Incident Report","uid":"171"},{"id_application_action":"179","action":"179","name":"View Payroll","uid":"172"},{"id_application_action":"180","action":"180","name":"Create Payroll","uid":"173"},{"id_application_action":"181","action":"181","name":"Edit Payroll","uid":"174"},{"id_application_action":"182","action":"182","name":"Delete Payroll","uid":"175"},{"id_application_action":"183","action":"183","name":"Save\\/Edit Payroll","uid":"176"},{"id_application_action":"184","action":"184","name":"View Supplier Invoice","uid":"177"},{"id_application_action":"185","action":"185","name":"Create Supplier Invoice","uid":"178"},{"id_application_action":"186","action":"186","name":"Edit Supplier Invoice","uid":"179"},{"id_application_action":"187","action":"187","name":"Delete Supplier Invoice","uid":"180"},{"id_application_action":"188","action":"188","name":"Save\\/Edit Supplier Invoice","uid":"181"},{"id_application_action":"189","action":"189","name":"View Customer Invoice","uid":"182"},{"id_application_action":"190","action":"190","name":"Create Customer Invoice","uid":"183"},{"id_application_action":"191","action":"191","name":"Edit Customer Invoice","uid":"184"},{"id_application_action":"192","action":"192","name":"Delete Customer Invoice","uid":"185"},{"id_application_action":"193","action":"193","name":"Save\\/Edit Customer Invoice","uid":"186"},{"id_application_action":"194","action":"194","name":"View Bank Statement","uid":"187"},{"id_application_action":"195","action":"195","name":"Create Bank Statement","uid":"188"},{"id_application_action":"196","action":"196","name":"Edit Bank Statement","uid":"189"},{"id_application_action":"197","action":"197","name":"Delete Bank Statement","uid":"190"},{"id_application_action":"198","action":"198","name":"Save\\/Edit Bank Statement","uid":"191"},{"id_application_action":"199","action":"199","name":"View Cash Register","uid":"192"},{"id_application_action":"200","action":"200","name":"Create Cash Register","uid":"193"},{"id_application_action":"201","action":"201","name":"Edit Cash Register","uid":"194"},{"id_application_action":"202","action":"202","name":"Delete Cash Register","uid":"195"},{"id_application_action":"203","action":"203","name":"Save\\/Edit Cash Register","uid":"196"},{"id_application_action":"204","action":"204","name":"View Tax","uid":"197"},{"id_application_action":"205","action":"205","name":"Create Tax","uid":"198"},{"id_application_action":"206","action":"206","name":"Edit Tax","uid":"199"},{"id_application_action":"207","action":"207","name":"Delete Tax","uid":"200"},{"id_application_action":"208","action":"208","name":"Save\\/Edit Tax","uid":"201"},{"id_application_action":"209","action":"209","name":"View Chart of Account","uid":"202"},{"id_application_action":"210","action":"210","name":"Create Chart of Account","uid":"203"},{"id_application_action":"211","action":"211","name":"Edit Chart of Account","uid":"204"},{"id_application_action":"212","action":"212","name":"Delete Chart of Account","uid":"205"},{"id_application_action":"213","action":"213","name":"Save\\/Edit Chart of Account","uid":"206"},{"id_application_action":"214","action":"214","name":"View Employee Salary","uid":"207"},{"id_application_action":"215","action":"215","name":"Create Employee Salary","uid":"208"},{"id_application_action":"216","action":"216","name":"Edit Employee Salary","uid":"209"},{"id_application_action":"217","action":"217","name":"Delete Employee Salary","uid":"210"},{"id_application_action":"218","action":"218","name":"Save\\/Edit Employee Salary","uid":"211"},{"id_application_action":"219","action":"219","name":"View Salary Setting","uid":"212"},{"id_application_action":"220","action":"220","name":"Create Salary Setting","uid":"213"},{"id_application_action":"221","action":"221","name":"Edit Salary Setting","uid":"214"},{"id_application_action":"222","action":"222","name":"Delete Salary Setting","uid":"215"},{"id_application_action":"223","action":"223","name":"Save\\/Edit Salary Setting","uid":"216"},{"id_application_action":"224","action":"224","name":"View Database Interface","uid":"217"},{"id_application_action":"225","action":"225","name":"Pick Assessment Template","uid":"218"},{"id_application_action":"226","action":"226","name":"View Organisation Structure","uid":"219"},{"id_application_action":"227","action":"227","name":"Create Organisation Structure","uid":"220"},{"id_application_action":"228","action":"228","name":"Edit Organisation Structure","uid":"221"},{"id_application_action":"229","action":"229","name":"Delete Organisation Structure","uid":"222"},{"id_application_action":"230","action":"230","name":"Save\\/Edit Organisation Structure","uid":"223"},{"id_application_action":"231","action":"231","name":"View Position Level","uid":"224"},{"id_application_action":"232","action":"232","name":"Create Position Level","uid":"225"},{"id_application_action":"233","action":"233","name":"Edit Position Level","uid":"226"},{"id_application_action":"234","action":"234","name":"Delete Position Level","uid":"227"},{"id_application_action":"235","action":"235","name":"Save\\/Edit Position Level","uid":"228"},{"id_application_action":"236","action":"236","name":"View Employee Contract Type","uid":"229"},{"id_application_action":"237","action":"237","name":"Create Employee Contract Type","uid":"230"},{"id_application_action":"238","action":"238","name":"Edit Employee Contract Type","uid":"231"},{"id_application_action":"239","action":"239","name":"Delete Employee Contract Type","uid":"232"},{"id_application_action":"240","action":"240","name":"Save\\/Edit Employee Contract","uid":"233"},{"id_application_action":"241","action":"241","name":"View Bank","uid":"234"},{"id_application_action":"242","action":"242","name":"Create Bank","uid":"235"},{"id_application_action":"243","action":"243","name":"Edit Bank","uid":"236"},{"id_application_action":"244","action":"244","name":"Delete Bank","uid":"237"},{"id_application_action":"245","action":"245","name":"Save\\/Edit Bank","uid":"238"},{"id_application_action":"246","action":"246","name":"View Payment Receipt","uid":"239"},{"id_application_action":"247","action":"247","name":"Create Payment Receipt","uid":"240"},{"id_application_action":"248","action":"248","name":"Edit Payment Receipt","uid":"241"},{"id_application_action":"249","action":"249","name":"Save\\/Edit Payment Receipt","uid":"242"},{"id_application_action":"250","action":"250","name":"Delete Payment Receipt","uid":"243"},{"id_application_action":"251","action":"251","name":"Receive Payment From PO","uid":"244"},{"id_application_action":"252","action":"252","name":"Make Payment Receipt","uid":"245"},{"id_application_action":"253","action":"253","name":"Cancel Payment Receipt","uid":"246"},{"id_application_action":"254","action":"254","name":"View Stock Transaction","uid":"247"},{"id_application_action":"255","action":"255","name":"Create Stock Transaction","uid":"248"},{"id_application_action":"256","action":"256","name":"Edit Stock Transaction","uid":"249"},{"id_application_action":"257","action":"257","name":"Delete Stock Transaction","uid":"250"},{"id_application_action":"258","action":"258","name":"Save\\/Edit Stock Transaction","uid":"251"},{"id_application_action":"259","action":"259","name":"Post Stock Transaction","uid":"252"},{"id_application_action":"260","action":"260","name":"Unpost Stock Transaction","uid":"253"},{"id_application_action":"261","action":"261","name":"Transfer Good Receive","uid":"254"},{"id_application_action":"262","name":"View Activity","uid":"255","id":"255"}],"is_edit":"true","id_role":"1"}', '2015-01-25 22:13:11'),
(128, 'Save/Edit Side Menu', 'side_menu', NULL, 2, 'Save/Edit Side Menu', 9, '{}', '2015-01-25 22:25:21'),
(129, 'Save/Edit Side Menu', 'side_menu', NULL, 2, 'Save/Edit Side Menu', 9, '{}', '2015-01-25 22:25:44'),
(130, 'Save/Edit Unit Measure', 'unit_measure', NULL, 2, 'Save/Edit Unit Measure', 92, '{}', '2015-01-25 22:32:29'),
(131, 'Save/Edit Product', 'product', NULL, 2, 'Save/Edit Product', 25, '{}', '2015-01-26 09:13:42');
INSERT INTO `activity_log` (`id_log`, `activity`, `object`, `object_id`, `user`, `description`, `action`, `field_data`, `date_create`) VALUES
(132, 'Save/Edit Product', 'product', NULL, 2, 'Save/Edit Product', 25, '{}', '2015-01-26 09:14:01'),
(133, 'Save/Edit Product', 'product', NULL, 2, 'Save/Edit Product', 25, '{}', '2015-01-26 09:14:15'),
(134, 'Save/Edit Side Menu', 'side_menu', NULL, 2, 'Save/Edit Side Menu', 9, '{}', '2015-01-26 09:51:40'),
(135, 'Save/Edit Side Menu', 'side_menu', NULL, 2, 'Save/Edit Side Menu', 9, '{}', '2015-01-26 09:52:10'),
(136, 'Save/Edit Side Menu', 'side_menu', NULL, 2, 'Save/Edit Side Menu', 9, '{}', '2015-01-26 09:52:52'),
(137, 'Save/Edit PO', 'po', NULL, 2, 'Save/Edit PO', 61, '{"date":"2015-01-30","note":"","delivery_date":"2015-01-31","supplier":"1","mr":"","sub_total":"1000000","total_price":"1100000","tax":"100000","product_detail":[{"id_product":"2","product_category":"1","merk":"2","product_code":"XXX.XXX.XXX.001","product_name":"Product Test","name":"Merk1","unit_name":"pcs","unit":"2","category_name":"Category 1","uid":"2","qty":"10","unit_price":"100000","total_price":"0"}],"is_edit":"false","id_po":""}', '2015-01-30 20:30:10'),
(138, 'Validate PO', 'po', NULL, 2, 'Validate PO', 99, '{"id_po":"3","status":"open"}', '2015-01-30 20:30:16'),
(139, 'Save/Edit Good Receive', 'gr', NULL, 2, 'Save/Edit Good Receive', 71, '{}', '2015-01-30 20:31:35'),
(140, 'Transfer Good Receive', 'gr', NULL, 2, 'Transfer Good Receive', 261, '{}', '2015-01-30 20:31:57'),
(141, 'Save/Edit Payment Receipt', 'payment_receipt', NULL, 2, 'Save/Edit Payment Receipt', 249, '{}', '2015-01-30 20:32:43'),
(142, 'Make Payment Receipt', 'payment_receipt', NULL, 2, 'Make Payment Receipt', 252, '{}', '2015-01-30 20:32:43'),
(143, 'Save/Edit Payment Receipt', 'payment_receipt', NULL, 2, 'Save/Edit Payment Receipt', 249, '{}', '2015-01-30 20:33:28'),
(144, 'Save/Edit Payment Receipt', 'payment_receipt', NULL, 2, 'Save/Edit Payment Receipt', 249, '{}', '2015-01-30 20:33:35'),
(145, 'Make Payment Receipt', 'payment_receipt', NULL, 2, 'Make Payment Receipt', 252, '{}', '2015-01-30 20:33:35'),
(146, 'Save/Edit Chart of Account', 'coa', NULL, 2, 'Save/Edit Chart of Account', 213, '{}', '2015-02-01 11:54:22'),
(147, 'Save/Edit Chart of Account', 'coa', NULL, 2, 'Save/Edit Chart of Account', 213, '{}', '2015-02-01 11:54:53'),
(148, 'Save/Edit Chart of Account', 'coa', NULL, 2, 'Save/Edit Chart of Account', 213, '{}', '2015-02-01 11:55:30'),
(149, 'Delete Chart of Account', 'coa', NULL, 2, 'Delete Chart of Account', 212, '{}', '2015-02-01 11:55:50'),
(150, 'Save/Edit Chart of Account', 'coa', NULL, 2, 'Save/Edit Chart of Account', 213, '{}', '2015-02-01 11:56:08'),
(151, 'Save/Edit Bank', 'bank', NULL, 2, 'Save/Edit Bank', 245, '{}', '2015-02-07 17:35:36'),
(152, 'Save/Edit Cash Register', 'cash_register', NULL, 2, 'Save/Edit Cash Register', 203, '{}', '2015-02-07 17:36:12'),
(153, 'Save/Edit Inquiry', 'inquiry', NULL, 2, 'Save/Edit Inquiry', 113, '{}', '2015-02-11 11:05:12'),
(154, 'Save/Edit Inquiry', 'inquiry', NULL, 2, 'Save/Edit Inquiry', 113, '{}', '2015-02-11 11:06:14'),
(155, 'Delete Inquiry', 'inquiry', NULL, 2, 'Delete Inquiry', 112, '{}', '2015-02-11 11:06:23'),
(156, 'Save/Edit Quotation', 'quotation', NULL, 2, 'Save/Edit Quotation', 123, '{}', '2015-02-12 06:37:29'),
(157, 'Save/Edit Work Schedule', 'work_schedule', NULL, 2, 'Save/Edit Work Schedule', 148, '{}', '2015-02-13 08:41:57'),
(158, 'Save/Edit Role', 'role', NULL, 2, 'Save/Edit Role', 20, '{"name":"administrator","action_detail":[{"id_application_action":"1","action":"1","name":"View Application Action","uid":"0"},{"id_application_action":"2","action":"2","name":"Create Application Action","uid":"1"},{"id_application_action":"3","action":"3","name":"Edit Application Action","uid":"2"},{"id_application_action":"4","action":"4","name":"Delete Application Action","uid":"3"},{"id_application_action":"5","action":"5","name":"View Side Menu","uid":"4"},{"id_application_action":"6","action":"6","name":"Create Side Menu","uid":"5"},{"id_application_action":"7","action":"7","name":"Edit Side Menu","uid":"6"},{"id_application_action":"8","action":"8","name":"Delete Side Menu","uid":"7"},{"id_application_action":"9","action":"9","name":"Save\\/Edit Side Menu","uid":"8"},{"id_application_action":"10","action":"10","name":"Save\\/Edit Action","uid":"9"},{"id_application_action":"11","action":"11","name":"View Division","uid":"10"},{"id_application_action":"12","action":"12","name":"Create Division","uid":"11"},{"id_application_action":"13","action":"13","name":"Save\\/Edit Division","uid":"12"},{"id_application_action":"14","action":"14","name":"Edit Division","uid":"13"},{"id_application_action":"15","action":"15","name":"Delete Division","uid":"14"},{"id_application_action":"16","action":"16","name":"View Role","uid":"15"},{"id_application_action":"17","action":"17","name":"View Create Role","uid":"16"},{"id_application_action":"18","action":"18","name":"View Edit Role","uid":"17"},{"id_application_action":"19","action":"19","name":"Delete Role","uid":"18"},{"id_application_action":"20","action":"20","name":"Save\\/Edit Role","uid":"19"},{"id_application_action":"21","action":"21","name":"View Product","uid":"20"},{"id_application_action":"22","action":"22","name":"Create Product","uid":"21"},{"id_application_action":"23","action":"23","name":"Edit Product","uid":"22"},{"id_application_action":"24","action":"24","name":"Delete Product","uid":"23"},{"id_application_action":"25","action":"25","name":"Save\\/Edit Product","uid":"24"},{"id_application_action":"26","action":"26","name":"View Supplier","uid":"25"},{"id_application_action":"27","action":"27","name":"Create Supplier","uid":"26"},{"id_application_action":"28","action":"28","name":"Edit Supplier","uid":"27"},{"id_application_action":"29","action":"29","name":"Delete Supplier","uid":"28"},{"id_application_action":"30","action":"30","name":"Save\\/Edit Supplier","uid":"29"},{"id_application_action":"31","action":"31","name":"View Product Category","uid":"30"},{"id_application_action":"32","action":"32","name":"Create Product Category","uid":"31"},{"id_application_action":"33","action":"33","name":"Edit Product Category","uid":"32"},{"id_application_action":"34","action":"34","name":"Delete Product Category","uid":"33"},{"id_application_action":"35","action":"35","name":"Save\\/Edit Product Category","uid":"34"},{"id_application_action":"36","action":"36","name":"View Merk","uid":"35"},{"id_application_action":"37","action":"37","name":"Create Merk","uid":"36"},{"id_application_action":"38","action":"38","name":"Edit Merk","uid":"37"},{"id_application_action":"39","action":"39","name":"Delete Merk","uid":"38"},{"id_application_action":"40","action":"40","name":"Save\\/Edit Merk","uid":"39"},{"id_application_action":"41","action":"41","name":"View Customer","uid":"40"},{"id_application_action":"43","action":"43","name":"Create Customer","uid":"41"},{"id_application_action":"44","action":"44","name":"Edit Customer","uid":"42"},{"id_application_action":"45","action":"45","name":"Delete Customer","uid":"43"},{"id_application_action":"46","action":"46","name":"Save\\/Edit Customer","uid":"44"},{"id_application_action":"47","action":"47","name":"View Warehouse","uid":"45"},{"id_application_action":"48","action":"48","name":"Create Warehouse","uid":"46"},{"id_application_action":"49","action":"49","name":"Edit Warehouse","uid":"47"},{"id_application_action":"50","action":"50","name":"Delete Warehouse","uid":"48"},{"id_application_action":"51","action":"51","name":"Save\\/Edit Warehouse","uid":"49"},{"id_application_action":"57","action":"57","name":"View PO","uid":"50"},{"id_application_action":"58","action":"58","name":"Create PO","uid":"51"},{"id_application_action":"59","action":"59","name":"Edit PO","uid":"52"},{"id_application_action":"60","action":"60","name":"Delete PO","uid":"53"},{"id_application_action":"61","action":"61","name":"Save\\/Edit PO","uid":"54"},{"id_application_action":"62","action":"62","name":"View User","uid":"55"},{"id_application_action":"63","action":"63","name":"Create User","uid":"56"},{"id_application_action":"64","action":"64","name":"Edit User","uid":"57"},{"id_application_action":"65","action":"65","name":"Delete User","uid":"58"},{"id_application_action":"66","action":"66","name":"Save\\/Edit User","uid":"59"},{"id_application_action":"67","action":"67","name":"View Good Receive","uid":"60"},{"id_application_action":"68","action":"68","name":"Create Good Receive","uid":"61"},{"id_application_action":"69","action":"69","name":"Edit Good Receive","uid":"62"},{"id_application_action":"70","action":"70","name":"Delete Good Receive","uid":"63"},{"id_application_action":"71","action":"71","name":"Save\\/Edit Good Receive","uid":"64"},{"id_application_action":"72","action":"72","name":"View Sales Order","uid":"65"},{"id_application_action":"73","action":"73","name":"Create Sales Order","uid":"66"},{"id_application_action":"74","action":"74","name":"Edit Sales Order","uid":"67"},{"id_application_action":"75","action":"75","name":"Delete Sales Order","uid":"68"},{"id_application_action":"76","action":"76","name":"Save Sales Order","uid":"69"},{"id_application_action":"77","action":"77","name":"View Material Request","uid":"70"},{"id_application_action":"78","action":"78","name":"Create Material Request","uid":"71"},{"id_application_action":"79","action":"79","name":"Edit Material Request","uid":"72"},{"id_application_action":"80","action":"80","name":"Delete Material Request","uid":"73"},{"id_application_action":"81","action":"81","name":"Save Material Request","uid":"74"},{"id_application_action":"82","action":"82","name":"Change User Password","uid":"75"},{"id_application_action":"83","action":"83","name":"View Delivery Note","uid":"76"},{"id_application_action":"84","action":"84","name":"Create Delivery Note","uid":"77"},{"id_application_action":"85","action":"85","name":"Edit Delivery Note","uid":"78"},{"id_application_action":"86","action":"86","name":"Delete Delivery Note","uid":"79"},{"id_application_action":"87","action":"87","name":"Save\\/Edit Delivery Note","uid":"80"},{"id_application_action":"88","action":"88","name":"View Unit Measure","uid":"81"},{"id_application_action":"89","action":"89","name":"Create Unit Measure","uid":"82"},{"id_application_action":"90","action":"90","name":"Edit Unit Measure","uid":"83"},{"id_application_action":"91","action":"91","name":"Delete Unit Measure","uid":"84"},{"id_application_action":"92","action":"92","name":"Save\\/Edit Unit Measure","uid":"85"},{"id_application_action":"93","action":"93","name":"View Stock","uid":"86"},{"id_application_action":"94","action":"94","name":"View Employee","uid":"87"},{"id_application_action":"95","action":"95","name":"Create Employee","uid":"88"},{"id_application_action":"96","action":"96","name":"Edit Employee","uid":"89"},{"id_application_action":"97","action":"97","name":"Delete Employee","uid":"90"},{"id_application_action":"98","action":"98","name":"Save\\/Edit Employee","uid":"91"},{"id_application_action":"99","action":"99","name":"Validate PO","uid":"92"},{"id_application_action":"100","action":"100","name":"Create Database Interface","uid":"93"},{"id_application_action":"101","action":"101","name":"Edit Database Interface","uid":"94"},{"id_application_action":"102","action":"102","name":"Delete Database Interface","uid":"95"},{"id_application_action":"103","action":"103","name":"Save \\/ Edit Database Interface","uid":"96"},{"id_application_action":"104","action":"104","name":"View Database Field Interface","uid":"97"},{"id_application_action":"105","action":"105","name":"Create Database Field Interface","uid":"98"},{"id_application_action":"106","action":"106","name":"Edit Database Field Interface","uid":"99"},{"id_application_action":"107","action":"107","name":"Delete Database Field Interface","uid":"100"},{"id_application_action":"108","action":"108","name":"Save \\/ Edit Database Field Interface","uid":"101"},{"id_application_action":"109","action":"109","name":"View Inquiry","uid":"102"},{"id_application_action":"110","action":"110","name":"Create Inquiry","uid":"103"},{"id_application_action":"111","action":"111","name":"Edit Inquiry","uid":"104"},{"id_application_action":"112","action":"112","name":"Delete Inquiry","uid":"105"},{"id_application_action":"113","action":"113","name":"Save\\/Edit Inquiry","uid":"106"},{"id_application_action":"114","action":"114","name":"View Survey \\/ Assessment","uid":"107"},{"id_application_action":"115","action":"115","name":"Create Survey \\/ Assessment","uid":"108"},{"id_application_action":"116","action":"116","name":"Edit Survey \\/ Assessment","uid":"109"},{"id_application_action":"117","action":"117","name":"Delete Survey \\/ Assessment","uid":"110"},{"id_application_action":"118","action":"118","name":"Save\\/Edit Survey \\/ Assessment","uid":"111"},{"id_application_action":"119","action":"119","name":"View Quotation","uid":"112"},{"id_application_action":"120","action":"120","name":"Create Quotation","uid":"113"},{"id_application_action":"121","action":"121","name":"Edit Quotation","uid":"114"},{"id_application_action":"122","action":"122","name":"Delete Quotation","uid":"115"},{"id_application_action":"123","action":"123","name":"Save\\/Edit Quotation","uid":"116"},{"id_application_action":"124","action":"124","name":"View Project Contract","uid":"117"},{"id_application_action":"125","action":"125","name":"Create Project Contract","uid":"118"},{"id_application_action":"126","action":"126","name":"Edit Project Contract","uid":"119"},{"id_application_action":"127","action":"127","name":"Delete Project Contract","uid":"120"},{"id_application_action":"128","action":"128","name":"Save\\/Edit Project Contract","uid":"121"},{"id_application_action":"129","action":"129","name":"View Work Order","uid":"122"},{"id_application_action":"130","action":"130","name":"Create Work Order","uid":"123"},{"id_application_action":"131","action":"131","name":"Edit Work Order","uid":"124"},{"id_application_action":"132","action":"132","name":"Delete Work Order","uid":"125"},{"id_application_action":"133","action":"133","name":"Save\\/Edit Work Order","uid":"126"},{"id_application_action":"134","action":"134","name":"View Assessment Template","uid":"127"},{"id_application_action":"135","action":"135","name":"Create Assessment Template","uid":"128"},{"id_application_action":"136","action":"136","name":"Edit Assessment Template","uid":"129"},{"id_application_action":"137","action":"137","name":"Delete Assessment Template","uid":"130"},{"id_application_action":"138","action":"138","name":"Save\\/Edit Assessment Template","uid":"131"},{"id_application_action":"139","action":"139","name":"View Contract Template","uid":"132"},{"id_application_action":"140","action":"140","name":"Create Contract Template","uid":"133"},{"id_application_action":"141","action":"141","name":"Edit Contract Template","uid":"134"},{"id_application_action":"142","action":"142","name":"Delete Contract Template","uid":"135"},{"id_application_action":"143","action":"143","name":"Save\\/Edit Contract Template","uid":"136"},{"id_application_action":"144","action":"144","name":"View Work Schedule","uid":"137"},{"id_application_action":"145","action":"145","name":"Create Work Schedule","uid":"138"},{"id_application_action":"146","action":"146","name":"Edit Work Schedule","uid":"139"},{"id_application_action":"147","action":"147","name":"Delete Work Schedule","uid":"140"},{"id_application_action":"148","action":"148","name":"Save\\/Edit Work Schedule","uid":"141"},{"id_application_action":"149","action":"149","name":"View SO Assignment","uid":"142"},{"id_application_action":"150","action":"150","name":"Create SO Assignment","uid":"143"},{"id_application_action":"151","action":"151","name":"Edit SO Assignment","uid":"144"},{"id_application_action":"152","action":"152","name":"Delete SO Assignment","uid":"145"},{"id_application_action":"153","action":"153","name":"Save\\/Edit SO Assignment","uid":"146"},{"id_application_action":"154","action":"154","name":"View Shift Change","uid":"147"},{"id_application_action":"155","action":"155","name":"Create Shift Change","uid":"148"},{"id_application_action":"156","action":"156","name":"Edit Shift Change","uid":"149"},{"id_application_action":"157","action":"157","name":"Delete Shift Change","uid":"150"},{"id_application_action":"158","action":"158","name":"Save\\/Edit Shift Change","uid":"151"},{"id_application_action":"159","action":"159","name":"View Leave Application","uid":"152"},{"id_application_action":"160","action":"160","name":"Create Leave Application","uid":"153"},{"id_application_action":"161","action":"161","name":"Edit Leave Application","uid":"154"},{"id_application_action":"162","action":"162","name":"Delete Leave Application","uid":"155"},{"id_application_action":"163","action":"163","name":"Save\\/Edit Leave Application","uid":"156"},{"id_application_action":"164","action":"164","name":"View Timesheet (Recap)","uid":"157"},{"id_application_action":"165","action":"165","name":"Create Timesheet (Recap)","uid":"158"},{"id_application_action":"166","action":"166","name":"Edit Timesheet (Recap)","uid":"159"},{"id_application_action":"167","action":"167","name":"Delete Timesheet (Recap)","uid":"160"},{"id_application_action":"168","action":"168","name":"Save\\/Edit Timesheet (Recap)","uid":"161"},{"id_application_action":"169","action":"169","name":"View SO Timesheet","uid":"162"},{"id_application_action":"170","action":"170","name":"Create SO Timesheet","uid":"163"},{"id_application_action":"171","action":"171","name":"Edit SO Timesheet","uid":"164"},{"id_application_action":"172","action":"172","name":"Delete SO Timesheet","uid":"165"},{"id_application_action":"173","action":"173","name":"Save\\/Edit SO Timesheet","uid":"166"},{"id_application_action":"174","action":"174","name":"View Incident Report","uid":"167"},{"id_application_action":"175","action":"175","name":"Create Incident Report","uid":"168"},{"id_application_action":"176","action":"176","name":"Edit Incident Report","uid":"169"},{"id_application_action":"177","action":"177","name":"Delete Incident Report","uid":"170"},{"id_application_action":"178","action":"178","name":"Save\\/Edit Incident Report","uid":"171"},{"id_application_action":"179","action":"179","name":"View Payroll","uid":"172"},{"id_application_action":"180","action":"180","name":"Create Payroll","uid":"173"},{"id_application_action":"181","action":"181","name":"Edit Payroll","uid":"174"},{"id_application_action":"182","action":"182","name":"Delete Payroll","uid":"175"},{"id_application_action":"183","action":"183","name":"Save\\/Edit Payroll","uid":"176"},{"id_application_action":"184","action":"184","name":"View Supplier Invoice","uid":"177"},{"id_application_action":"185","action":"185","name":"Create Supplier Invoice","uid":"178"},{"id_application_action":"186","action":"186","name":"Edit Supplier Invoice","uid":"179"},{"id_application_action":"187","action":"187","name":"Delete Supplier Invoice","uid":"180"},{"id_application_action":"188","action":"188","name":"Save\\/Edit Supplier Invoice","uid":"181"},{"id_application_action":"189","action":"189","name":"View Customer Invoice","uid":"182"},{"id_application_action":"190","action":"190","name":"Create Customer Invoice","uid":"183"},{"id_application_action":"191","action":"191","name":"Edit Customer Invoice","uid":"184"},{"id_application_action":"192","action":"192","name":"Delete Customer Invoice","uid":"185"},{"id_application_action":"193","action":"193","name":"Save\\/Edit Customer Invoice","uid":"186"},{"id_application_action":"194","action":"194","name":"View Bank Statement","uid":"187"},{"id_application_action":"195","action":"195","name":"Create Bank Statement","uid":"188"},{"id_application_action":"196","action":"196","name":"Edit Bank Statement","uid":"189"},{"id_application_action":"197","action":"197","name":"Delete Bank Statement","uid":"190"},{"id_application_action":"198","action":"198","name":"Save\\/Edit Bank Statement","uid":"191"},{"id_application_action":"199","action":"199","name":"View Cash Register","uid":"192"},{"id_application_action":"200","action":"200","name":"Create Cash Register","uid":"193"},{"id_application_action":"201","action":"201","name":"Edit Cash Register","uid":"194"},{"id_application_action":"202","action":"202","name":"Delete Cash Register","uid":"195"},{"id_application_action":"203","action":"203","name":"Save\\/Edit Cash Register","uid":"196"},{"id_application_action":"204","action":"204","name":"View Tax","uid":"197"},{"id_application_action":"205","action":"205","name":"Create Tax","uid":"198"},{"id_application_action":"206","action":"206","name":"Edit Tax","uid":"199"},{"id_application_action":"207","action":"207","name":"Delete Tax","uid":"200"},{"id_application_action":"208","action":"208","name":"Save\\/Edit Tax","uid":"201"},{"id_application_action":"209","action":"209","name":"View Chart of Account","uid":"202"},{"id_application_action":"210","action":"210","name":"Create Chart of Account","uid":"203"},{"id_application_action":"211","action":"211","name":"Edit Chart of Account","uid":"204"},{"id_application_action":"212","action":"212","name":"Delete Chart of Account","uid":"205"},{"id_application_action":"213","action":"213","name":"Save\\/Edit Chart of Account","uid":"206"},{"id_application_action":"214","action":"214","name":"View Employee Salary","uid":"207"},{"id_application_action":"215","action":"215","name":"Create Employee Salary","uid":"208"},{"id_application_action":"216","action":"216","name":"Edit Employee Salary","uid":"209"},{"id_application_action":"217","action":"217","name":"Delete Employee Salary","uid":"210"},{"id_application_action":"218","action":"218","name":"Save\\/Edit Employee Salary","uid":"211"},{"id_application_action":"219","action":"219","name":"View Salary Setting","uid":"212"},{"id_application_action":"220","action":"220","name":"Create Salary Setting","uid":"213"},{"id_application_action":"221","action":"221","name":"Edit Salary Setting","uid":"214"},{"id_application_action":"222","action":"222","name":"Delete Salary Setting","uid":"215"},{"id_application_action":"223","action":"223","name":"Save\\/Edit Salary Setting","uid":"216"},{"id_application_action":"224","action":"224","name":"View Database Interface","uid":"217"},{"id_application_action":"225","action":"225","name":"Pick Assessment Template","uid":"218"},{"id_application_action":"226","action":"226","name":"View Organisation Structure","uid":"219"},{"id_application_action":"227","action":"227","name":"Create Organisation Structure","uid":"220"},{"id_application_action":"228","action":"228","name":"Edit Organisation Structure","uid":"221"},{"id_application_action":"229","action":"229","name":"Delete Organisation Structure","uid":"222"},{"id_application_action":"230","action":"230","name":"Save\\/Edit Organisation Structure","uid":"223"},{"id_application_action":"231","action":"231","name":"View Position Level","uid":"224"},{"id_application_action":"232","action":"232","name":"Create Position Level","uid":"225"},{"id_application_action":"233","action":"233","name":"Edit Position Level","uid":"226"},{"id_application_action":"234","action":"234","name":"Delete Position Level","uid":"227"},{"id_application_action":"235","action":"235","name":"Save\\/Edit Position Level","uid":"228"},{"id_application_action":"236","action":"236","name":"View Employee Contract Type","uid":"229"},{"id_application_action":"237","action":"237","name":"Create Employee Contract Type","uid":"230"},{"id_application_action":"238","action":"238","name":"Edit Employee Contract Type","uid":"231"},{"id_application_action":"239","action":"239","name":"Delete Employee Contract Type","uid":"232"},{"id_application_action":"240","action":"240","name":"Save\\/Edit Employee Contract","uid":"233"},{"id_application_action":"241","action":"241","name":"View Bank","uid":"234"},{"id_application_action":"242","action":"242","name":"Create Bank","uid":"235"},{"id_application_action":"243","action":"243","name":"Edit Bank","uid":"236"},{"id_application_action":"244","action":"244","name":"Delete Bank","uid":"237"},{"id_application_action":"245","action":"245","name":"Save\\/Edit Bank","uid":"238"},{"id_application_action":"246","action":"246","name":"View Payment Receipt","uid":"239"},{"id_application_action":"247","action":"247","name":"Create Payment Receipt","uid":"240"},{"id_application_action":"248","action":"248","name":"Edit Payment Receipt","uid":"241"},{"id_application_action":"249","action":"249","name":"Save\\/Edit Payment Receipt","uid":"242"},{"id_application_action":"250","action":"250","name":"Delete Payment Receipt","uid":"243"},{"id_application_action":"251","action":"251","name":"Receive Payment From PO","uid":"244"},{"id_application_action":"252","action":"252","name":"Make Payment Receipt","uid":"245"},{"id_application_action":"253","action":"253","name":"Cancel Payment Receipt","uid":"246"},{"id_application_action":"254","action":"254","name":"View Stock Transaction","uid":"247"},{"id_application_action":"255","action":"255","name":"Create Stock Transaction","uid":"248"},{"id_application_action":"256","action":"256","name":"Edit Stock Transaction","uid":"249"},{"id_application_action":"257","action":"257","name":"Delete Stock Transaction","uid":"250"},{"id_application_action":"258","action":"258","name":"Save\\/Edit Stock Transaction","uid":"251"},{"id_application_action":"259","action":"259","name":"Post Stock Transaction","uid":"252"},{"id_application_action":"260","action":"260","name":"Unpost Stock Transaction","uid":"253"},{"id_application_action":"261","action":"261","name":"Transfer Good Receive","uid":"254"},{"id_application_action":"262","action":"262","name":"View Activity","uid":"255"},{"id_application_action":"263","name":"Make Working Schedule","uid":"256","id":"256"}],"is_edit":"true","id_role":"1"}', '2015-02-16 12:15:09'),
(159, 'Save/Edit Role', 'role', NULL, 2, 'Save/Edit Role', 20, '{"name":"administrator","action_detail":[{"id_application_action":"1","action":"1","name":"View Application Action","uid":"0"},{"id_application_action":"2","action":"2","name":"Create Application Action","uid":"1"},{"id_application_action":"3","action":"3","name":"Edit Application Action","uid":"2"},{"id_application_action":"4","action":"4","name":"Delete Application Action","uid":"3"},{"id_application_action":"5","action":"5","name":"View Side Menu","uid":"4"},{"id_application_action":"6","action":"6","name":"Create Side Menu","uid":"5"},{"id_application_action":"7","action":"7","name":"Edit Side Menu","uid":"6"},{"id_application_action":"8","action":"8","name":"Delete Side Menu","uid":"7"},{"id_application_action":"9","action":"9","name":"Save\\/Edit Side Menu","uid":"8"},{"id_application_action":"10","action":"10","name":"Save\\/Edit Action","uid":"9"},{"id_application_action":"11","action":"11","name":"View Division","uid":"10"},{"id_application_action":"12","action":"12","name":"Create Division","uid":"11"},{"id_application_action":"13","action":"13","name":"Save\\/Edit Division","uid":"12"},{"id_application_action":"14","action":"14","name":"Edit Division","uid":"13"},{"id_application_action":"15","action":"15","name":"Delete Division","uid":"14"},{"id_application_action":"16","action":"16","name":"View Role","uid":"15"},{"id_application_action":"17","action":"17","name":"View Create Role","uid":"16"},{"id_application_action":"18","action":"18","name":"View Edit Role","uid":"17"},{"id_application_action":"19","action":"19","name":"Delete Role","uid":"18"},{"id_application_action":"20","action":"20","name":"Save\\/Edit Role","uid":"19"},{"id_application_action":"21","action":"21","name":"View Product","uid":"20"},{"id_application_action":"22","action":"22","name":"Create Product","uid":"21"},{"id_application_action":"23","action":"23","name":"Edit Product","uid":"22"},{"id_application_action":"24","action":"24","name":"Delete Product","uid":"23"},{"id_application_action":"25","action":"25","name":"Save\\/Edit Product","uid":"24"},{"id_application_action":"26","action":"26","name":"View Supplier","uid":"25"},{"id_application_action":"27","action":"27","name":"Create Supplier","uid":"26"},{"id_application_action":"28","action":"28","name":"Edit Supplier","uid":"27"},{"id_application_action":"29","action":"29","name":"Delete Supplier","uid":"28"},{"id_application_action":"30","action":"30","name":"Save\\/Edit Supplier","uid":"29"},{"id_application_action":"31","action":"31","name":"View Product Category","uid":"30"},{"id_application_action":"32","action":"32","name":"Create Product Category","uid":"31"},{"id_application_action":"33","action":"33","name":"Edit Product Category","uid":"32"},{"id_application_action":"34","action":"34","name":"Delete Product Category","uid":"33"},{"id_application_action":"35","action":"35","name":"Save\\/Edit Product Category","uid":"34"},{"id_application_action":"36","action":"36","name":"View Merk","uid":"35"},{"id_application_action":"37","action":"37","name":"Create Merk","uid":"36"},{"id_application_action":"38","action":"38","name":"Edit Merk","uid":"37"},{"id_application_action":"39","action":"39","name":"Delete Merk","uid":"38"},{"id_application_action":"40","action":"40","name":"Save\\/Edit Merk","uid":"39"},{"id_application_action":"41","action":"41","name":"View Customer","uid":"40"},{"id_application_action":"43","action":"43","name":"Create Customer","uid":"41"},{"id_application_action":"44","action":"44","name":"Edit Customer","uid":"42"},{"id_application_action":"45","action":"45","name":"Delete Customer","uid":"43"},{"id_application_action":"46","action":"46","name":"Save\\/Edit Customer","uid":"44"},{"id_application_action":"47","action":"47","name":"View Warehouse","uid":"45"},{"id_application_action":"48","action":"48","name":"Create Warehouse","uid":"46"},{"id_application_action":"49","action":"49","name":"Edit Warehouse","uid":"47"},{"id_application_action":"50","action":"50","name":"Delete Warehouse","uid":"48"},{"id_application_action":"51","action":"51","name":"Save\\/Edit Warehouse","uid":"49"},{"id_application_action":"57","action":"57","name":"View PO","uid":"50"},{"id_application_action":"58","action":"58","name":"Create PO","uid":"51"},{"id_application_action":"59","action":"59","name":"Edit PO","uid":"52"},{"id_application_action":"60","action":"60","name":"Delete PO","uid":"53"},{"id_application_action":"61","action":"61","name":"Save\\/Edit PO","uid":"54"},{"id_application_action":"62","action":"62","name":"View User","uid":"55"},{"id_application_action":"63","action":"63","name":"Create User","uid":"56"},{"id_application_action":"64","action":"64","name":"Edit User","uid":"57"},{"id_application_action":"65","action":"65","name":"Delete User","uid":"58"},{"id_application_action":"66","action":"66","name":"Save\\/Edit User","uid":"59"},{"id_application_action":"67","action":"67","name":"View Good Receive","uid":"60"},{"id_application_action":"68","action":"68","name":"Create Good Receive","uid":"61"},{"id_application_action":"69","action":"69","name":"Edit Good Receive","uid":"62"},{"id_application_action":"70","action":"70","name":"Delete Good Receive","uid":"63"},{"id_application_action":"71","action":"71","name":"Save\\/Edit Good Receive","uid":"64"},{"id_application_action":"72","action":"72","name":"View Sales Order","uid":"65"},{"id_application_action":"73","action":"73","name":"Create Sales Order","uid":"66"},{"id_application_action":"74","action":"74","name":"Edit Sales Order","uid":"67"},{"id_application_action":"75","action":"75","name":"Delete Sales Order","uid":"68"},{"id_application_action":"76","action":"76","name":"Save Sales Order","uid":"69"},{"id_application_action":"77","action":"77","name":"View Material Request","uid":"70"},{"id_application_action":"78","action":"78","name":"Create Material Request","uid":"71"},{"id_application_action":"79","action":"79","name":"Edit Material Request","uid":"72"},{"id_application_action":"80","action":"80","name":"Delete Material Request","uid":"73"},{"id_application_action":"81","action":"81","name":"Save Material Request","uid":"74"},{"id_application_action":"82","action":"82","name":"Change User Password","uid":"75"},{"id_application_action":"83","action":"83","name":"View Delivery Note","uid":"76"},{"id_application_action":"84","action":"84","name":"Create Delivery Note","uid":"77"},{"id_application_action":"85","action":"85","name":"Edit Delivery Note","uid":"78"},{"id_application_action":"86","action":"86","name":"Delete Delivery Note","uid":"79"},{"id_application_action":"87","action":"87","name":"Save\\/Edit Delivery Note","uid":"80"},{"id_application_action":"88","action":"88","name":"View Unit Measure","uid":"81"},{"id_application_action":"89","action":"89","name":"Create Unit Measure","uid":"82"},{"id_application_action":"90","action":"90","name":"Edit Unit Measure","uid":"83"},{"id_application_action":"91","action":"91","name":"Delete Unit Measure","uid":"84"},{"id_application_action":"92","action":"92","name":"Save\\/Edit Unit Measure","uid":"85"},{"id_application_action":"93","action":"93","name":"View Stock","uid":"86"},{"id_application_action":"94","action":"94","name":"View Employee","uid":"87"},{"id_application_action":"95","action":"95","name":"Create Employee","uid":"88"},{"id_application_action":"96","action":"96","name":"Edit Employee","uid":"89"},{"id_application_action":"97","action":"97","name":"Delete Employee","uid":"90"},{"id_application_action":"98","action":"98","name":"Save\\/Edit Employee","uid":"91"},{"id_application_action":"99","action":"99","name":"Validate PO","uid":"92"},{"id_application_action":"100","action":"100","name":"Create Database Interface","uid":"93"},{"id_application_action":"101","action":"101","name":"Edit Database Interface","uid":"94"},{"id_application_action":"102","action":"102","name":"Delete Database Interface","uid":"95"},{"id_application_action":"103","action":"103","name":"Save \\/ Edit Database Interface","uid":"96"},{"id_application_action":"104","action":"104","name":"View Database Field Interface","uid":"97"},{"id_application_action":"105","action":"105","name":"Create Database Field Interface","uid":"98"},{"id_application_action":"106","action":"106","name":"Edit Database Field Interface","uid":"99"},{"id_application_action":"107","action":"107","name":"Delete Database Field Interface","uid":"100"},{"id_application_action":"108","action":"108","name":"Save \\/ Edit Database Field Interface","uid":"101"},{"id_application_action":"109","action":"109","name":"View Inquiry","uid":"102"},{"id_application_action":"110","action":"110","name":"Create Inquiry","uid":"103"},{"id_application_action":"111","action":"111","name":"Edit Inquiry","uid":"104"},{"id_application_action":"112","action":"112","name":"Delete Inquiry","uid":"105"},{"id_application_action":"113","action":"113","name":"Save\\/Edit Inquiry","uid":"106"},{"id_application_action":"114","action":"114","name":"View Survey \\/ Assessment","uid":"107"},{"id_application_action":"115","action":"115","name":"Create Survey \\/ Assessment","uid":"108"},{"id_application_action":"116","action":"116","name":"Edit Survey \\/ Assessment","uid":"109"},{"id_application_action":"117","action":"117","name":"Delete Survey \\/ Assessment","uid":"110"},{"id_application_action":"118","action":"118","name":"Save\\/Edit Survey \\/ Assessment","uid":"111"},{"id_application_action":"119","action":"119","name":"View Quotation","uid":"112"},{"id_application_action":"120","action":"120","name":"Create Quotation","uid":"113"},{"id_application_action":"121","action":"121","name":"Edit Quotation","uid":"114"},{"id_application_action":"122","action":"122","name":"Delete Quotation","uid":"115"},{"id_application_action":"123","action":"123","name":"Save\\/Edit Quotation","uid":"116"},{"id_application_action":"124","action":"124","name":"View Project Contract","uid":"117"},{"id_application_action":"125","action":"125","name":"Create Project Contract","uid":"118"},{"id_application_action":"126","action":"126","name":"Edit Project Contract","uid":"119"},{"id_application_action":"127","action":"127","name":"Delete Project Contract","uid":"120"},{"id_application_action":"128","action":"128","name":"Save\\/Edit Project Contract","uid":"121"},{"id_application_action":"129","action":"129","name":"View Work Order","uid":"122"},{"id_application_action":"130","action":"130","name":"Create Work Order","uid":"123"},{"id_application_action":"131","action":"131","name":"Edit Work Order","uid":"124"},{"id_application_action":"132","action":"132","name":"Delete Work Order","uid":"125"},{"id_application_action":"133","action":"133","name":"Save\\/Edit Work Order","uid":"126"},{"id_application_action":"134","action":"134","name":"View Assessment Template","uid":"127"},{"id_application_action":"135","action":"135","name":"Create Assessment Template","uid":"128"},{"id_application_action":"136","action":"136","name":"Edit Assessment Template","uid":"129"},{"id_application_action":"137","action":"137","name":"Delete Assessment Template","uid":"130"},{"id_application_action":"138","action":"138","name":"Save\\/Edit Assessment Template","uid":"131"},{"id_application_action":"139","action":"139","name":"View Contract Template","uid":"132"},{"id_application_action":"140","action":"140","name":"Create Contract Template","uid":"133"},{"id_application_action":"141","action":"141","name":"Edit Contract Template","uid":"134"},{"id_application_action":"142","action":"142","name":"Delete Contract Template","uid":"135"},{"id_application_action":"143","action":"143","name":"Save\\/Edit Contract Template","uid":"136"},{"id_application_action":"144","action":"144","name":"View Work Schedule","uid":"137"},{"id_application_action":"145","action":"145","name":"Create Work Schedule","uid":"138"},{"id_application_action":"146","action":"146","name":"Edit Work Schedule","uid":"139"},{"id_application_action":"147","action":"147","name":"Delete Work Schedule","uid":"140"},{"id_application_action":"148","action":"148","name":"Save\\/Edit Work Schedule","uid":"141"},{"id_application_action":"149","action":"149","name":"View SO Assignment","uid":"142"},{"id_application_action":"150","action":"150","name":"Create SO Assignment","uid":"143"},{"id_application_action":"151","action":"151","name":"Edit SO Assignment","uid":"144"},{"id_application_action":"152","action":"152","name":"Delete SO Assignment","uid":"145"},{"id_application_action":"153","action":"153","name":"Save\\/Edit SO Assignment","uid":"146"},{"id_application_action":"154","action":"154","name":"View Shift Change","uid":"147"},{"id_application_action":"155","action":"155","name":"Create Shift Change","uid":"148"},{"id_application_action":"156","action":"156","name":"Edit Shift Change","uid":"149"},{"id_application_action":"157","action":"157","name":"Delete Shift Change","uid":"150"},{"id_application_action":"158","action":"158","name":"Save\\/Edit Shift Change","uid":"151"},{"id_application_action":"159","action":"159","name":"View Leave Application","uid":"152"},{"id_application_action":"160","action":"160","name":"Create Leave Application","uid":"153"},{"id_application_action":"161","action":"161","name":"Edit Leave Application","uid":"154"},{"id_application_action":"162","action":"162","name":"Delete Leave Application","uid":"155"},{"id_application_action":"163","action":"163","name":"Save\\/Edit Leave Application","uid":"156"},{"id_application_action":"164","action":"164","name":"View Timesheet (Recap)","uid":"157"},{"id_application_action":"165","action":"165","name":"Create Timesheet (Recap)","uid":"158"},{"id_application_action":"166","action":"166","name":"Edit Timesheet (Recap)","uid":"159"},{"id_application_action":"167","action":"167","name":"Delete Timesheet (Recap)","uid":"160"},{"id_application_action":"168","action":"168","name":"Save\\/Edit Timesheet (Recap)","uid":"161"},{"id_application_action":"169","action":"169","name":"View SO Timesheet","uid":"162"},{"id_application_action":"170","action":"170","name":"Create SO Timesheet","uid":"163"},{"id_application_action":"171","action":"171","name":"Edit SO Timesheet","uid":"164"},{"id_application_action":"172","action":"172","name":"Delete SO Timesheet","uid":"165"},{"id_application_action":"173","action":"173","name":"Save\\/Edit SO Timesheet","uid":"166"},{"id_application_action":"174","action":"174","name":"View Incident Report","uid":"167"},{"id_application_action":"175","action":"175","name":"Create Incident Report","uid":"168"},{"id_application_action":"176","action":"176","name":"Edit Incident Report","uid":"169"},{"id_application_action":"177","action":"177","name":"Delete Incident Report","uid":"170"},{"id_application_action":"178","action":"178","name":"Save\\/Edit Incident Report","uid":"171"},{"id_application_action":"179","action":"179","name":"View Payroll","uid":"172"},{"id_application_action":"180","action":"180","name":"Create Payroll","uid":"173"},{"id_application_action":"181","action":"181","name":"Edit Payroll","uid":"174"},{"id_application_action":"182","action":"182","name":"Delete Payroll","uid":"175"},{"id_application_action":"183","action":"183","name":"Save\\/Edit Payroll","uid":"176"},{"id_application_action":"184","action":"184","name":"View Supplier Invoice","uid":"177"},{"id_application_action":"185","action":"185","name":"Create Supplier Invoice","uid":"178"},{"id_application_action":"186","action":"186","name":"Edit Supplier Invoice","uid":"179"},{"id_application_action":"187","action":"187","name":"Delete Supplier Invoice","uid":"180"},{"id_application_action":"188","action":"188","name":"Save\\/Edit Supplier Invoice","uid":"181"},{"id_application_action":"189","action":"189","name":"View Customer Invoice","uid":"182"},{"id_application_action":"190","action":"190","name":"Create Customer Invoice","uid":"183"},{"id_application_action":"191","action":"191","name":"Edit Customer Invoice","uid":"184"},{"id_application_action":"192","action":"192","name":"Delete Customer Invoice","uid":"185"},{"id_application_action":"193","action":"193","name":"Save\\/Edit Customer Invoice","uid":"186"},{"id_application_action":"194","action":"194","name":"View Bank Statement","uid":"187"},{"id_application_action":"195","action":"195","name":"Create Bank Statement","uid":"188"},{"id_application_action":"196","action":"196","name":"Edit Bank Statement","uid":"189"},{"id_application_action":"197","action":"197","name":"Delete Bank Statement","uid":"190"},{"id_application_action":"198","action":"198","name":"Save\\/Edit Bank Statement","uid":"191"},{"id_application_action":"199","action":"199","name":"View Cash Register","uid":"192"},{"id_application_action":"200","action":"200","name":"Create Cash Register","uid":"193"},{"id_application_action":"201","action":"201","name":"Edit Cash Register","uid":"194"},{"id_application_action":"202","action":"202","name":"Delete Cash Register","uid":"195"},{"id_application_action":"203","action":"203","name":"Save\\/Edit Cash Register","uid":"196"},{"id_application_action":"204","action":"204","name":"View Tax","uid":"197"},{"id_application_action":"205","action":"205","name":"Create Tax","uid":"198"},{"id_application_action":"206","action":"206","name":"Edit Tax","uid":"199"},{"id_application_action":"207","action":"207","name":"Delete Tax","uid":"200"},{"id_application_action":"208","action":"208","name":"Save\\/Edit Tax","uid":"201"},{"id_application_action":"209","action":"209","name":"View Chart of Account","uid":"202"},{"id_application_action":"210","action":"210","name":"Create Chart of Account","uid":"203"},{"id_application_action":"211","action":"211","name":"Edit Chart of Account","uid":"204"},{"id_application_action":"212","action":"212","name":"Delete Chart of Account","uid":"205"},{"id_application_action":"213","action":"213","name":"Save\\/Edit Chart of Account","uid":"206"},{"id_application_action":"214","action":"214","name":"View Employee Salary","uid":"207"},{"id_application_action":"215","action":"215","name":"Create Employee Salary","uid":"208"},{"id_application_action":"216","action":"216","name":"Edit Employee Salary","uid":"209"},{"id_application_action":"217","action":"217","name":"Delete Employee Salary","uid":"210"},{"id_application_action":"218","action":"218","name":"Save\\/Edit Employee Salary","uid":"211"},{"id_application_action":"219","action":"219","name":"View Salary Setting","uid":"212"},{"id_application_action":"220","action":"220","name":"Create Salary Setting","uid":"213"},{"id_application_action":"221","action":"221","name":"Edit Salary Setting","uid":"214"},{"id_application_action":"222","action":"222","name":"Delete Salary Setting","uid":"215"},{"id_application_action":"223","action":"223","name":"Save\\/Edit Salary Setting","uid":"216"},{"id_application_action":"224","action":"224","name":"View Database Interface","uid":"217"},{"id_application_action":"225","action":"225","name":"Pick Assessment Template","uid":"218"},{"id_application_action":"226","action":"226","name":"View Organisation Structure","uid":"219"},{"id_application_action":"227","action":"227","name":"Create Organisation Structure","uid":"220"},{"id_application_action":"228","action":"228","name":"Edit Organisation Structure","uid":"221"},{"id_application_action":"229","action":"229","name":"Delete Organisation Structure","uid":"222"},{"id_application_action":"230","action":"230","name":"Save\\/Edit Organisation Structure","uid":"223"},{"id_application_action":"231","action":"231","name":"View Position Level","uid":"224"},{"id_application_action":"232","action":"232","name":"Create Position Level","uid":"225"},{"id_application_action":"233","action":"233","name":"Edit Position Level","uid":"226"},{"id_application_action":"234","action":"234","name":"Delete Position Level","uid":"227"},{"id_application_action":"235","action":"235","name":"Save\\/Edit Position Level","uid":"228"},{"id_application_action":"236","action":"236","name":"View Employee Contract Type","uid":"229"},{"id_application_action":"237","action":"237","name":"Create Employee Contract Type","uid":"230"},{"id_application_action":"238","action":"238","name":"Edit Employee Contract Type","uid":"231"},{"id_application_action":"239","action":"239","name":"Delete Employee Contract Type","uid":"232"},{"id_application_action":"240","action":"240","name":"Save\\/Edit Employee Contract","uid":"233"},{"id_application_action":"241","action":"241","name":"View Bank","uid":"234"},{"id_application_action":"242","action":"242","name":"Create Bank","uid":"235"},{"id_application_action":"243","action":"243","name":"Edit Bank","uid":"236"},{"id_application_action":"244","action":"244","name":"Delete Bank","uid":"237"},{"id_application_action":"245","action":"245","name":"Save\\/Edit Bank","uid":"238"},{"id_application_action":"246","action":"246","name":"View Payment Receipt","uid":"239"},{"id_application_action":"247","action":"247","name":"Create Payment Receipt","uid":"240"},{"id_application_action":"248","action":"248","name":"Edit Payment Receipt","uid":"241"},{"id_application_action":"249","action":"249","name":"Save\\/Edit Payment Receipt","uid":"242"},{"id_application_action":"250","action":"250","name":"Delete Payment Receipt","uid":"243"},{"id_application_action":"251","action":"251","name":"Receive Payment From PO","uid":"244"},{"id_application_action":"252","action":"252","name":"Make Payment Receipt","uid":"245"},{"id_application_action":"253","action":"253","name":"Cancel Payment Receipt","uid":"246"},{"id_application_action":"254","action":"254","name":"View Stock Transaction","uid":"247"},{"id_application_action":"255","action":"255","name":"Create Stock Transaction","uid":"248"},{"id_application_action":"256","action":"256","name":"Edit Stock Transaction","uid":"249"},{"id_application_action":"257","action":"257","name":"Delete Stock Transaction","uid":"250"},{"id_application_action":"258","action":"258","name":"Save\\/Edit Stock Transaction","uid":"251"},{"id_application_action":"259","action":"259","name":"Post Stock Transaction","uid":"252"},{"id_application_action":"260","action":"260","name":"Unpost Stock Transaction","uid":"253"},{"id_application_action":"261","action":"261","name":"Transfer Good Receive","uid":"254"},{"id_application_action":"262","action":"262","name":"View Activity","uid":"255"},{"id_application_action":"263","action":"263","name":"Make Working Schedule","uid":"256"},{"id_application_action":"264","name":"Validate Inquiry","uid":"257","id":"257"}],"is_edit":"true","id_role":"1"}', '2015-02-17 19:16:03'),
(160, 'Save/Edit Action', 'action', NULL, 2, 'Save/Edit Action', 10, '{"name":"Save\\/Edit Inquiry","controller":"inquiry","function_exec":"save_inquiry","function_args":"","view_type":"no_view","view_file":"","prefix":"","action_type":"create","action_button":"crud","target_action":"109","action_condition":[{"identifier":"validate","target_action":"264","target_action_name":"Validate Inquiry","uid":"0"}],"use_log":"1","is_edit":"true","id_edit":"113"}', '2015-02-17 19:16:28'),
(161, 'Save/Edit Action', 'action', NULL, 2, 'Save/Edit Action', 10, '{"name":"Save\\/Edit Quotation","controller":"quotation","function_exec":"save_quotation","function_args":"","view_type":"no_view","view_file":"","prefix":"","action_type":"create","action_button":"crud","target_action":"119","action_condition":[{"identifier":"validate","target_action":"265","target_action_name":"Validate Quotation","uid":"0"}],"use_log":"1","is_edit":"true","id_edit":"123"}', '2015-02-19 18:10:12');
INSERT INTO `activity_log` (`id_log`, `activity`, `object`, `object_id`, `user`, `description`, `action`, `field_data`, `date_create`) VALUES
(162, 'Save/Edit Role', 'role', NULL, 2, 'Save/Edit Role', 20, '{"name":"administrator","action_detail":[{"id_application_action":"1","action":"1","name":"View Application Action","uid":"0"},{"id_application_action":"2","action":"2","name":"Create Application Action","uid":"1"},{"id_application_action":"3","action":"3","name":"Edit Application Action","uid":"2"},{"id_application_action":"4","action":"4","name":"Delete Application Action","uid":"3"},{"id_application_action":"5","action":"5","name":"View Side Menu","uid":"4"},{"id_application_action":"6","action":"6","name":"Create Side Menu","uid":"5"},{"id_application_action":"7","action":"7","name":"Edit Side Menu","uid":"6"},{"id_application_action":"8","action":"8","name":"Delete Side Menu","uid":"7"},{"id_application_action":"9","action":"9","name":"Save\\/Edit Side Menu","uid":"8"},{"id_application_action":"10","action":"10","name":"Save\\/Edit Action","uid":"9"},{"id_application_action":"11","action":"11","name":"View Division","uid":"10"},{"id_application_action":"12","action":"12","name":"Create Division","uid":"11"},{"id_application_action":"13","action":"13","name":"Save\\/Edit Division","uid":"12"},{"id_application_action":"14","action":"14","name":"Edit Division","uid":"13"},{"id_application_action":"15","action":"15","name":"Delete Division","uid":"14"},{"id_application_action":"16","action":"16","name":"View Role","uid":"15"},{"id_application_action":"17","action":"17","name":"View Create Role","uid":"16"},{"id_application_action":"18","action":"18","name":"View Edit Role","uid":"17"},{"id_application_action":"19","action":"19","name":"Delete Role","uid":"18"},{"id_application_action":"20","action":"20","name":"Save\\/Edit Role","uid":"19"},{"id_application_action":"21","action":"21","name":"View Product","uid":"20"},{"id_application_action":"22","action":"22","name":"Create Product","uid":"21"},{"id_application_action":"23","action":"23","name":"Edit Product","uid":"22"},{"id_application_action":"24","action":"24","name":"Delete Product","uid":"23"},{"id_application_action":"25","action":"25","name":"Save\\/Edit Product","uid":"24"},{"id_application_action":"26","action":"26","name":"View Supplier","uid":"25"},{"id_application_action":"27","action":"27","name":"Create Supplier","uid":"26"},{"id_application_action":"28","action":"28","name":"Edit Supplier","uid":"27"},{"id_application_action":"29","action":"29","name":"Delete Supplier","uid":"28"},{"id_application_action":"30","action":"30","name":"Save\\/Edit Supplier","uid":"29"},{"id_application_action":"31","action":"31","name":"View Product Category","uid":"30"},{"id_application_action":"32","action":"32","name":"Create Product Category","uid":"31"},{"id_application_action":"33","action":"33","name":"Edit Product Category","uid":"32"},{"id_application_action":"34","action":"34","name":"Delete Product Category","uid":"33"},{"id_application_action":"35","action":"35","name":"Save\\/Edit Product Category","uid":"34"},{"id_application_action":"36","action":"36","name":"View Merk","uid":"35"},{"id_application_action":"37","action":"37","name":"Create Merk","uid":"36"},{"id_application_action":"38","action":"38","name":"Edit Merk","uid":"37"},{"id_application_action":"39","action":"39","name":"Delete Merk","uid":"38"},{"id_application_action":"40","action":"40","name":"Save\\/Edit Merk","uid":"39"},{"id_application_action":"41","action":"41","name":"View Customer","uid":"40"},{"id_application_action":"43","action":"43","name":"Create Customer","uid":"41"},{"id_application_action":"44","action":"44","name":"Edit Customer","uid":"42"},{"id_application_action":"45","action":"45","name":"Delete Customer","uid":"43"},{"id_application_action":"46","action":"46","name":"Save\\/Edit Customer","uid":"44"},{"id_application_action":"47","action":"47","name":"View Warehouse","uid":"45"},{"id_application_action":"48","action":"48","name":"Create Warehouse","uid":"46"},{"id_application_action":"49","action":"49","name":"Edit Warehouse","uid":"47"},{"id_application_action":"50","action":"50","name":"Delete Warehouse","uid":"48"},{"id_application_action":"51","action":"51","name":"Save\\/Edit Warehouse","uid":"49"},{"id_application_action":"57","action":"57","name":"View PO","uid":"50"},{"id_application_action":"58","action":"58","name":"Create PO","uid":"51"},{"id_application_action":"59","action":"59","name":"Edit PO","uid":"52"},{"id_application_action":"60","action":"60","name":"Delete PO","uid":"53"},{"id_application_action":"61","action":"61","name":"Save\\/Edit PO","uid":"54"},{"id_application_action":"62","action":"62","name":"View User","uid":"55"},{"id_application_action":"63","action":"63","name":"Create User","uid":"56"},{"id_application_action":"64","action":"64","name":"Edit User","uid":"57"},{"id_application_action":"65","action":"65","name":"Delete User","uid":"58"},{"id_application_action":"66","action":"66","name":"Save\\/Edit User","uid":"59"},{"id_application_action":"67","action":"67","name":"View Good Receive","uid":"60"},{"id_application_action":"68","action":"68","name":"Create Good Receive","uid":"61"},{"id_application_action":"69","action":"69","name":"Edit Good Receive","uid":"62"},{"id_application_action":"70","action":"70","name":"Delete Good Receive","uid":"63"},{"id_application_action":"71","action":"71","name":"Save\\/Edit Good Receive","uid":"64"},{"id_application_action":"72","action":"72","name":"View Sales Order","uid":"65"},{"id_application_action":"73","action":"73","name":"Create Sales Order","uid":"66"},{"id_application_action":"74","action":"74","name":"Edit Sales Order","uid":"67"},{"id_application_action":"75","action":"75","name":"Delete Sales Order","uid":"68"},{"id_application_action":"76","action":"76","name":"Save Sales Order","uid":"69"},{"id_application_action":"77","action":"77","name":"View Material Request","uid":"70"},{"id_application_action":"78","action":"78","name":"Create Material Request","uid":"71"},{"id_application_action":"79","action":"79","name":"Edit Material Request","uid":"72"},{"id_application_action":"80","action":"80","name":"Delete Material Request","uid":"73"},{"id_application_action":"81","action":"81","name":"Save Material Request","uid":"74"},{"id_application_action":"82","action":"82","name":"Change User Password","uid":"75"},{"id_application_action":"83","action":"83","name":"View Delivery Note","uid":"76"},{"id_application_action":"84","action":"84","name":"Create Delivery Note","uid":"77"},{"id_application_action":"85","action":"85","name":"Edit Delivery Note","uid":"78"},{"id_application_action":"86","action":"86","name":"Delete Delivery Note","uid":"79"},{"id_application_action":"87","action":"87","name":"Save\\/Edit Delivery Note","uid":"80"},{"id_application_action":"88","action":"88","name":"View Unit Measure","uid":"81"},{"id_application_action":"89","action":"89","name":"Create Unit Measure","uid":"82"},{"id_application_action":"90","action":"90","name":"Edit Unit Measure","uid":"83"},{"id_application_action":"91","action":"91","name":"Delete Unit Measure","uid":"84"},{"id_application_action":"92","action":"92","name":"Save\\/Edit Unit Measure","uid":"85"},{"id_application_action":"93","action":"93","name":"View Stock","uid":"86"},{"id_application_action":"94","action":"94","name":"View Employee","uid":"87"},{"id_application_action":"95","action":"95","name":"Create Employee","uid":"88"},{"id_application_action":"96","action":"96","name":"Edit Employee","uid":"89"},{"id_application_action":"97","action":"97","name":"Delete Employee","uid":"90"},{"id_application_action":"98","action":"98","name":"Save\\/Edit Employee","uid":"91"},{"id_application_action":"99","action":"99","name":"Validate PO","uid":"92"},{"id_application_action":"100","action":"100","name":"Create Database Interface","uid":"93"},{"id_application_action":"101","action":"101","name":"Edit Database Interface","uid":"94"},{"id_application_action":"102","action":"102","name":"Delete Database Interface","uid":"95"},{"id_application_action":"103","action":"103","name":"Save \\/ Edit Database Interface","uid":"96"},{"id_application_action":"104","action":"104","name":"View Database Field Interface","uid":"97"},{"id_application_action":"105","action":"105","name":"Create Database Field Interface","uid":"98"},{"id_application_action":"106","action":"106","name":"Edit Database Field Interface","uid":"99"},{"id_application_action":"107","action":"107","name":"Delete Database Field Interface","uid":"100"},{"id_application_action":"108","action":"108","name":"Save \\/ Edit Database Field Interface","uid":"101"},{"id_application_action":"109","action":"109","name":"View Inquiry","uid":"102"},{"id_application_action":"110","action":"110","name":"Create Inquiry","uid":"103"},{"id_application_action":"111","action":"111","name":"Edit Inquiry","uid":"104"},{"id_application_action":"112","action":"112","name":"Delete Inquiry","uid":"105"},{"id_application_action":"113","action":"113","name":"Save\\/Edit Inquiry","uid":"106"},{"id_application_action":"114","action":"114","name":"View Survey \\/ Assessment","uid":"107"},{"id_application_action":"115","action":"115","name":"Create Survey \\/ Assessment","uid":"108"},{"id_application_action":"116","action":"116","name":"Edit Survey \\/ Assessment","uid":"109"},{"id_application_action":"117","action":"117","name":"Delete Survey \\/ Assessment","uid":"110"},{"id_application_action":"118","action":"118","name":"Save\\/Edit Survey \\/ Assessment","uid":"111"},{"id_application_action":"119","action":"119","name":"View Quotation","uid":"112"},{"id_application_action":"120","action":"120","name":"Create Quotation","uid":"113"},{"id_application_action":"121","action":"121","name":"Edit Quotation","uid":"114"},{"id_application_action":"122","action":"122","name":"Delete Quotation","uid":"115"},{"id_application_action":"123","action":"123","name":"Save\\/Edit Quotation","uid":"116"},{"id_application_action":"124","action":"124","name":"View Project Contract","uid":"117"},{"id_application_action":"125","action":"125","name":"Create Project Contract","uid":"118"},{"id_application_action":"126","action":"126","name":"Edit Project Contract","uid":"119"},{"id_application_action":"127","action":"127","name":"Delete Project Contract","uid":"120"},{"id_application_action":"128","action":"128","name":"Save\\/Edit Project Contract","uid":"121"},{"id_application_action":"129","action":"129","name":"View Work Order","uid":"122"},{"id_application_action":"130","action":"130","name":"Create Work Order","uid":"123"},{"id_application_action":"131","action":"131","name":"Edit Work Order","uid":"124"},{"id_application_action":"132","action":"132","name":"Delete Work Order","uid":"125"},{"id_application_action":"133","action":"133","name":"Save\\/Edit Work Order","uid":"126"},{"id_application_action":"134","action":"134","name":"View Assessment Template","uid":"127"},{"id_application_action":"135","action":"135","name":"Create Assessment Template","uid":"128"},{"id_application_action":"136","action":"136","name":"Edit Assessment Template","uid":"129"},{"id_application_action":"137","action":"137","name":"Delete Assessment Template","uid":"130"},{"id_application_action":"138","action":"138","name":"Save\\/Edit Assessment Template","uid":"131"},{"id_application_action":"139","action":"139","name":"View Contract Template","uid":"132"},{"id_application_action":"140","action":"140","name":"Create Contract Template","uid":"133"},{"id_application_action":"141","action":"141","name":"Edit Contract Template","uid":"134"},{"id_application_action":"142","action":"142","name":"Delete Contract Template","uid":"135"},{"id_application_action":"143","action":"143","name":"Save\\/Edit Contract Template","uid":"136"},{"id_application_action":"144","action":"144","name":"View Work Schedule","uid":"137"},{"id_application_action":"145","action":"145","name":"Create Work Schedule","uid":"138"},{"id_application_action":"146","action":"146","name":"Edit Work Schedule","uid":"139"},{"id_application_action":"147","action":"147","name":"Delete Work Schedule","uid":"140"},{"id_application_action":"148","action":"148","name":"Save\\/Edit Work Schedule","uid":"141"},{"id_application_action":"149","action":"149","name":"View SO Assignment","uid":"142"},{"id_application_action":"150","action":"150","name":"Create SO Assignment","uid":"143"},{"id_application_action":"151","action":"151","name":"Edit SO Assignment","uid":"144"},{"id_application_action":"152","action":"152","name":"Delete SO Assignment","uid":"145"},{"id_application_action":"153","action":"153","name":"Save\\/Edit SO Assignment","uid":"146"},{"id_application_action":"154","action":"154","name":"View Shift Change","uid":"147"},{"id_application_action":"155","action":"155","name":"Create Shift Change","uid":"148"},{"id_application_action":"156","action":"156","name":"Edit Shift Change","uid":"149"},{"id_application_action":"157","action":"157","name":"Delete Shift Change","uid":"150"},{"id_application_action":"158","action":"158","name":"Save\\/Edit Shift Change","uid":"151"},{"id_application_action":"159","action":"159","name":"View Leave Application","uid":"152"},{"id_application_action":"160","action":"160","name":"Create Leave Application","uid":"153"},{"id_application_action":"161","action":"161","name":"Edit Leave Application","uid":"154"},{"id_application_action":"162","action":"162","name":"Delete Leave Application","uid":"155"},{"id_application_action":"163","action":"163","name":"Save\\/Edit Leave Application","uid":"156"},{"id_application_action":"164","action":"164","name":"View Timesheet (Recap)","uid":"157"},{"id_application_action":"165","action":"165","name":"Create Timesheet (Recap)","uid":"158"},{"id_application_action":"166","action":"166","name":"Edit Timesheet (Recap)","uid":"159"},{"id_application_action":"167","action":"167","name":"Delete Timesheet (Recap)","uid":"160"},{"id_application_action":"168","action":"168","name":"Save\\/Edit Timesheet (Recap)","uid":"161"},{"id_application_action":"169","action":"169","name":"View SO Timesheet","uid":"162"},{"id_application_action":"170","action":"170","name":"Create SO Timesheet","uid":"163"},{"id_application_action":"171","action":"171","name":"Edit SO Timesheet","uid":"164"},{"id_application_action":"172","action":"172","name":"Delete SO Timesheet","uid":"165"},{"id_application_action":"173","action":"173","name":"Save\\/Edit SO Timesheet","uid":"166"},{"id_application_action":"174","action":"174","name":"View Incident Report","uid":"167"},{"id_application_action":"175","action":"175","name":"Create Incident Report","uid":"168"},{"id_application_action":"176","action":"176","name":"Edit Incident Report","uid":"169"},{"id_application_action":"177","action":"177","name":"Delete Incident Report","uid":"170"},{"id_application_action":"178","action":"178","name":"Save\\/Edit Incident Report","uid":"171"},{"id_application_action":"179","action":"179","name":"View Payroll","uid":"172"},{"id_application_action":"180","action":"180","name":"Create Payroll","uid":"173"},{"id_application_action":"181","action":"181","name":"Edit Payroll","uid":"174"},{"id_application_action":"182","action":"182","name":"Delete Payroll","uid":"175"},{"id_application_action":"183","action":"183","name":"Save\\/Edit Payroll","uid":"176"},{"id_application_action":"184","action":"184","name":"View Supplier Invoice","uid":"177"},{"id_application_action":"185","action":"185","name":"Create Supplier Invoice","uid":"178"},{"id_application_action":"186","action":"186","name":"Edit Supplier Invoice","uid":"179"},{"id_application_action":"187","action":"187","name":"Delete Supplier Invoice","uid":"180"},{"id_application_action":"188","action":"188","name":"Save\\/Edit Supplier Invoice","uid":"181"},{"id_application_action":"189","action":"189","name":"View Customer Invoice","uid":"182"},{"id_application_action":"190","action":"190","name":"Create Customer Invoice","uid":"183"},{"id_application_action":"191","action":"191","name":"Edit Customer Invoice","uid":"184"},{"id_application_action":"192","action":"192","name":"Delete Customer Invoice","uid":"185"},{"id_application_action":"193","action":"193","name":"Save\\/Edit Customer Invoice","uid":"186"},{"id_application_action":"194","action":"194","name":"View Bank Statement","uid":"187"},{"id_application_action":"195","action":"195","name":"Create Bank Statement","uid":"188"},{"id_application_action":"196","action":"196","name":"Edit Bank Statement","uid":"189"},{"id_application_action":"197","action":"197","name":"Delete Bank Statement","uid":"190"},{"id_application_action":"198","action":"198","name":"Save\\/Edit Bank Statement","uid":"191"},{"id_application_action":"199","action":"199","name":"View Cash Register","uid":"192"},{"id_application_action":"200","action":"200","name":"Create Cash Register","uid":"193"},{"id_application_action":"201","action":"201","name":"Edit Cash Register","uid":"194"},{"id_application_action":"202","action":"202","name":"Delete Cash Register","uid":"195"},{"id_application_action":"203","action":"203","name":"Save\\/Edit Cash Register","uid":"196"},{"id_application_action":"204","action":"204","name":"View Tax","uid":"197"},{"id_application_action":"205","action":"205","name":"Create Tax","uid":"198"},{"id_application_action":"206","action":"206","name":"Edit Tax","uid":"199"},{"id_application_action":"207","action":"207","name":"Delete Tax","uid":"200"},{"id_application_action":"208","action":"208","name":"Save\\/Edit Tax","uid":"201"},{"id_application_action":"209","action":"209","name":"View Chart of Account","uid":"202"},{"id_application_action":"210","action":"210","name":"Create Chart of Account","uid":"203"},{"id_application_action":"211","action":"211","name":"Edit Chart of Account","uid":"204"},{"id_application_action":"212","action":"212","name":"Delete Chart of Account","uid":"205"},{"id_application_action":"213","action":"213","name":"Save\\/Edit Chart of Account","uid":"206"},{"id_application_action":"214","action":"214","name":"View Employee Salary","uid":"207"},{"id_application_action":"215","action":"215","name":"Create Employee Salary","uid":"208"},{"id_application_action":"216","action":"216","name":"Edit Employee Salary","uid":"209"},{"id_application_action":"217","action":"217","name":"Delete Employee Salary","uid":"210"},{"id_application_action":"218","action":"218","name":"Save\\/Edit Employee Salary","uid":"211"},{"id_application_action":"219","action":"219","name":"View Salary Setting","uid":"212"},{"id_application_action":"220","action":"220","name":"Create Salary Setting","uid":"213"},{"id_application_action":"221","action":"221","name":"Edit Salary Setting","uid":"214"},{"id_application_action":"222","action":"222","name":"Delete Salary Setting","uid":"215"},{"id_application_action":"223","action":"223","name":"Save\\/Edit Salary Setting","uid":"216"},{"id_application_action":"224","action":"224","name":"View Database Interface","uid":"217"},{"id_application_action":"225","action":"225","name":"Pick Assessment Template","uid":"218"},{"id_application_action":"226","action":"226","name":"View Organisation Structure","uid":"219"},{"id_application_action":"227","action":"227","name":"Create Organisation Structure","uid":"220"},{"id_application_action":"228","action":"228","name":"Edit Organisation Structure","uid":"221"},{"id_application_action":"229","action":"229","name":"Delete Organisation Structure","uid":"222"},{"id_application_action":"230","action":"230","name":"Save\\/Edit Organisation Structure","uid":"223"},{"id_application_action":"231","action":"231","name":"View Position Level","uid":"224"},{"id_application_action":"232","action":"232","name":"Create Position Level","uid":"225"},{"id_application_action":"233","action":"233","name":"Edit Position Level","uid":"226"},{"id_application_action":"234","action":"234","name":"Delete Position Level","uid":"227"},{"id_application_action":"235","action":"235","name":"Save\\/Edit Position Level","uid":"228"},{"id_application_action":"236","action":"236","name":"View Employee Contract Type","uid":"229"},{"id_application_action":"237","action":"237","name":"Create Employee Contract Type","uid":"230"},{"id_application_action":"238","action":"238","name":"Edit Employee Contract Type","uid":"231"},{"id_application_action":"239","action":"239","name":"Delete Employee Contract Type","uid":"232"},{"id_application_action":"240","action":"240","name":"Save\\/Edit Employee Contract","uid":"233"},{"id_application_action":"241","action":"241","name":"View Bank","uid":"234"},{"id_application_action":"242","action":"242","name":"Create Bank","uid":"235"},{"id_application_action":"243","action":"243","name":"Edit Bank","uid":"236"},{"id_application_action":"244","action":"244","name":"Delete Bank","uid":"237"},{"id_application_action":"245","action":"245","name":"Save\\/Edit Bank","uid":"238"},{"id_application_action":"246","action":"246","name":"View Payment Receipt","uid":"239"},{"id_application_action":"247","action":"247","name":"Create Payment Receipt","uid":"240"},{"id_application_action":"248","action":"248","name":"Edit Payment Receipt","uid":"241"},{"id_application_action":"249","action":"249","name":"Save\\/Edit Payment Receipt","uid":"242"},{"id_application_action":"250","action":"250","name":"Delete Payment Receipt","uid":"243"},{"id_application_action":"251","action":"251","name":"Receive Payment From PO","uid":"244"},{"id_application_action":"252","action":"252","name":"Make Payment Receipt","uid":"245"},{"id_application_action":"253","action":"253","name":"Cancel Payment Receipt","uid":"246"},{"id_application_action":"254","action":"254","name":"View Stock Transaction","uid":"247"},{"id_application_action":"255","action":"255","name":"Create Stock Transaction","uid":"248"},{"id_application_action":"256","action":"256","name":"Edit Stock Transaction","uid":"249"},{"id_application_action":"257","action":"257","name":"Delete Stock Transaction","uid":"250"},{"id_application_action":"258","action":"258","name":"Save\\/Edit Stock Transaction","uid":"251"},{"id_application_action":"259","action":"259","name":"Post Stock Transaction","uid":"252"},{"id_application_action":"260","action":"260","name":"Unpost Stock Transaction","uid":"253"},{"id_application_action":"261","action":"261","name":"Transfer Good Receive","uid":"254"},{"id_application_action":"262","action":"262","name":"View Activity","uid":"255"},{"id_application_action":"263","action":"263","name":"Make Working Schedule","uid":"256"},{"id_application_action":"264","action":"264","name":"Validate Inquiry","uid":"257"},{"id_application_action":"265","name":"Validate Quotation","uid":"258","id":"258"}],"is_edit":"true","id_role":"1"}', '2015-02-19 18:11:18'),
(163, 'Validate Inquiry', 'inquiry', NULL, 2, 'Validate Inquiry', 264, '{"id_inquiry":"1","status":"open"}', '2015-02-19 18:13:27'),
(164, 'Validate Inquiry', 'inquiry', NULL, 2, 'Validate Inquiry', 264, '{"id_inquiry":"1","status":"open"}', '2015-02-19 18:14:14'),
(165, 'Validate Quotation', 'quotation', NULL, 2, 'Validate Quotation', 265, '{"id_quotation":"1","status":"open"}', '2015-02-19 18:15:21'),
(166, 'Save/Edit Inquiry', 'inquiry', NULL, 2, 'Save/Edit Inquiry', 113, '{}', '2015-03-06 21:25:34'),
(167, 'Validate Inquiry', 'inquiry', NULL, 2, 'Validate Inquiry', 264, '{"id_inquiry":"2","status":"open"}', '2015-03-06 21:25:48'),
(168, 'Save/Edit Employee', 'employee', NULL, 2, 'Save/Edit Employee', 98, '{}', '2015-03-17 23:10:26'),
(169, 'Save/Edit Employee', 'employee', NULL, 2, 'Save/Edit Employee', 98, '{}', '2015-03-17 23:14:02'),
(170, 'Save/Edit Role', 'role', NULL, 2, 'Save/Edit Role', 20, '{"name":"administrator","action_detail":[{"id_application_action":"1","action":"1","name":"View Application Action","uid":"0"},{"id_application_action":"2","action":"2","name":"Create Application Action","uid":"1"},{"id_application_action":"3","action":"3","name":"Edit Application Action","uid":"2"},{"id_application_action":"4","action":"4","name":"Delete Application Action","uid":"3"},{"id_application_action":"5","action":"5","name":"View Side Menu","uid":"4"},{"id_application_action":"6","action":"6","name":"Create Side Menu","uid":"5"},{"id_application_action":"7","action":"7","name":"Edit Side Menu","uid":"6"},{"id_application_action":"8","action":"8","name":"Delete Side Menu","uid":"7"},{"id_application_action":"9","action":"9","name":"Save\\/Edit Side Menu","uid":"8"},{"id_application_action":"10","action":"10","name":"Save\\/Edit Action","uid":"9"},{"id_application_action":"11","action":"11","name":"View Division","uid":"10"},{"id_application_action":"12","action":"12","name":"Create Division","uid":"11"},{"id_application_action":"13","action":"13","name":"Save\\/Edit Division","uid":"12"},{"id_application_action":"14","action":"14","name":"Edit Division","uid":"13"},{"id_application_action":"15","action":"15","name":"Delete Division","uid":"14"},{"id_application_action":"16","action":"16","name":"View Role","uid":"15"},{"id_application_action":"17","action":"17","name":"View Create Role","uid":"16"},{"id_application_action":"18","action":"18","name":"View Edit Role","uid":"17"},{"id_application_action":"19","action":"19","name":"Delete Role","uid":"18"},{"id_application_action":"20","action":"20","name":"Save\\/Edit Role","uid":"19"},{"id_application_action":"21","action":"21","name":"View Product","uid":"20"},{"id_application_action":"22","action":"22","name":"Create Product","uid":"21"},{"id_application_action":"23","action":"23","name":"Edit Product","uid":"22"},{"id_application_action":"24","action":"24","name":"Delete Product","uid":"23"},{"id_application_action":"25","action":"25","name":"Save\\/Edit Product","uid":"24"},{"id_application_action":"26","action":"26","name":"View Supplier","uid":"25"},{"id_application_action":"27","action":"27","name":"Create Supplier","uid":"26"},{"id_application_action":"28","action":"28","name":"Edit Supplier","uid":"27"},{"id_application_action":"29","action":"29","name":"Delete Supplier","uid":"28"},{"id_application_action":"30","action":"30","name":"Save\\/Edit Supplier","uid":"29"},{"id_application_action":"31","action":"31","name":"View Product Category","uid":"30"},{"id_application_action":"32","action":"32","name":"Create Product Category","uid":"31"},{"id_application_action":"33","action":"33","name":"Edit Product Category","uid":"32"},{"id_application_action":"34","action":"34","name":"Delete Product Category","uid":"33"},{"id_application_action":"35","action":"35","name":"Save\\/Edit Product Category","uid":"34"},{"id_application_action":"36","action":"36","name":"View Merk","uid":"35"},{"id_application_action":"37","action":"37","name":"Create Merk","uid":"36"},{"id_application_action":"38","action":"38","name":"Edit Merk","uid":"37"},{"id_application_action":"39","action":"39","name":"Delete Merk","uid":"38"},{"id_application_action":"40","action":"40","name":"Save\\/Edit Merk","uid":"39"},{"id_application_action":"41","action":"41","name":"View Customer","uid":"40"},{"id_application_action":"43","action":"43","name":"Create Customer","uid":"41"},{"id_application_action":"44","action":"44","name":"Edit Customer","uid":"42"},{"id_application_action":"45","action":"45","name":"Delete Customer","uid":"43"},{"id_application_action":"46","action":"46","name":"Save\\/Edit Customer","uid":"44"},{"id_application_action":"47","action":"47","name":"View Warehouse","uid":"45"},{"id_application_action":"48","action":"48","name":"Create Warehouse","uid":"46"},{"id_application_action":"49","action":"49","name":"Edit Warehouse","uid":"47"},{"id_application_action":"50","action":"50","name":"Delete Warehouse","uid":"48"},{"id_application_action":"51","action":"51","name":"Save\\/Edit Warehouse","uid":"49"},{"id_application_action":"57","action":"57","name":"View PO","uid":"50"},{"id_application_action":"58","action":"58","name":"Create PO","uid":"51"},{"id_application_action":"59","action":"59","name":"Edit PO","uid":"52"},{"id_application_action":"60","action":"60","name":"Delete PO","uid":"53"},{"id_application_action":"61","action":"61","name":"Save\\/Edit PO","uid":"54"},{"id_application_action":"62","action":"62","name":"View User","uid":"55"},{"id_application_action":"63","action":"63","name":"Create User","uid":"56"},{"id_application_action":"64","action":"64","name":"Edit User","uid":"57"},{"id_application_action":"65","action":"65","name":"Delete User","uid":"58"},{"id_application_action":"66","action":"66","name":"Save\\/Edit User","uid":"59"},{"id_application_action":"67","action":"67","name":"View Good Receive","uid":"60"},{"id_application_action":"68","action":"68","name":"Create Good Receive","uid":"61"},{"id_application_action":"69","action":"69","name":"Edit Good Receive","uid":"62"},{"id_application_action":"70","action":"70","name":"Delete Good Receive","uid":"63"},{"id_application_action":"71","action":"71","name":"Save\\/Edit Good Receive","uid":"64"},{"id_application_action":"72","action":"72","name":"View Sales Order","uid":"65"},{"id_application_action":"73","action":"73","name":"Create Sales Order","uid":"66"},{"id_application_action":"74","action":"74","name":"Edit Sales Order","uid":"67"},{"id_application_action":"75","action":"75","name":"Delete Sales Order","uid":"68"},{"id_application_action":"76","action":"76","name":"Save Sales Order","uid":"69"},{"id_application_action":"77","action":"77","name":"View Material Request","uid":"70"},{"id_application_action":"78","action":"78","name":"Create Material Request","uid":"71"},{"id_application_action":"79","action":"79","name":"Edit Material Request","uid":"72"},{"id_application_action":"80","action":"80","name":"Delete Material Request","uid":"73"},{"id_application_action":"81","action":"81","name":"Save Material Request","uid":"74"},{"id_application_action":"82","action":"82","name":"Change User Password","uid":"75"},{"id_application_action":"83","action":"83","name":"View Delivery Note","uid":"76"},{"id_application_action":"84","action":"84","name":"Create Delivery Note","uid":"77"},{"id_application_action":"85","action":"85","name":"Edit Delivery Note","uid":"78"},{"id_application_action":"86","action":"86","name":"Delete Delivery Note","uid":"79"},{"id_application_action":"87","action":"87","name":"Save\\/Edit Delivery Note","uid":"80"},{"id_application_action":"88","action":"88","name":"View Unit Measure","uid":"81"},{"id_application_action":"89","action":"89","name":"Create Unit Measure","uid":"82"},{"id_application_action":"90","action":"90","name":"Edit Unit Measure","uid":"83"},{"id_application_action":"91","action":"91","name":"Delete Unit Measure","uid":"84"},{"id_application_action":"92","action":"92","name":"Save\\/Edit Unit Measure","uid":"85"},{"id_application_action":"93","action":"93","name":"View Stock","uid":"86"},{"id_application_action":"94","action":"94","name":"View Employee","uid":"87"},{"id_application_action":"95","action":"95","name":"Create Employee","uid":"88"},{"id_application_action":"96","action":"96","name":"Edit Employee","uid":"89"},{"id_application_action":"97","action":"97","name":"Delete Employee","uid":"90"},{"id_application_action":"98","action":"98","name":"Save\\/Edit Employee","uid":"91"},{"id_application_action":"99","action":"99","name":"Validate PO","uid":"92"},{"id_application_action":"100","action":"100","name":"Create Database Interface","uid":"93"},{"id_application_action":"101","action":"101","name":"Edit Database Interface","uid":"94"},{"id_application_action":"102","action":"102","name":"Delete Database Interface","uid":"95"},{"id_application_action":"103","action":"103","name":"Save \\/ Edit Database Interface","uid":"96"},{"id_application_action":"104","action":"104","name":"View Database Field Interface","uid":"97"},{"id_application_action":"105","action":"105","name":"Create Database Field Interface","uid":"98"},{"id_application_action":"106","action":"106","name":"Edit Database Field Interface","uid":"99"},{"id_application_action":"107","action":"107","name":"Delete Database Field Interface","uid":"100"},{"id_application_action":"108","action":"108","name":"Save \\/ Edit Database Field Interface","uid":"101"},{"id_application_action":"109","action":"109","name":"View Inquiry","uid":"102"},{"id_application_action":"110","action":"110","name":"Create Inquiry","uid":"103"},{"id_application_action":"111","action":"111","name":"Edit Inquiry","uid":"104"},{"id_application_action":"112","action":"112","name":"Delete Inquiry","uid":"105"},{"id_application_action":"113","action":"113","name":"Save\\/Edit Inquiry","uid":"106"},{"id_application_action":"114","action":"114","name":"View Survey \\/ Assessment","uid":"107"},{"id_application_action":"115","action":"115","name":"Create Survey \\/ Assessment","uid":"108"},{"id_application_action":"116","action":"116","name":"Edit Survey \\/ Assessment","uid":"109"},{"id_application_action":"117","action":"117","name":"Delete Survey \\/ Assessment","uid":"110"},{"id_application_action":"118","action":"118","name":"Save\\/Edit Survey \\/ Assessment","uid":"111"},{"id_application_action":"119","action":"119","name":"View Quotation","uid":"112"},{"id_application_action":"120","action":"120","name":"Create Quotation","uid":"113"},{"id_application_action":"121","action":"121","name":"Edit Quotation","uid":"114"},{"id_application_action":"122","action":"122","name":"Delete Quotation","uid":"115"},{"id_application_action":"123","action":"123","name":"Save\\/Edit Quotation","uid":"116"},{"id_application_action":"124","action":"124","name":"View Project Contract","uid":"117"},{"id_application_action":"125","action":"125","name":"Create Project Contract","uid":"118"},{"id_application_action":"126","action":"126","name":"Edit Project Contract","uid":"119"},{"id_application_action":"127","action":"127","name":"Delete Project Contract","uid":"120"},{"id_application_action":"128","action":"128","name":"Save\\/Edit Project Contract","uid":"121"},{"id_application_action":"129","action":"129","name":"View Work Order","uid":"122"},{"id_application_action":"130","action":"130","name":"Create Work Order","uid":"123"},{"id_application_action":"131","action":"131","name":"Edit Work Order","uid":"124"},{"id_application_action":"132","action":"132","name":"Delete Work Order","uid":"125"},{"id_application_action":"133","action":"133","name":"Save\\/Edit Work Order","uid":"126"},{"id_application_action":"134","action":"134","name":"View Assessment Template","uid":"127"},{"id_application_action":"135","action":"135","name":"Create Assessment Template","uid":"128"},{"id_application_action":"136","action":"136","name":"Edit Assessment Template","uid":"129"},{"id_application_action":"137","action":"137","name":"Delete Assessment Template","uid":"130"},{"id_application_action":"138","action":"138","name":"Save\\/Edit Assessment Template","uid":"131"},{"id_application_action":"139","action":"139","name":"View Contract Template","uid":"132"},{"id_application_action":"140","action":"140","name":"Create Contract Template","uid":"133"},{"id_application_action":"141","action":"141","name":"Edit Contract Template","uid":"134"},{"id_application_action":"142","action":"142","name":"Delete Contract Template","uid":"135"},{"id_application_action":"143","action":"143","name":"Save\\/Edit Contract Template","uid":"136"},{"id_application_action":"144","action":"144","name":"View Work Schedule","uid":"137"},{"id_application_action":"145","action":"145","name":"Create Work Schedule","uid":"138"},{"id_application_action":"146","action":"146","name":"Edit Work Schedule","uid":"139"},{"id_application_action":"147","action":"147","name":"Delete Work Schedule","uid":"140"},{"id_application_action":"148","action":"148","name":"Save\\/Edit Work Schedule","uid":"141"},{"id_application_action":"149","action":"149","name":"View SO Assignment","uid":"142"},{"id_application_action":"150","action":"150","name":"Create SO Assignment","uid":"143"},{"id_application_action":"151","action":"151","name":"Edit SO Assignment","uid":"144"},{"id_application_action":"152","action":"152","name":"Delete SO Assignment","uid":"145"},{"id_application_action":"153","action":"153","name":"Save\\/Edit SO Assignment","uid":"146"},{"id_application_action":"154","action":"154","name":"View Shift Change","uid":"147"},{"id_application_action":"155","action":"155","name":"Create Shift Change","uid":"148"},{"id_application_action":"156","action":"156","name":"Edit Shift Change","uid":"149"},{"id_application_action":"157","action":"157","name":"Delete Shift Change","uid":"150"},{"id_application_action":"158","action":"158","name":"Save\\/Edit Shift Change","uid":"151"},{"id_application_action":"159","action":"159","name":"View Leave Application","uid":"152"},{"id_application_action":"160","action":"160","name":"Create Leave Application","uid":"153"},{"id_application_action":"161","action":"161","name":"Edit Leave Application","uid":"154"},{"id_application_action":"162","action":"162","name":"Delete Leave Application","uid":"155"},{"id_application_action":"163","action":"163","name":"Save\\/Edit Leave Application","uid":"156"},{"id_application_action":"164","action":"164","name":"View Timesheet (Recap)","uid":"157"},{"id_application_action":"165","action":"165","name":"Create Timesheet (Recap)","uid":"158"},{"id_application_action":"166","action":"166","name":"Edit Timesheet (Recap)","uid":"159"},{"id_application_action":"167","action":"167","name":"Delete Timesheet (Recap)","uid":"160"},{"id_application_action":"168","action":"168","name":"Save\\/Edit Timesheet (Recap)","uid":"161"},{"id_application_action":"169","action":"169","name":"View SO Timesheet","uid":"162"},{"id_application_action":"170","action":"170","name":"Create SO Timesheet","uid":"163"},{"id_application_action":"171","action":"171","name":"Edit SO Timesheet","uid":"164"},{"id_application_action":"172","action":"172","name":"Delete SO Timesheet","uid":"165"},{"id_application_action":"173","action":"173","name":"Save\\/Edit SO Timesheet","uid":"166"},{"id_application_action":"174","action":"174","name":"View Incident Report","uid":"167"},{"id_application_action":"175","action":"175","name":"Create Incident Report","uid":"168"},{"id_application_action":"176","action":"176","name":"Edit Incident Report","uid":"169"},{"id_application_action":"177","action":"177","name":"Delete Incident Report","uid":"170"},{"id_application_action":"178","action":"178","name":"Save\\/Edit Incident Report","uid":"171"},{"id_application_action":"179","action":"179","name":"View Payroll","uid":"172"},{"id_application_action":"180","action":"180","name":"Create Payroll","uid":"173"},{"id_application_action":"181","action":"181","name":"Edit Payroll","uid":"174"},{"id_application_action":"182","action":"182","name":"Delete Payroll","uid":"175"},{"id_application_action":"183","action":"183","name":"Save\\/Edit Payroll","uid":"176"},{"id_application_action":"184","action":"184","name":"View Supplier Invoice","uid":"177"},{"id_application_action":"185","action":"185","name":"Create Supplier Invoice","uid":"178"},{"id_application_action":"186","action":"186","name":"Edit Supplier Invoice","uid":"179"},{"id_application_action":"187","action":"187","name":"Delete Supplier Invoice","uid":"180"},{"id_application_action":"188","action":"188","name":"Save\\/Edit Supplier Invoice","uid":"181"},{"id_application_action":"189","action":"189","name":"View Customer Invoice","uid":"182"},{"id_application_action":"190","action":"190","name":"Create Customer Invoice","uid":"183"},{"id_application_action":"191","action":"191","name":"Edit Customer Invoice","uid":"184"},{"id_application_action":"192","action":"192","name":"Delete Customer Invoice","uid":"185"},{"id_application_action":"193","action":"193","name":"Save\\/Edit Customer Invoice","uid":"186"},{"id_application_action":"194","action":"194","name":"View Bank Statement","uid":"187"},{"id_application_action":"195","action":"195","name":"Create Bank Statement","uid":"188"},{"id_application_action":"196","action":"196","name":"Edit Bank Statement","uid":"189"},{"id_application_action":"197","action":"197","name":"Delete Bank Statement","uid":"190"},{"id_application_action":"198","action":"198","name":"Save\\/Edit Bank Statement","uid":"191"},{"id_application_action":"199","action":"199","name":"View Cash Register","uid":"192"},{"id_application_action":"200","action":"200","name":"Create Cash Register","uid":"193"},{"id_application_action":"201","action":"201","name":"Edit Cash Register","uid":"194"},{"id_application_action":"202","action":"202","name":"Delete Cash Register","uid":"195"},{"id_application_action":"203","action":"203","name":"Save\\/Edit Cash Register","uid":"196"},{"id_application_action":"204","action":"204","name":"View Tax","uid":"197"},{"id_application_action":"205","action":"205","name":"Create Tax","uid":"198"},{"id_application_action":"206","action":"206","name":"Edit Tax","uid":"199"},{"id_application_action":"207","action":"207","name":"Delete Tax","uid":"200"},{"id_application_action":"208","action":"208","name":"Save\\/Edit Tax","uid":"201"},{"id_application_action":"209","action":"209","name":"View Chart of Account","uid":"202"},{"id_application_action":"210","action":"210","name":"Create Chart of Account","uid":"203"},{"id_application_action":"211","action":"211","name":"Edit Chart of Account","uid":"204"},{"id_application_action":"212","action":"212","name":"Delete Chart of Account","uid":"205"},{"id_application_action":"213","action":"213","name":"Save\\/Edit Chart of Account","uid":"206"},{"id_application_action":"214","action":"214","name":"View Employee Salary","uid":"207"},{"id_application_action":"215","action":"215","name":"Create Employee Salary","uid":"208"},{"id_application_action":"216","action":"216","name":"Edit Employee Salary","uid":"209"},{"id_application_action":"217","action":"217","name":"Delete Employee Salary","uid":"210"},{"id_application_action":"218","action":"218","name":"Save\\/Edit Employee Salary","uid":"211"},{"id_application_action":"219","action":"219","name":"View Salary Setting","uid":"212"},{"id_application_action":"220","action":"220","name":"Create Salary Setting","uid":"213"},{"id_application_action":"221","action":"221","name":"Edit Salary Setting","uid":"214"},{"id_application_action":"222","action":"222","name":"Delete Salary Setting","uid":"215"},{"id_application_action":"223","action":"223","name":"Save\\/Edit Salary Setting","uid":"216"},{"id_application_action":"224","action":"224","name":"View Database Interface","uid":"217"},{"id_application_action":"225","action":"225","name":"Pick Assessment Template","uid":"218"},{"id_application_action":"226","action":"226","name":"View Organisation Structure","uid":"219"},{"id_application_action":"227","action":"227","name":"Create Organisation Structure","uid":"220"},{"id_application_action":"228","action":"228","name":"Edit Organisation Structure","uid":"221"},{"id_application_action":"229","action":"229","name":"Delete Organisation Structure","uid":"222"},{"id_application_action":"230","action":"230","name":"Save\\/Edit Organisation Structure","uid":"223"},{"id_application_action":"231","action":"231","name":"View Position Level","uid":"224"},{"id_application_action":"232","action":"232","name":"Create Position Level","uid":"225"},{"id_application_action":"233","action":"233","name":"Edit Position Level","uid":"226"},{"id_application_action":"234","action":"234","name":"Delete Position Level","uid":"227"},{"id_application_action":"235","action":"235","name":"Save\\/Edit Position Level","uid":"228"},{"id_application_action":"236","action":"236","name":"View Employee Contract Type","uid":"229"},{"id_application_action":"237","action":"237","name":"Create Employee Contract Type","uid":"230"},{"id_application_action":"238","action":"238","name":"Edit Employee Contract Type","uid":"231"},{"id_application_action":"239","action":"239","name":"Delete Employee Contract Type","uid":"232"},{"id_application_action":"240","action":"240","name":"Save\\/Edit Employee Contract","uid":"233"},{"id_application_action":"241","action":"241","name":"View Bank","uid":"234"},{"id_application_action":"242","action":"242","name":"Create Bank","uid":"235"},{"id_application_action":"243","action":"243","name":"Edit Bank","uid":"236"},{"id_application_action":"244","action":"244","name":"Delete Bank","uid":"237"},{"id_application_action":"245","action":"245","name":"Save\\/Edit Bank","uid":"238"},{"id_application_action":"246","action":"246","name":"View Payment Receipt","uid":"239"},{"id_application_action":"247","action":"247","name":"Create Payment Receipt","uid":"240"},{"id_application_action":"248","action":"248","name":"Edit Payment Receipt","uid":"241"},{"id_application_action":"249","action":"249","name":"Save\\/Edit Payment Receipt","uid":"242"},{"id_application_action":"250","action":"250","name":"Delete Payment Receipt","uid":"243"},{"id_application_action":"251","action":"251","name":"Receive Payment From PO","uid":"244"},{"id_application_action":"252","action":"252","name":"Make Payment Receipt","uid":"245"},{"id_application_action":"253","action":"253","name":"Cancel Payment Receipt","uid":"246"},{"id_application_action":"254","action":"254","name":"View Stock Transaction","uid":"247"},{"id_application_action":"255","action":"255","name":"Create Stock Transaction","uid":"248"},{"id_application_action":"256","action":"256","name":"Edit Stock Transaction","uid":"249"},{"id_application_action":"257","action":"257","name":"Delete Stock Transaction","uid":"250"},{"id_application_action":"258","action":"258","name":"Save\\/Edit Stock Transaction","uid":"251"},{"id_application_action":"259","action":"259","name":"Post Stock Transaction","uid":"252"},{"id_application_action":"260","action":"260","name":"Unpost Stock Transaction","uid":"253"},{"id_application_action":"261","action":"261","name":"Transfer Good Receive","uid":"254"},{"id_application_action":"262","action":"262","name":"View Activity","uid":"255"},{"id_application_action":"263","action":"263","name":"Make Working Schedule","uid":"256"},{"id_application_action":"264","action":"264","name":"Validate Inquiry","uid":"257"},{"id_application_action":"265","action":"265","name":"Validate Quotation","uid":"258"},{"id_application_action":"267","action":"267","name":"Confirm Sales Order","uid":"259"},{"id_application_action":"266","name":"Validate Sales Order","uid":"260","id":"260"},{"id_application_action":"268","name":"View Fingerprint Device","uid":"261","id":"261"},{"id_application_action":"269","name":"Create Fingerprint Device","uid":"262","id":"262"},{"id_application_action":"270","name":"Edit Fingerprint Device","uid":"263","id":"263"},{"id_application_action":"271","name":"Delete Fingerprint Device","uid":"264","id":"264"},{"id_application_action":"272","name":"Save\\/Edit Fingerprint Device","uid":"265","id":"265"},{"id_application_action":"273","name":"Activate Fingerprint","uid":"266","id":"266"},{"id_application_action":"274","name":"Deactivate Fingerprint","uid":"267","id":"267"},{"id_application_action":"275","name":"View Fingerprint Assign","uid":"268","id":"268"},{"id_application_action":"276","name":"Create Fingerprint Assign","uid":"269","id":"269"},{"id_application_action":"277","name":"Edit Fingerprint Assign","uid":"270","id":"270"},{"id_application_action":"278","name":"Delete Fingerprint Assign","uid":"271","id":"271"},{"id_application_action":"279","name":"Save\\/Edit Fingerprint Assign","uid":"272","id":"272"},{"id_application_action":"280","name":"Make SO Assignment","uid":"273","id":"273"}],"is_edit":"true","id_role":"1"}', '2015-03-18 09:35:51'),
(171, 'Save/Edit Inquiry', 'inquiry', NULL, 2, 'Save/Edit Inquiry', 113, '{}', '2015-03-18 09:36:26'),
(172, 'Validate Inquiry', 'inquiry', NULL, 2, 'Validate Inquiry', 264, '{"id_inquiry":"3","status":"open"}', '2015-03-18 09:36:33'),
(173, 'Save/Edit Quotation', 'quotation', NULL, 2, 'Save/Edit Quotation', 123, '{}', '2015-03-18 09:37:22'),
(174, 'Validate Quotation', 'quotation', NULL, 2, 'Validate Quotation', 265, '{"id_quotation":"2","status":"open"}', '2015-03-18 09:37:30'),
(175, 'Make Working Schedule', 'quotation', NULL, 2, 'Make Working Schedule', 263, '{}', '2015-03-18 09:38:58'),
(176, 'Save/Edit Work Schedule', 'work_schedule', NULL, 2, 'Save/Edit Work Schedule', 148, '{}', '2015-03-18 09:39:32'),
(177, 'Validate Quotation', 'quotation', NULL, 2, 'Validate Quotation', 265, '{"id_quotation":"2","status":"open"}', '2015-03-18 09:39:50'),
(178, 'Save Sales Order', 'so', NULL, 2, 'Save Sales Order', 76, '{}', '2015-03-18 09:41:43'),
(179, 'Validate Sales Order', 'so', NULL, 2, 'Validate Sales Order', 266, '{"id_so":"1","status":"open"}', '2015-03-18 09:41:55'),
(180, 'Confirm Sales Order', 'so', NULL, 2, 'Confirm Sales Order', 267, '{"id_so":"1","id_work_order":1,"status":"close"}', '2015-03-18 09:42:02'),
(181, 'Make SO Assignment', 'work_order', NULL, 2, 'Make SO Assignment', 280, '{}', '2015-03-18 09:42:13'),
(182, 'Make SO Assignment', 'work_order', NULL, 2, 'Make SO Assignment', 280, '{}', '2015-03-18 19:43:33'),
(183, 'Make SO Assignment', 'work_order', NULL, 2, 'Make SO Assignment', 280, '{}', '2015-03-18 19:51:11'),
(184, 'Make SO Assignment', 'work_order', NULL, 2, 'Make SO Assignment', 280, '{}', '2015-03-18 19:51:32');
INSERT INTO `activity_log` (`id_log`, `activity`, `object`, `object_id`, `user`, `description`, `action`, `field_data`, `date_create`) VALUES
(185, 'Save/Edit Action', 'action', NULL, 2, 'Save/Edit Action', 10, '{"name":"Save\\/Edit Fingerprint Assign","uname":"save_edit_fingerprint_assign","controller":"fingerprint_assign","function_exec":"save_fingerprint_assign","function_args":"","view_type":"no_view","view_file":"","prefix":"","action_type":"create","action_button":"no_button","target_action":"275","action_condition":[{"identifier":"assign_fingerprint","target_action":"281","target_action_name":"Assign Fingerprint Device","uid":"0"}],"use_log":"1","is_edit":"true","id_edit":"279"}', '2015-03-20 12:28:58'),
(186, 'Save/Edit Role', 'role', NULL, 2, 'Save/Edit Role', 20, '{"name":"administrator","action_detail":[{"id_application_action":"1","action":"1","name":"View Application Action","uid":"0"},{"id_application_action":"2","action":"2","name":"Create Application Action","uid":"1"},{"id_application_action":"3","action":"3","name":"Edit Application Action","uid":"2"},{"id_application_action":"4","action":"4","name":"Delete Application Action","uid":"3"},{"id_application_action":"5","action":"5","name":"View Side Menu","uid":"4"},{"id_application_action":"6","action":"6","name":"Create Side Menu","uid":"5"},{"id_application_action":"7","action":"7","name":"Edit Side Menu","uid":"6"},{"id_application_action":"8","action":"8","name":"Delete Side Menu","uid":"7"},{"id_application_action":"9","action":"9","name":"Save\\/Edit Side Menu","uid":"8"},{"id_application_action":"10","action":"10","name":"Save\\/Edit Action","uid":"9"},{"id_application_action":"11","action":"11","name":"View Division","uid":"10"},{"id_application_action":"12","action":"12","name":"Create Division","uid":"11"},{"id_application_action":"13","action":"13","name":"Save\\/Edit Division","uid":"12"},{"id_application_action":"14","action":"14","name":"Edit Division","uid":"13"},{"id_application_action":"15","action":"15","name":"Delete Division","uid":"14"},{"id_application_action":"16","action":"16","name":"View Role","uid":"15"},{"id_application_action":"17","action":"17","name":"View Create Role","uid":"16"},{"id_application_action":"18","action":"18","name":"View Edit Role","uid":"17"},{"id_application_action":"19","action":"19","name":"Delete Role","uid":"18"},{"id_application_action":"20","action":"20","name":"Save\\/Edit Role","uid":"19"},{"id_application_action":"21","action":"21","name":"View Product","uid":"20"},{"id_application_action":"22","action":"22","name":"Create Product","uid":"21"},{"id_application_action":"23","action":"23","name":"Edit Product","uid":"22"},{"id_application_action":"24","action":"24","name":"Delete Product","uid":"23"},{"id_application_action":"25","action":"25","name":"Save\\/Edit Product","uid":"24"},{"id_application_action":"26","action":"26","name":"View Supplier","uid":"25"},{"id_application_action":"27","action":"27","name":"Create Supplier","uid":"26"},{"id_application_action":"28","action":"28","name":"Edit Supplier","uid":"27"},{"id_application_action":"29","action":"29","name":"Delete Supplier","uid":"28"},{"id_application_action":"30","action":"30","name":"Save\\/Edit Supplier","uid":"29"},{"id_application_action":"31","action":"31","name":"View Product Category","uid":"30"},{"id_application_action":"32","action":"32","name":"Create Product Category","uid":"31"},{"id_application_action":"33","action":"33","name":"Edit Product Category","uid":"32"},{"id_application_action":"34","action":"34","name":"Delete Product Category","uid":"33"},{"id_application_action":"35","action":"35","name":"Save\\/Edit Product Category","uid":"34"},{"id_application_action":"36","action":"36","name":"View Merk","uid":"35"},{"id_application_action":"37","action":"37","name":"Create Merk","uid":"36"},{"id_application_action":"38","action":"38","name":"Edit Merk","uid":"37"},{"id_application_action":"39","action":"39","name":"Delete Merk","uid":"38"},{"id_application_action":"40","action":"40","name":"Save\\/Edit Merk","uid":"39"},{"id_application_action":"41","action":"41","name":"View Customer","uid":"40"},{"id_application_action":"43","action":"43","name":"Create Customer","uid":"41"},{"id_application_action":"44","action":"44","name":"Edit Customer","uid":"42"},{"id_application_action":"45","action":"45","name":"Delete Customer","uid":"43"},{"id_application_action":"46","action":"46","name":"Save\\/Edit Customer","uid":"44"},{"id_application_action":"47","action":"47","name":"View Warehouse","uid":"45"},{"id_application_action":"48","action":"48","name":"Create Warehouse","uid":"46"},{"id_application_action":"49","action":"49","name":"Edit Warehouse","uid":"47"},{"id_application_action":"50","action":"50","name":"Delete Warehouse","uid":"48"},{"id_application_action":"51","action":"51","name":"Save\\/Edit Warehouse","uid":"49"},{"id_application_action":"57","action":"57","name":"View PO","uid":"50"},{"id_application_action":"58","action":"58","name":"Create PO","uid":"51"},{"id_application_action":"59","action":"59","name":"Edit PO","uid":"52"},{"id_application_action":"60","action":"60","name":"Delete PO","uid":"53"},{"id_application_action":"61","action":"61","name":"Save\\/Edit PO","uid":"54"},{"id_application_action":"62","action":"62","name":"View User","uid":"55"},{"id_application_action":"63","action":"63","name":"Create User","uid":"56"},{"id_application_action":"64","action":"64","name":"Edit User","uid":"57"},{"id_application_action":"65","action":"65","name":"Delete User","uid":"58"},{"id_application_action":"66","action":"66","name":"Save\\/Edit User","uid":"59"},{"id_application_action":"67","action":"67","name":"View Good Receive","uid":"60"},{"id_application_action":"68","action":"68","name":"Create Good Receive","uid":"61"},{"id_application_action":"69","action":"69","name":"Edit Good Receive","uid":"62"},{"id_application_action":"70","action":"70","name":"Delete Good Receive","uid":"63"},{"id_application_action":"71","action":"71","name":"Save\\/Edit Good Receive","uid":"64"},{"id_application_action":"72","action":"72","name":"View Sales Order","uid":"65"},{"id_application_action":"73","action":"73","name":"Create Sales Order","uid":"66"},{"id_application_action":"74","action":"74","name":"Edit Sales Order","uid":"67"},{"id_application_action":"75","action":"75","name":"Delete Sales Order","uid":"68"},{"id_application_action":"76","action":"76","name":"Save Sales Order","uid":"69"},{"id_application_action":"77","action":"77","name":"View Material Request","uid":"70"},{"id_application_action":"78","action":"78","name":"Create Material Request","uid":"71"},{"id_application_action":"79","action":"79","name":"Edit Material Request","uid":"72"},{"id_application_action":"80","action":"80","name":"Delete Material Request","uid":"73"},{"id_application_action":"81","action":"81","name":"Save Material Request","uid":"74"},{"id_application_action":"82","action":"82","name":"Change User Password","uid":"75"},{"id_application_action":"83","action":"83","name":"View Delivery Note","uid":"76"},{"id_application_action":"84","action":"84","name":"Create Delivery Note","uid":"77"},{"id_application_action":"85","action":"85","name":"Edit Delivery Note","uid":"78"},{"id_application_action":"86","action":"86","name":"Delete Delivery Note","uid":"79"},{"id_application_action":"87","action":"87","name":"Save\\/Edit Delivery Note","uid":"80"},{"id_application_action":"88","action":"88","name":"View Unit Measure","uid":"81"},{"id_application_action":"89","action":"89","name":"Create Unit Measure","uid":"82"},{"id_application_action":"90","action":"90","name":"Edit Unit Measure","uid":"83"},{"id_application_action":"91","action":"91","name":"Delete Unit Measure","uid":"84"},{"id_application_action":"92","action":"92","name":"Save\\/Edit Unit Measure","uid":"85"},{"id_application_action":"93","action":"93","name":"View Stock","uid":"86"},{"id_application_action":"94","action":"94","name":"View Employee","uid":"87"},{"id_application_action":"95","action":"95","name":"Create Employee","uid":"88"},{"id_application_action":"96","action":"96","name":"Edit Employee","uid":"89"},{"id_application_action":"97","action":"97","name":"Delete Employee","uid":"90"},{"id_application_action":"98","action":"98","name":"Save\\/Edit Employee","uid":"91"},{"id_application_action":"99","action":"99","name":"Validate PO","uid":"92"},{"id_application_action":"100","action":"100","name":"Create Database Interface","uid":"93"},{"id_application_action":"101","action":"101","name":"Edit Database Interface","uid":"94"},{"id_application_action":"102","action":"102","name":"Delete Database Interface","uid":"95"},{"id_application_action":"103","action":"103","name":"Save \\/ Edit Database Interface","uid":"96"},{"id_application_action":"104","action":"104","name":"View Database Field Interface","uid":"97"},{"id_application_action":"105","action":"105","name":"Create Database Field Interface","uid":"98"},{"id_application_action":"106","action":"106","name":"Edit Database Field Interface","uid":"99"},{"id_application_action":"107","action":"107","name":"Delete Database Field Interface","uid":"100"},{"id_application_action":"108","action":"108","name":"Save \\/ Edit Database Field Interface","uid":"101"},{"id_application_action":"109","action":"109","name":"View Inquiry","uid":"102"},{"id_application_action":"110","action":"110","name":"Create Inquiry","uid":"103"},{"id_application_action":"111","action":"111","name":"Edit Inquiry","uid":"104"},{"id_application_action":"112","action":"112","name":"Delete Inquiry","uid":"105"},{"id_application_action":"113","action":"113","name":"Save\\/Edit Inquiry","uid":"106"},{"id_application_action":"114","action":"114","name":"View Survey \\/ Assessment","uid":"107"},{"id_application_action":"115","action":"115","name":"Create Survey \\/ Assessment","uid":"108"},{"id_application_action":"116","action":"116","name":"Edit Survey \\/ Assessment","uid":"109"},{"id_application_action":"117","action":"117","name":"Delete Survey \\/ Assessment","uid":"110"},{"id_application_action":"118","action":"118","name":"Save\\/Edit Survey \\/ Assessment","uid":"111"},{"id_application_action":"119","action":"119","name":"View Quotation","uid":"112"},{"id_application_action":"120","action":"120","name":"Create Quotation","uid":"113"},{"id_application_action":"121","action":"121","name":"Edit Quotation","uid":"114"},{"id_application_action":"122","action":"122","name":"Delete Quotation","uid":"115"},{"id_application_action":"123","action":"123","name":"Save\\/Edit Quotation","uid":"116"},{"id_application_action":"124","action":"124","name":"View Project Contract","uid":"117"},{"id_application_action":"125","action":"125","name":"Create Project Contract","uid":"118"},{"id_application_action":"126","action":"126","name":"Edit Project Contract","uid":"119"},{"id_application_action":"127","action":"127","name":"Delete Project Contract","uid":"120"},{"id_application_action":"128","action":"128","name":"Save\\/Edit Project Contract","uid":"121"},{"id_application_action":"129","action":"129","name":"View Work Order","uid":"122"},{"id_application_action":"130","action":"130","name":"Create Work Order","uid":"123"},{"id_application_action":"131","action":"131","name":"Edit Work Order","uid":"124"},{"id_application_action":"132","action":"132","name":"Delete Work Order","uid":"125"},{"id_application_action":"133","action":"133","name":"Save\\/Edit Work Order","uid":"126"},{"id_application_action":"134","action":"134","name":"View Assessment Template","uid":"127"},{"id_application_action":"135","action":"135","name":"Create Assessment Template","uid":"128"},{"id_application_action":"136","action":"136","name":"Edit Assessment Template","uid":"129"},{"id_application_action":"137","action":"137","name":"Delete Assessment Template","uid":"130"},{"id_application_action":"138","action":"138","name":"Save\\/Edit Assessment Template","uid":"131"},{"id_application_action":"139","action":"139","name":"View Contract Template","uid":"132"},{"id_application_action":"140","action":"140","name":"Create Contract Template","uid":"133"},{"id_application_action":"141","action":"141","name":"Edit Contract Template","uid":"134"},{"id_application_action":"142","action":"142","name":"Delete Contract Template","uid":"135"},{"id_application_action":"143","action":"143","name":"Save\\/Edit Contract Template","uid":"136"},{"id_application_action":"144","action":"144","name":"View Work Schedule","uid":"137"},{"id_application_action":"145","action":"145","name":"Create Work Schedule","uid":"138"},{"id_application_action":"146","action":"146","name":"Edit Work Schedule","uid":"139"},{"id_application_action":"147","action":"147","name":"Delete Work Schedule","uid":"140"},{"id_application_action":"148","action":"148","name":"Save\\/Edit Work Schedule","uid":"141"},{"id_application_action":"149","action":"149","name":"View SO Assignment","uid":"142"},{"id_application_action":"150","action":"150","name":"Create SO Assignment","uid":"143"},{"id_application_action":"151","action":"151","name":"Edit SO Assignment","uid":"144"},{"id_application_action":"152","action":"152","name":"Delete SO Assignment","uid":"145"},{"id_application_action":"153","action":"153","name":"Save\\/Edit SO Assignment","uid":"146"},{"id_application_action":"154","action":"154","name":"View Shift Change","uid":"147"},{"id_application_action":"155","action":"155","name":"Create Shift Change","uid":"148"},{"id_application_action":"156","action":"156","name":"Edit Shift Change","uid":"149"},{"id_application_action":"157","action":"157","name":"Delete Shift Change","uid":"150"},{"id_application_action":"158","action":"158","name":"Save\\/Edit Shift Change","uid":"151"},{"id_application_action":"159","action":"159","name":"View Leave Application","uid":"152"},{"id_application_action":"160","action":"160","name":"Create Leave Application","uid":"153"},{"id_application_action":"161","action":"161","name":"Edit Leave Application","uid":"154"},{"id_application_action":"162","action":"162","name":"Delete Leave Application","uid":"155"},{"id_application_action":"163","action":"163","name":"Save\\/Edit Leave Application","uid":"156"},{"id_application_action":"164","action":"164","name":"View Timesheet (Recap)","uid":"157"},{"id_application_action":"165","action":"165","name":"Create Timesheet (Recap)","uid":"158"},{"id_application_action":"166","action":"166","name":"Edit Timesheet (Recap)","uid":"159"},{"id_application_action":"167","action":"167","name":"Delete Timesheet (Recap)","uid":"160"},{"id_application_action":"168","action":"168","name":"Save\\/Edit Timesheet (Recap)","uid":"161"},{"id_application_action":"169","action":"169","name":"View SO Timesheet","uid":"162"},{"id_application_action":"170","action":"170","name":"Create SO Timesheet","uid":"163"},{"id_application_action":"171","action":"171","name":"Edit SO Timesheet","uid":"164"},{"id_application_action":"172","action":"172","name":"Delete SO Timesheet","uid":"165"},{"id_application_action":"173","action":"173","name":"Save\\/Edit SO Timesheet","uid":"166"},{"id_application_action":"174","action":"174","name":"View Incident Report","uid":"167"},{"id_application_action":"175","action":"175","name":"Create Incident Report","uid":"168"},{"id_application_action":"176","action":"176","name":"Edit Incident Report","uid":"169"},{"id_application_action":"177","action":"177","name":"Delete Incident Report","uid":"170"},{"id_application_action":"178","action":"178","name":"Save\\/Edit Incident Report","uid":"171"},{"id_application_action":"179","action":"179","name":"View Payroll","uid":"172"},{"id_application_action":"180","action":"180","name":"Create Payroll","uid":"173"},{"id_application_action":"181","action":"181","name":"Edit Payroll","uid":"174"},{"id_application_action":"182","action":"182","name":"Delete Payroll","uid":"175"},{"id_application_action":"183","action":"183","name":"Save\\/Edit Payroll","uid":"176"},{"id_application_action":"184","action":"184","name":"View Supplier Invoice","uid":"177"},{"id_application_action":"185","action":"185","name":"Create Supplier Invoice","uid":"178"},{"id_application_action":"186","action":"186","name":"Edit Supplier Invoice","uid":"179"},{"id_application_action":"187","action":"187","name":"Delete Supplier Invoice","uid":"180"},{"id_application_action":"188","action":"188","name":"Save\\/Edit Supplier Invoice","uid":"181"},{"id_application_action":"189","action":"189","name":"View Customer Invoice","uid":"182"},{"id_application_action":"190","action":"190","name":"Create Customer Invoice","uid":"183"},{"id_application_action":"191","action":"191","name":"Edit Customer Invoice","uid":"184"},{"id_application_action":"192","action":"192","name":"Delete Customer Invoice","uid":"185"},{"id_application_action":"193","action":"193","name":"Save\\/Edit Customer Invoice","uid":"186"},{"id_application_action":"194","action":"194","name":"View Bank Statement","uid":"187"},{"id_application_action":"195","action":"195","name":"Create Bank Statement","uid":"188"},{"id_application_action":"196","action":"196","name":"Edit Bank Statement","uid":"189"},{"id_application_action":"197","action":"197","name":"Delete Bank Statement","uid":"190"},{"id_application_action":"198","action":"198","name":"Save\\/Edit Bank Statement","uid":"191"},{"id_application_action":"199","action":"199","name":"View Cash Register","uid":"192"},{"id_application_action":"200","action":"200","name":"Create Cash Register","uid":"193"},{"id_application_action":"201","action":"201","name":"Edit Cash Register","uid":"194"},{"id_application_action":"202","action":"202","name":"Delete Cash Register","uid":"195"},{"id_application_action":"203","action":"203","name":"Save\\/Edit Cash Register","uid":"196"},{"id_application_action":"204","action":"204","name":"View Tax","uid":"197"},{"id_application_action":"205","action":"205","name":"Create Tax","uid":"198"},{"id_application_action":"206","action":"206","name":"Edit Tax","uid":"199"},{"id_application_action":"207","action":"207","name":"Delete Tax","uid":"200"},{"id_application_action":"208","action":"208","name":"Save\\/Edit Tax","uid":"201"},{"id_application_action":"209","action":"209","name":"View Chart of Account","uid":"202"},{"id_application_action":"210","action":"210","name":"Create Chart of Account","uid":"203"},{"id_application_action":"211","action":"211","name":"Edit Chart of Account","uid":"204"},{"id_application_action":"212","action":"212","name":"Delete Chart of Account","uid":"205"},{"id_application_action":"213","action":"213","name":"Save\\/Edit Chart of Account","uid":"206"},{"id_application_action":"214","action":"214","name":"View Employee Salary","uid":"207"},{"id_application_action":"215","action":"215","name":"Create Employee Salary","uid":"208"},{"id_application_action":"216","action":"216","name":"Edit Employee Salary","uid":"209"},{"id_application_action":"217","action":"217","name":"Delete Employee Salary","uid":"210"},{"id_application_action":"218","action":"218","name":"Save\\/Edit Employee Salary","uid":"211"},{"id_application_action":"219","action":"219","name":"View Salary Setting","uid":"212"},{"id_application_action":"220","action":"220","name":"Create Salary Setting","uid":"213"},{"id_application_action":"221","action":"221","name":"Edit Salary Setting","uid":"214"},{"id_application_action":"222","action":"222","name":"Delete Salary Setting","uid":"215"},{"id_application_action":"223","action":"223","name":"Save\\/Edit Salary Setting","uid":"216"},{"id_application_action":"224","action":"224","name":"View Database Interface","uid":"217"},{"id_application_action":"225","action":"225","name":"Pick Assessment Template","uid":"218"},{"id_application_action":"226","action":"226","name":"View Organisation Structure","uid":"219"},{"id_application_action":"227","action":"227","name":"Create Organisation Structure","uid":"220"},{"id_application_action":"228","action":"228","name":"Edit Organisation Structure","uid":"221"},{"id_application_action":"229","action":"229","name":"Delete Organisation Structure","uid":"222"},{"id_application_action":"230","action":"230","name":"Save\\/Edit Organisation Structure","uid":"223"},{"id_application_action":"231","action":"231","name":"View Position Level","uid":"224"},{"id_application_action":"232","action":"232","name":"Create Position Level","uid":"225"},{"id_application_action":"233","action":"233","name":"Edit Position Level","uid":"226"},{"id_application_action":"234","action":"234","name":"Delete Position Level","uid":"227"},{"id_application_action":"235","action":"235","name":"Save\\/Edit Position Level","uid":"228"},{"id_application_action":"236","action":"236","name":"View Employee Contract Type","uid":"229"},{"id_application_action":"237","action":"237","name":"Create Employee Contract Type","uid":"230"},{"id_application_action":"238","action":"238","name":"Edit Employee Contract Type","uid":"231"},{"id_application_action":"239","action":"239","name":"Delete Employee Contract Type","uid":"232"},{"id_application_action":"240","action":"240","name":"Save\\/Edit Employee Contract","uid":"233"},{"id_application_action":"241","action":"241","name":"View Bank","uid":"234"},{"id_application_action":"242","action":"242","name":"Create Bank","uid":"235"},{"id_application_action":"243","action":"243","name":"Edit Bank","uid":"236"},{"id_application_action":"244","action":"244","name":"Delete Bank","uid":"237"},{"id_application_action":"245","action":"245","name":"Save\\/Edit Bank","uid":"238"},{"id_application_action":"246","action":"246","name":"View Payment Receipt","uid":"239"},{"id_application_action":"247","action":"247","name":"Create Payment Receipt","uid":"240"},{"id_application_action":"248","action":"248","name":"Edit Payment Receipt","uid":"241"},{"id_application_action":"249","action":"249","name":"Save\\/Edit Payment Receipt","uid":"242"},{"id_application_action":"250","action":"250","name":"Delete Payment Receipt","uid":"243"},{"id_application_action":"251","action":"251","name":"Receive Payment From PO","uid":"244"},{"id_application_action":"252","action":"252","name":"Make Payment Receipt","uid":"245"},{"id_application_action":"253","action":"253","name":"Cancel Payment Receipt","uid":"246"},{"id_application_action":"254","action":"254","name":"View Stock Transaction","uid":"247"},{"id_application_action":"255","action":"255","name":"Create Stock Transaction","uid":"248"},{"id_application_action":"256","action":"256","name":"Edit Stock Transaction","uid":"249"},{"id_application_action":"257","action":"257","name":"Delete Stock Transaction","uid":"250"},{"id_application_action":"258","action":"258","name":"Save\\/Edit Stock Transaction","uid":"251"},{"id_application_action":"259","action":"259","name":"Post Stock Transaction","uid":"252"},{"id_application_action":"260","action":"260","name":"Unpost Stock Transaction","uid":"253"},{"id_application_action":"261","action":"261","name":"Transfer Good Receive","uid":"254"},{"id_application_action":"262","action":"262","name":"View Activity","uid":"255"},{"id_application_action":"263","action":"263","name":"Make Working Schedule","uid":"256"},{"id_application_action":"264","action":"264","name":"Validate Inquiry","uid":"257"},{"id_application_action":"265","action":"265","name":"Validate Quotation","uid":"258"},{"id_application_action":"267","action":"267","name":"Confirm Sales Order","uid":"259"},{"id_application_action":"266","action":"266","name":"Validate Sales Order","uid":"260"},{"id_application_action":"268","action":"268","name":"View Fingerprint Device","uid":"261"},{"id_application_action":"269","action":"269","name":"Create Fingerprint Device","uid":"262"},{"id_application_action":"270","action":"270","name":"Edit Fingerprint Device","uid":"263"},{"id_application_action":"271","action":"271","name":"Delete Fingerprint Device","uid":"264"},{"id_application_action":"272","action":"272","name":"Save\\/Edit Fingerprint Device","uid":"265"},{"id_application_action":"273","action":"273","name":"Activate Fingerprint","uid":"266"},{"id_application_action":"274","action":"274","name":"Deactivate Fingerprint","uid":"267"},{"id_application_action":"275","action":"275","name":"View Fingerprint Assign","uid":"268"},{"id_application_action":"276","action":"276","name":"Create Fingerprint Assign","uid":"269"},{"id_application_action":"277","action":"277","name":"Edit Fingerprint Assign","uid":"270"},{"id_application_action":"278","action":"278","name":"Delete Fingerprint Assign","uid":"271"},{"id_application_action":"279","action":"279","name":"Save\\/Edit Fingerprint Assign","uid":"272"},{"id_application_action":"280","action":"280","name":"Make SO Assignment","uid":"273"},{"id_application_action":"281","name":"Assign Fingerprint Device","uid":"274","id":"274"},{"id_application_action":"282","name":"Unassign Fingerprint","uid":"275","id":"275"},{"id_application_action":"283","name":"Fingerprint Enroll","uid":"276","id":"276"},{"id_application_action":"284","name":"Save Fingerprint Enroll","uid":"277","id":"277"}],"is_edit":"true","id_role":"1"}', '2015-03-20 12:30:55'),
(187, 'Save/Edit Side Menu', 'side_menu', NULL, 2, 'Save/Edit Side Menu', 9, '{}', '2015-03-20 12:31:18');
INSERT INTO `activity_log` (`id_log`, `activity`, `object`, `object_id`, `user`, `description`, `action`, `field_data`, `date_create`) VALUES
(188, 'Save/Edit Role', 'role', NULL, 2, 'Save/Edit Role', 20, '{"name":"administrator","action_detail":[{"id_application_action":"1","action":"1","name":"View Application Action","uid":"0"},{"id_application_action":"2","action":"2","name":"Create Application Action","uid":"1"},{"id_application_action":"3","action":"3","name":"Edit Application Action","uid":"2"},{"id_application_action":"4","action":"4","name":"Delete Application Action","uid":"3"},{"id_application_action":"5","action":"5","name":"View Side Menu","uid":"4"},{"id_application_action":"6","action":"6","name":"Create Side Menu","uid":"5"},{"id_application_action":"7","action":"7","name":"Edit Side Menu","uid":"6"},{"id_application_action":"8","action":"8","name":"Delete Side Menu","uid":"7"},{"id_application_action":"9","action":"9","name":"Save\\/Edit Side Menu","uid":"8"},{"id_application_action":"10","action":"10","name":"Save\\/Edit Action","uid":"9"},{"id_application_action":"11","action":"11","name":"View Division","uid":"10"},{"id_application_action":"12","action":"12","name":"Create Division","uid":"11"},{"id_application_action":"13","action":"13","name":"Save\\/Edit Division","uid":"12"},{"id_application_action":"14","action":"14","name":"Edit Division","uid":"13"},{"id_application_action":"15","action":"15","name":"Delete Division","uid":"14"},{"id_application_action":"16","action":"16","name":"View Role","uid":"15"},{"id_application_action":"17","action":"17","name":"View Create Role","uid":"16"},{"id_application_action":"18","action":"18","name":"View Edit Role","uid":"17"},{"id_application_action":"19","action":"19","name":"Delete Role","uid":"18"},{"id_application_action":"20","action":"20","name":"Save\\/Edit Role","uid":"19"},{"id_application_action":"21","action":"21","name":"View Product","uid":"20"},{"id_application_action":"22","action":"22","name":"Create Product","uid":"21"},{"id_application_action":"23","action":"23","name":"Edit Product","uid":"22"},{"id_application_action":"24","action":"24","name":"Delete Product","uid":"23"},{"id_application_action":"25","action":"25","name":"Save\\/Edit Product","uid":"24"},{"id_application_action":"26","action":"26","name":"View Supplier","uid":"25"},{"id_application_action":"27","action":"27","name":"Create Supplier","uid":"26"},{"id_application_action":"28","action":"28","name":"Edit Supplier","uid":"27"},{"id_application_action":"29","action":"29","name":"Delete Supplier","uid":"28"},{"id_application_action":"30","action":"30","name":"Save\\/Edit Supplier","uid":"29"},{"id_application_action":"31","action":"31","name":"View Product Category","uid":"30"},{"id_application_action":"32","action":"32","name":"Create Product Category","uid":"31"},{"id_application_action":"33","action":"33","name":"Edit Product Category","uid":"32"},{"id_application_action":"34","action":"34","name":"Delete Product Category","uid":"33"},{"id_application_action":"35","action":"35","name":"Save\\/Edit Product Category","uid":"34"},{"id_application_action":"36","action":"36","name":"View Merk","uid":"35"},{"id_application_action":"37","action":"37","name":"Create Merk","uid":"36"},{"id_application_action":"38","action":"38","name":"Edit Merk","uid":"37"},{"id_application_action":"39","action":"39","name":"Delete Merk","uid":"38"},{"id_application_action":"40","action":"40","name":"Save\\/Edit Merk","uid":"39"},{"id_application_action":"41","action":"41","name":"View Customer","uid":"40"},{"id_application_action":"43","action":"43","name":"Create Customer","uid":"41"},{"id_application_action":"44","action":"44","name":"Edit Customer","uid":"42"},{"id_application_action":"45","action":"45","name":"Delete Customer","uid":"43"},{"id_application_action":"46","action":"46","name":"Save\\/Edit Customer","uid":"44"},{"id_application_action":"47","action":"47","name":"View Warehouse","uid":"45"},{"id_application_action":"48","action":"48","name":"Create Warehouse","uid":"46"},{"id_application_action":"49","action":"49","name":"Edit Warehouse","uid":"47"},{"id_application_action":"50","action":"50","name":"Delete Warehouse","uid":"48"},{"id_application_action":"51","action":"51","name":"Save\\/Edit Warehouse","uid":"49"},{"id_application_action":"57","action":"57","name":"View PO","uid":"50"},{"id_application_action":"58","action":"58","name":"Create PO","uid":"51"},{"id_application_action":"59","action":"59","name":"Edit PO","uid":"52"},{"id_application_action":"60","action":"60","name":"Delete PO","uid":"53"},{"id_application_action":"61","action":"61","name":"Save\\/Edit PO","uid":"54"},{"id_application_action":"62","action":"62","name":"View User","uid":"55"},{"id_application_action":"63","action":"63","name":"Create User","uid":"56"},{"id_application_action":"64","action":"64","name":"Edit User","uid":"57"},{"id_application_action":"65","action":"65","name":"Delete User","uid":"58"},{"id_application_action":"66","action":"66","name":"Save\\/Edit User","uid":"59"},{"id_application_action":"67","action":"67","name":"View Good Receive","uid":"60"},{"id_application_action":"68","action":"68","name":"Create Good Receive","uid":"61"},{"id_application_action":"69","action":"69","name":"Edit Good Receive","uid":"62"},{"id_application_action":"70","action":"70","name":"Delete Good Receive","uid":"63"},{"id_application_action":"71","action":"71","name":"Save\\/Edit Good Receive","uid":"64"},{"id_application_action":"72","action":"72","name":"View Sales Order","uid":"65"},{"id_application_action":"73","action":"73","name":"Create Sales Order","uid":"66"},{"id_application_action":"74","action":"74","name":"Edit Sales Order","uid":"67"},{"id_application_action":"75","action":"75","name":"Delete Sales Order","uid":"68"},{"id_application_action":"76","action":"76","name":"Save Sales Order","uid":"69"},{"id_application_action":"77","action":"77","name":"View Material Request","uid":"70"},{"id_application_action":"78","action":"78","name":"Create Material Request","uid":"71"},{"id_application_action":"79","action":"79","name":"Edit Material Request","uid":"72"},{"id_application_action":"80","action":"80","name":"Delete Material Request","uid":"73"},{"id_application_action":"81","action":"81","name":"Save Material Request","uid":"74"},{"id_application_action":"82","action":"82","name":"Change User Password","uid":"75"},{"id_application_action":"83","action":"83","name":"View Delivery Note","uid":"76"},{"id_application_action":"84","action":"84","name":"Create Delivery Note","uid":"77"},{"id_application_action":"85","action":"85","name":"Edit Delivery Note","uid":"78"},{"id_application_action":"86","action":"86","name":"Delete Delivery Note","uid":"79"},{"id_application_action":"87","action":"87","name":"Save\\/Edit Delivery Note","uid":"80"},{"id_application_action":"88","action":"88","name":"View Unit Measure","uid":"81"},{"id_application_action":"89","action":"89","name":"Create Unit Measure","uid":"82"},{"id_application_action":"90","action":"90","name":"Edit Unit Measure","uid":"83"},{"id_application_action":"91","action":"91","name":"Delete Unit Measure","uid":"84"},{"id_application_action":"92","action":"92","name":"Save\\/Edit Unit Measure","uid":"85"},{"id_application_action":"93","action":"93","name":"View Stock","uid":"86"},{"id_application_action":"94","action":"94","name":"View Employee","uid":"87"},{"id_application_action":"95","action":"95","name":"Create Employee","uid":"88"},{"id_application_action":"96","action":"96","name":"Edit Employee","uid":"89"},{"id_application_action":"97","action":"97","name":"Delete Employee","uid":"90"},{"id_application_action":"98","action":"98","name":"Save\\/Edit Employee","uid":"91"},{"id_application_action":"99","action":"99","name":"Validate PO","uid":"92"},{"id_application_action":"100","action":"100","name":"Create Database Interface","uid":"93"},{"id_application_action":"101","action":"101","name":"Edit Database Interface","uid":"94"},{"id_application_action":"102","action":"102","name":"Delete Database Interface","uid":"95"},{"id_application_action":"103","action":"103","name":"Save \\/ Edit Database Interface","uid":"96"},{"id_application_action":"104","action":"104","name":"View Database Field Interface","uid":"97"},{"id_application_action":"105","action":"105","name":"Create Database Field Interface","uid":"98"},{"id_application_action":"106","action":"106","name":"Edit Database Field Interface","uid":"99"},{"id_application_action":"107","action":"107","name":"Delete Database Field Interface","uid":"100"},{"id_application_action":"108","action":"108","name":"Save \\/ Edit Database Field Interface","uid":"101"},{"id_application_action":"109","action":"109","name":"View Inquiry","uid":"102"},{"id_application_action":"110","action":"110","name":"Create Inquiry","uid":"103"},{"id_application_action":"111","action":"111","name":"Edit Inquiry","uid":"104"},{"id_application_action":"112","action":"112","name":"Delete Inquiry","uid":"105"},{"id_application_action":"113","action":"113","name":"Save\\/Edit Inquiry","uid":"106"},{"id_application_action":"114","action":"114","name":"View Survey \\/ Assessment","uid":"107"},{"id_application_action":"115","action":"115","name":"Create Survey \\/ Assessment","uid":"108"},{"id_application_action":"116","action":"116","name":"Edit Survey \\/ Assessment","uid":"109"},{"id_application_action":"117","action":"117","name":"Delete Survey \\/ Assessment","uid":"110"},{"id_application_action":"118","action":"118","name":"Save\\/Edit Survey \\/ Assessment","uid":"111"},{"id_application_action":"119","action":"119","name":"View Quotation","uid":"112"},{"id_application_action":"120","action":"120","name":"Create Quotation","uid":"113"},{"id_application_action":"121","action":"121","name":"Edit Quotation","uid":"114"},{"id_application_action":"122","action":"122","name":"Delete Quotation","uid":"115"},{"id_application_action":"123","action":"123","name":"Save\\/Edit Quotation","uid":"116"},{"id_application_action":"124","action":"124","name":"View Project Contract","uid":"117"},{"id_application_action":"125","action":"125","name":"Create Project Contract","uid":"118"},{"id_application_action":"126","action":"126","name":"Edit Project Contract","uid":"119"},{"id_application_action":"127","action":"127","name":"Delete Project Contract","uid":"120"},{"id_application_action":"128","action":"128","name":"Save\\/Edit Project Contract","uid":"121"},{"id_application_action":"129","action":"129","name":"View Work Order","uid":"122"},{"id_application_action":"130","action":"130","name":"Create Work Order","uid":"123"},{"id_application_action":"131","action":"131","name":"Edit Work Order","uid":"124"},{"id_application_action":"132","action":"132","name":"Delete Work Order","uid":"125"},{"id_application_action":"133","action":"133","name":"Save\\/Edit Work Order","uid":"126"},{"id_application_action":"134","action":"134","name":"View Assessment Template","uid":"127"},{"id_application_action":"135","action":"135","name":"Create Assessment Template","uid":"128"},{"id_application_action":"136","action":"136","name":"Edit Assessment Template","uid":"129"},{"id_application_action":"137","action":"137","name":"Delete Assessment Template","uid":"130"},{"id_application_action":"138","action":"138","name":"Save\\/Edit Assessment Template","uid":"131"},{"id_application_action":"139","action":"139","name":"View Contract Template","uid":"132"},{"id_application_action":"140","action":"140","name":"Create Contract Template","uid":"133"},{"id_application_action":"141","action":"141","name":"Edit Contract Template","uid":"134"},{"id_application_action":"142","action":"142","name":"Delete Contract Template","uid":"135"},{"id_application_action":"143","action":"143","name":"Save\\/Edit Contract Template","uid":"136"},{"id_application_action":"144","action":"144","name":"View Work Schedule","uid":"137"},{"id_application_action":"145","action":"145","name":"Create Work Schedule","uid":"138"},{"id_application_action":"146","action":"146","name":"Edit Work Schedule","uid":"139"},{"id_application_action":"147","action":"147","name":"Delete Work Schedule","uid":"140"},{"id_application_action":"148","action":"148","name":"Save\\/Edit Work Schedule","uid":"141"},{"id_application_action":"149","action":"149","name":"View SO Assignment","uid":"142"},{"id_application_action":"150","action":"150","name":"Create SO Assignment","uid":"143"},{"id_application_action":"151","action":"151","name":"Edit SO Assignment","uid":"144"},{"id_application_action":"152","action":"152","name":"Delete SO Assignment","uid":"145"},{"id_application_action":"153","action":"153","name":"Save\\/Edit SO Assignment","uid":"146"},{"id_application_action":"154","action":"154","name":"View Shift Change","uid":"147"},{"id_application_action":"155","action":"155","name":"Create Shift Change","uid":"148"},{"id_application_action":"156","action":"156","name":"Edit Shift Change","uid":"149"},{"id_application_action":"157","action":"157","name":"Delete Shift Change","uid":"150"},{"id_application_action":"158","action":"158","name":"Save\\/Edit Shift Change","uid":"151"},{"id_application_action":"159","action":"159","name":"View Leave Application","uid":"152"},{"id_application_action":"160","action":"160","name":"Create Leave Application","uid":"153"},{"id_application_action":"161","action":"161","name":"Edit Leave Application","uid":"154"},{"id_application_action":"162","action":"162","name":"Delete Leave Application","uid":"155"},{"id_application_action":"163","action":"163","name":"Save\\/Edit Leave Application","uid":"156"},{"id_application_action":"164","action":"164","name":"View Timesheet (Recap)","uid":"157"},{"id_application_action":"165","action":"165","name":"Create Timesheet (Recap)","uid":"158"},{"id_application_action":"166","action":"166","name":"Edit Timesheet (Recap)","uid":"159"},{"id_application_action":"167","action":"167","name":"Delete Timesheet (Recap)","uid":"160"},{"id_application_action":"168","action":"168","name":"Save\\/Edit Timesheet (Recap)","uid":"161"},{"id_application_action":"169","action":"169","name":"View SO Timesheet","uid":"162"},{"id_application_action":"170","action":"170","name":"Create SO Timesheet","uid":"163"},{"id_application_action":"171","action":"171","name":"Edit SO Timesheet","uid":"164"},{"id_application_action":"172","action":"172","name":"Delete SO Timesheet","uid":"165"},{"id_application_action":"173","action":"173","name":"Save\\/Edit SO Timesheet","uid":"166"},{"id_application_action":"174","action":"174","name":"View Incident Report","uid":"167"},{"id_application_action":"175","action":"175","name":"Create Incident Report","uid":"168"},{"id_application_action":"176","action":"176","name":"Edit Incident Report","uid":"169"},{"id_application_action":"177","action":"177","name":"Delete Incident Report","uid":"170"},{"id_application_action":"178","action":"178","name":"Save\\/Edit Incident Report","uid":"171"},{"id_application_action":"179","action":"179","name":"View Payroll","uid":"172"},{"id_application_action":"180","action":"180","name":"Create Payroll","uid":"173"},{"id_application_action":"181","action":"181","name":"Edit Payroll","uid":"174"},{"id_application_action":"182","action":"182","name":"Delete Payroll","uid":"175"},{"id_application_action":"183","action":"183","name":"Save\\/Edit Payroll","uid":"176"},{"id_application_action":"184","action":"184","name":"View Supplier Invoice","uid":"177"},{"id_application_action":"185","action":"185","name":"Create Supplier Invoice","uid":"178"},{"id_application_action":"186","action":"186","name":"Edit Supplier Invoice","uid":"179"},{"id_application_action":"187","action":"187","name":"Delete Supplier Invoice","uid":"180"},{"id_application_action":"188","action":"188","name":"Save\\/Edit Supplier Invoice","uid":"181"},{"id_application_action":"189","action":"189","name":"View Customer Invoice","uid":"182"},{"id_application_action":"190","action":"190","name":"Create Customer Invoice","uid":"183"},{"id_application_action":"191","action":"191","name":"Edit Customer Invoice","uid":"184"},{"id_application_action":"192","action":"192","name":"Delete Customer Invoice","uid":"185"},{"id_application_action":"193","action":"193","name":"Save\\/Edit Customer Invoice","uid":"186"},{"id_application_action":"194","action":"194","name":"View Bank Statement","uid":"187"},{"id_application_action":"195","action":"195","name":"Create Bank Statement","uid":"188"},{"id_application_action":"196","action":"196","name":"Edit Bank Statement","uid":"189"},{"id_application_action":"197","action":"197","name":"Delete Bank Statement","uid":"190"},{"id_application_action":"198","action":"198","name":"Save\\/Edit Bank Statement","uid":"191"},{"id_application_action":"199","action":"199","name":"View Cash Register","uid":"192"},{"id_application_action":"200","action":"200","name":"Create Cash Register","uid":"193"},{"id_application_action":"201","action":"201","name":"Edit Cash Register","uid":"194"},{"id_application_action":"202","action":"202","name":"Delete Cash Register","uid":"195"},{"id_application_action":"203","action":"203","name":"Save\\/Edit Cash Register","uid":"196"},{"id_application_action":"204","action":"204","name":"View Tax","uid":"197"},{"id_application_action":"205","action":"205","name":"Create Tax","uid":"198"},{"id_application_action":"206","action":"206","name":"Edit Tax","uid":"199"},{"id_application_action":"207","action":"207","name":"Delete Tax","uid":"200"},{"id_application_action":"208","action":"208","name":"Save\\/Edit Tax","uid":"201"},{"id_application_action":"209","action":"209","name":"View Chart of Account","uid":"202"},{"id_application_action":"210","action":"210","name":"Create Chart of Account","uid":"203"},{"id_application_action":"211","action":"211","name":"Edit Chart of Account","uid":"204"},{"id_application_action":"212","action":"212","name":"Delete Chart of Account","uid":"205"},{"id_application_action":"213","action":"213","name":"Save\\/Edit Chart of Account","uid":"206"},{"id_application_action":"214","action":"214","name":"View Employee Salary","uid":"207"},{"id_application_action":"215","action":"215","name":"Create Employee Salary","uid":"208"},{"id_application_action":"216","action":"216","name":"Edit Employee Salary","uid":"209"},{"id_application_action":"217","action":"217","name":"Delete Employee Salary","uid":"210"},{"id_application_action":"218","action":"218","name":"Save\\/Edit Employee Salary","uid":"211"},{"id_application_action":"219","action":"219","name":"View Salary Setting","uid":"212"},{"id_application_action":"220","action":"220","name":"Create Salary Setting","uid":"213"},{"id_application_action":"221","action":"221","name":"Edit Salary Setting","uid":"214"},{"id_application_action":"222","action":"222","name":"Delete Salary Setting","uid":"215"},{"id_application_action":"223","action":"223","name":"Save\\/Edit Salary Setting","uid":"216"},{"id_application_action":"224","action":"224","name":"View Database Interface","uid":"217"},{"id_application_action":"225","action":"225","name":"Pick Assessment Template","uid":"218"},{"id_application_action":"226","action":"226","name":"View Organisation Structure","uid":"219"},{"id_application_action":"227","action":"227","name":"Create Organisation Structure","uid":"220"},{"id_application_action":"228","action":"228","name":"Edit Organisation Structure","uid":"221"},{"id_application_action":"229","action":"229","name":"Delete Organisation Structure","uid":"222"},{"id_application_action":"230","action":"230","name":"Save\\/Edit Organisation Structure","uid":"223"},{"id_application_action":"231","action":"231","name":"View Position Level","uid":"224"},{"id_application_action":"232","action":"232","name":"Create Position Level","uid":"225"},{"id_application_action":"233","action":"233","name":"Edit Position Level","uid":"226"},{"id_application_action":"234","action":"234","name":"Delete Position Level","uid":"227"},{"id_application_action":"235","action":"235","name":"Save\\/Edit Position Level","uid":"228"},{"id_application_action":"236","action":"236","name":"View Employee Contract Type","uid":"229"},{"id_application_action":"237","action":"237","name":"Create Employee Contract Type","uid":"230"},{"id_application_action":"238","action":"238","name":"Edit Employee Contract Type","uid":"231"},{"id_application_action":"239","action":"239","name":"Delete Employee Contract Type","uid":"232"},{"id_application_action":"240","action":"240","name":"Save\\/Edit Employee Contract","uid":"233"},{"id_application_action":"241","action":"241","name":"View Bank","uid":"234"},{"id_application_action":"242","action":"242","name":"Create Bank","uid":"235"},{"id_application_action":"243","action":"243","name":"Edit Bank","uid":"236"},{"id_application_action":"244","action":"244","name":"Delete Bank","uid":"237"},{"id_application_action":"245","action":"245","name":"Save\\/Edit Bank","uid":"238"},{"id_application_action":"246","action":"246","name":"View Payment Receipt","uid":"239"},{"id_application_action":"247","action":"247","name":"Create Payment Receipt","uid":"240"},{"id_application_action":"248","action":"248","name":"Edit Payment Receipt","uid":"241"},{"id_application_action":"249","action":"249","name":"Save\\/Edit Payment Receipt","uid":"242"},{"id_application_action":"250","action":"250","name":"Delete Payment Receipt","uid":"243"},{"id_application_action":"251","action":"251","name":"Receive Payment From PO","uid":"244"},{"id_application_action":"252","action":"252","name":"Make Payment Receipt","uid":"245"},{"id_application_action":"253","action":"253","name":"Cancel Payment Receipt","uid":"246"},{"id_application_action":"254","action":"254","name":"View Stock Transaction","uid":"247"},{"id_application_action":"255","action":"255","name":"Create Stock Transaction","uid":"248"},{"id_application_action":"256","action":"256","name":"Edit Stock Transaction","uid":"249"},{"id_application_action":"257","action":"257","name":"Delete Stock Transaction","uid":"250"},{"id_application_action":"258","action":"258","name":"Save\\/Edit Stock Transaction","uid":"251"},{"id_application_action":"259","action":"259","name":"Post Stock Transaction","uid":"252"},{"id_application_action":"260","action":"260","name":"Unpost Stock Transaction","uid":"253"},{"id_application_action":"261","action":"261","name":"Transfer Good Receive","uid":"254"},{"id_application_action":"262","action":"262","name":"View Activity","uid":"255"},{"id_application_action":"263","action":"263","name":"Make Working Schedule","uid":"256"},{"id_application_action":"264","action":"264","name":"Validate Inquiry","uid":"257"},{"id_application_action":"265","action":"265","name":"Validate Quotation","uid":"258"},{"id_application_action":"267","action":"267","name":"Confirm Sales Order","uid":"259"},{"id_application_action":"266","action":"266","name":"Validate Sales Order","uid":"260"},{"id_application_action":"268","action":"268","name":"View Fingerprint Device","uid":"261"},{"id_application_action":"269","action":"269","name":"Create Fingerprint Device","uid":"262"},{"id_application_action":"270","action":"270","name":"Edit Fingerprint Device","uid":"263"},{"id_application_action":"271","action":"271","name":"Delete Fingerprint Device","uid":"264"},{"id_application_action":"272","action":"272","name":"Save\\/Edit Fingerprint Device","uid":"265"},{"id_application_action":"273","action":"273","name":"Activate Fingerprint","uid":"266"},{"id_application_action":"274","action":"274","name":"Deactivate Fingerprint","uid":"267"},{"id_application_action":"275","action":"275","name":"View Fingerprint Assign","uid":"268"},{"id_application_action":"276","action":"276","name":"Create Fingerprint Assign","uid":"269"},{"id_application_action":"277","action":"277","name":"Edit Fingerprint Assign","uid":"270"},{"id_application_action":"278","action":"278","name":"Delete Fingerprint Assign","uid":"271"},{"id_application_action":"279","action":"279","name":"Save\\/Edit Fingerprint Assign","uid":"272"},{"id_application_action":"280","action":"280","name":"Make SO Assignment","uid":"273"},{"id_application_action":"281","action":"281","name":"Assign Fingerprint Device","uid":"274"},{"id_application_action":"282","action":"282","name":"Unassign Fingerprint","uid":"275"},{"id_application_action":"283","action":"283","name":"Fingerprint Enroll","uid":"276"},{"id_application_action":"284","action":"284","name":"Save Fingerprint Enroll","uid":"277"},{"id_application_action":"293","name":"Create BOM","uid":"278","id":"278"},{"id_application_action":"294","name":"Edit BOM","uid":"279","id":"279"},{"id_application_action":"295","name":"Delete BOM","uid":"280","id":"280"},{"id_application_action":"296","name":"Save\\/Edit BOM","uid":"281","id":"281"},{"id_application_action":"297","name":"Validate BOM","uid":"282","id":"282"},{"id_application_action":"298","name":"View Join item","uid":"283","id":"283"},{"id_application_action":"299","name":"Create Join Item","uid":"284","id":"284"},{"id_application_action":"300","name":"Edit Join Item","uid":"285","id":"285"},{"id_application_action":"301","name":"Delete Join Item","uid":"286","id":"286"},{"id_application_action":"302","name":"Save\\/Edit Joint Item","uid":"287","id":"287"},{"id_application_action":"303","name":"Transfer Join Item","uid":"288","id":"288"},{"id_application_action":"304","name":"View Group","uid":"289","id":"289"},{"id_application_action":"305","name":"Create Group","uid":"290","id":"290"},{"id_application_action":"306","name":"Edit Group","uid":"291","id":"291"},{"id_application_action":"307","name":"Delete Group","uid":"292","id":"292"},{"id_application_action":"308","name":"Save\\/Edit Group","uid":"293","id":"293"},{"id_application_action":"309","name":"View Configuration Parameter","uid":"294","id":"294"},{"id_application_action":"310","name":"Create Configuration Parameter","uid":"295","id":"295"},{"id_application_action":"311","name":"Edit Configuration Parameter","uid":"296","id":"296"},{"id_application_action":"312","name":"Delete Configuration Parameter","uid":"297","id":"297"},{"id_application_action":"313","name":"Save\\/Edit Configuration Parameter","uid":"298","id":"298"},{"id_application_action":"314","name":"VIew Notification Setting","uid":"299","id":"299"},{"id_application_action":"315","name":"Create Notification Setting","uid":"300","id":"300"},{"id_application_action":"316","name":"Edit Notification Setting","uid":"301","id":"301"},{"id_application_action":"317","name":"Delete Notification Setting","uid":"302","id":"302"},{"id_application_action":"318","name":"Save\\/Edit Notification Setting","uid":"303","id":"303"},{"id_application_action":"292","name":"View BOM","uid":"304","id":"304"}],"is_edit":"true","id_role":"1"}', '2015-03-20 16:31:03'),
(189, 'Save/Edit Side Menu', 'side_menu', NULL, 2, 'Save/Edit Side Menu', 9, '{}', '2015-03-20 16:31:35'),
(190, 'Save/Edit Side Menu', 'side_menu', NULL, 2, 'Save/Edit Side Menu', 9, '{}', '2015-03-20 16:31:49'),
(191, 'Save/Edit Side Menu', 'side_menu', NULL, 2, 'Save/Edit Side Menu', 9, '{}', '2015-03-20 16:32:07'),
(192, 'Save/Edit Group', 'group', NULL, 2, 'Save/Edit Group', 308, '{"name":"Group Test","description":"Testing Group","administrator":"2","is_edit":"false","id_group":"","group_member":[{"id_user":"42","user_name":"test","full_name":"Test Account","uid":"0","0":"0"},{"id_user":"43","user_name":"userdemo","full_name":"Demo User","uid":"1","0":"1"},{"id_user":"46","user_name":"devteam","full_name":"Development Team","uid":"2","0":"2"}]}', '2015-03-20 16:43:50'),
(193, 'Save/Edit Side Menu', 'side_menu', NULL, 2, 'Save/Edit Side Menu', 9, '{}', '2015-03-20 21:47:09'),
(194, 'Save/Edit Action', 'action', NULL, 2, 'Save/Edit Action', 10, '{"name":"View Product Definition","uname":"view_product_definition","controller":"product","function_exec":"","function_args":"","view_type":"gridview","view_file":"product_definition_list","prefix":"","action_type":"create","action_button":"crud","target_action":"","use_log":"0","is_edit":"false","id_edit":""}', '2015-03-21 21:03:06'),
(195, 'Save/Edit Action', 'action', NULL, 2, 'Save/Edit Action', 10, '{"name":"Create Product Definition","uname":"create_product_definition","controller":"product","function_exec":"init_create_product_definition","function_args":"","view_type":"form","view_file":"product_definition_ce","prefix":"","action_type":"view","action_button":"save_discard","target_action":"","use_log":"0","is_edit":"false","id_edit":""}', '2015-03-21 21:46:42'),
(196, 'Save/Edit Action', 'action', NULL, 2, 'Save/Edit Action', 10, '{"name":"Edit Product Definition","uname":"edit_product_definition","controller":"product","function_exec":"init_edit_product_definition","function_args":"id","view_type":"form","view_file":"product_definition_ce","prefix":"","action_type":"view","action_button":"save_discard","target_action":"","use_log":"0","is_edit":"false","id_edit":""}', '2015-03-21 21:47:19'),
(197, 'Save/Edit Action', 'action', NULL, 2, 'Save/Edit Action', 10, '{"name":"Delete Product Definition","uname":"delete_product_definition","controller":"product_definition","function_exec":"","function_args":"","view_type":"no_view","view_file":"","prefix":"","action_type":"delete","action_button":"no_button","target_action":"319","use_log":"1","is_edit":"false","id_edit":""}', '2015-03-21 21:48:09'),
(198, 'Save/Edit Action', 'action', NULL, 2, 'Save/Edit Action', 10, '{"name":"Save\\/Edit Product Definition","uname":"save_edit_product_definition","controller":"product","function_exec":"save_product_definition","function_args":"","view_type":"no_view","view_file":"","prefix":"","action_type":"create","action_button":"no_button","target_action":"319","use_log":"1","is_edit":"false","id_edit":""}', '2015-03-21 21:49:10');
INSERT INTO `activity_log` (`id_log`, `activity`, `object`, `object_id`, `user`, `description`, `action`, `field_data`, `date_create`) VALUES
(199, 'Save/Edit Role', 'role', NULL, 2, 'Save/Edit Role', 20, '{"name":"administrator","action_detail":[{"id_application_action":"1","action":"1","name":"View Application Action","uid":"0"},{"id_application_action":"2","action":"2","name":"Create Application Action","uid":"1"},{"id_application_action":"3","action":"3","name":"Edit Application Action","uid":"2"},{"id_application_action":"4","action":"4","name":"Delete Application Action","uid":"3"},{"id_application_action":"5","action":"5","name":"View Side Menu","uid":"4"},{"id_application_action":"6","action":"6","name":"Create Side Menu","uid":"5"},{"id_application_action":"7","action":"7","name":"Edit Side Menu","uid":"6"},{"id_application_action":"8","action":"8","name":"Delete Side Menu","uid":"7"},{"id_application_action":"9","action":"9","name":"Save\\/Edit Side Menu","uid":"8"},{"id_application_action":"10","action":"10","name":"Save\\/Edit Action","uid":"9"},{"id_application_action":"11","action":"11","name":"View Division","uid":"10"},{"id_application_action":"12","action":"12","name":"Create Division","uid":"11"},{"id_application_action":"13","action":"13","name":"Save\\/Edit Division","uid":"12"},{"id_application_action":"14","action":"14","name":"Edit Division","uid":"13"},{"id_application_action":"15","action":"15","name":"Delete Division","uid":"14"},{"id_application_action":"16","action":"16","name":"View Role","uid":"15"},{"id_application_action":"17","action":"17","name":"View Create Role","uid":"16"},{"id_application_action":"18","action":"18","name":"View Edit Role","uid":"17"},{"id_application_action":"19","action":"19","name":"Delete Role","uid":"18"},{"id_application_action":"20","action":"20","name":"Save\\/Edit Role","uid":"19"},{"id_application_action":"21","action":"21","name":"View Product","uid":"20"},{"id_application_action":"22","action":"22","name":"Create Product","uid":"21"},{"id_application_action":"23","action":"23","name":"Edit Product","uid":"22"},{"id_application_action":"24","action":"24","name":"Delete Product","uid":"23"},{"id_application_action":"25","action":"25","name":"Save\\/Edit Product","uid":"24"},{"id_application_action":"26","action":"26","name":"View Supplier","uid":"25"},{"id_application_action":"27","action":"27","name":"Create Supplier","uid":"26"},{"id_application_action":"28","action":"28","name":"Edit Supplier","uid":"27"},{"id_application_action":"29","action":"29","name":"Delete Supplier","uid":"28"},{"id_application_action":"30","action":"30","name":"Save\\/Edit Supplier","uid":"29"},{"id_application_action":"31","action":"31","name":"View Product Category","uid":"30"},{"id_application_action":"32","action":"32","name":"Create Product Category","uid":"31"},{"id_application_action":"33","action":"33","name":"Edit Product Category","uid":"32"},{"id_application_action":"34","action":"34","name":"Delete Product Category","uid":"33"},{"id_application_action":"35","action":"35","name":"Save\\/Edit Product Category","uid":"34"},{"id_application_action":"36","action":"36","name":"View Merk","uid":"35"},{"id_application_action":"37","action":"37","name":"Create Merk","uid":"36"},{"id_application_action":"38","action":"38","name":"Edit Merk","uid":"37"},{"id_application_action":"39","action":"39","name":"Delete Merk","uid":"38"},{"id_application_action":"40","action":"40","name":"Save\\/Edit Merk","uid":"39"},{"id_application_action":"41","action":"41","name":"View Customer","uid":"40"},{"id_application_action":"43","action":"43","name":"Create Customer","uid":"41"},{"id_application_action":"44","action":"44","name":"Edit Customer","uid":"42"},{"id_application_action":"45","action":"45","name":"Delete Customer","uid":"43"},{"id_application_action":"46","action":"46","name":"Save\\/Edit Customer","uid":"44"},{"id_application_action":"47","action":"47","name":"View Warehouse","uid":"45"},{"id_application_action":"48","action":"48","name":"Create Warehouse","uid":"46"},{"id_application_action":"49","action":"49","name":"Edit Warehouse","uid":"47"},{"id_application_action":"50","action":"50","name":"Delete Warehouse","uid":"48"},{"id_application_action":"51","action":"51","name":"Save\\/Edit Warehouse","uid":"49"},{"id_application_action":"57","action":"57","name":"View PO","uid":"50"},{"id_application_action":"58","action":"58","name":"Create PO","uid":"51"},{"id_application_action":"59","action":"59","name":"Edit PO","uid":"52"},{"id_application_action":"60","action":"60","name":"Delete PO","uid":"53"},{"id_application_action":"61","action":"61","name":"Save\\/Edit PO","uid":"54"},{"id_application_action":"62","action":"62","name":"View User","uid":"55"},{"id_application_action":"63","action":"63","name":"Create User","uid":"56"},{"id_application_action":"64","action":"64","name":"Edit User","uid":"57"},{"id_application_action":"65","action":"65","name":"Delete User","uid":"58"},{"id_application_action":"66","action":"66","name":"Save\\/Edit User","uid":"59"},{"id_application_action":"67","action":"67","name":"View Good Receive","uid":"60"},{"id_application_action":"68","action":"68","name":"Create Good Receive","uid":"61"},{"id_application_action":"69","action":"69","name":"Edit Good Receive","uid":"62"},{"id_application_action":"70","action":"70","name":"Delete Good Receive","uid":"63"},{"id_application_action":"71","action":"71","name":"Save\\/Edit Good Receive","uid":"64"},{"id_application_action":"72","action":"72","name":"View Sales Order","uid":"65"},{"id_application_action":"73","action":"73","name":"Create Sales Order","uid":"66"},{"id_application_action":"74","action":"74","name":"Edit Sales Order","uid":"67"},{"id_application_action":"75","action":"75","name":"Delete Sales Order","uid":"68"},{"id_application_action":"76","action":"76","name":"Save Sales Order","uid":"69"},{"id_application_action":"77","action":"77","name":"View Material Request","uid":"70"},{"id_application_action":"78","action":"78","name":"Create Material Request","uid":"71"},{"id_application_action":"79","action":"79","name":"Edit Material Request","uid":"72"},{"id_application_action":"80","action":"80","name":"Delete Material Request","uid":"73"},{"id_application_action":"81","action":"81","name":"Save Material Request","uid":"74"},{"id_application_action":"82","action":"82","name":"Change User Password","uid":"75"},{"id_application_action":"83","action":"83","name":"View Delivery Note","uid":"76"},{"id_application_action":"84","action":"84","name":"Create Delivery Note","uid":"77"},{"id_application_action":"85","action":"85","name":"Edit Delivery Note","uid":"78"},{"id_application_action":"86","action":"86","name":"Delete Delivery Note","uid":"79"},{"id_application_action":"87","action":"87","name":"Save\\/Edit Delivery Note","uid":"80"},{"id_application_action":"88","action":"88","name":"View Unit Measure","uid":"81"},{"id_application_action":"89","action":"89","name":"Create Unit Measure","uid":"82"},{"id_application_action":"90","action":"90","name":"Edit Unit Measure","uid":"83"},{"id_application_action":"91","action":"91","name":"Delete Unit Measure","uid":"84"},{"id_application_action":"92","action":"92","name":"Save\\/Edit Unit Measure","uid":"85"},{"id_application_action":"93","action":"93","name":"View Stock","uid":"86"},{"id_application_action":"94","action":"94","name":"View Employee","uid":"87"},{"id_application_action":"95","action":"95","name":"Create Employee","uid":"88"},{"id_application_action":"96","action":"96","name":"Edit Employee","uid":"89"},{"id_application_action":"97","action":"97","name":"Delete Employee","uid":"90"},{"id_application_action":"98","action":"98","name":"Save\\/Edit Employee","uid":"91"},{"id_application_action":"99","action":"99","name":"Validate PO","uid":"92"},{"id_application_action":"100","action":"100","name":"Create Database Interface","uid":"93"},{"id_application_action":"101","action":"101","name":"Edit Database Interface","uid":"94"},{"id_application_action":"102","action":"102","name":"Delete Database Interface","uid":"95"},{"id_application_action":"103","action":"103","name":"Save \\/ Edit Database Interface","uid":"96"},{"id_application_action":"104","action":"104","name":"View Database Field Interface","uid":"97"},{"id_application_action":"105","action":"105","name":"Create Database Field Interface","uid":"98"},{"id_application_action":"106","action":"106","name":"Edit Database Field Interface","uid":"99"},{"id_application_action":"107","action":"107","name":"Delete Database Field Interface","uid":"100"},{"id_application_action":"108","action":"108","name":"Save \\/ Edit Database Field Interface","uid":"101"},{"id_application_action":"109","action":"109","name":"View Inquiry","uid":"102"},{"id_application_action":"110","action":"110","name":"Create Inquiry","uid":"103"},{"id_application_action":"111","action":"111","name":"Edit Inquiry","uid":"104"},{"id_application_action":"112","action":"112","name":"Delete Inquiry","uid":"105"},{"id_application_action":"113","action":"113","name":"Save\\/Edit Inquiry","uid":"106"},{"id_application_action":"114","action":"114","name":"View Survey \\/ Assessment","uid":"107"},{"id_application_action":"115","action":"115","name":"Create Survey \\/ Assessment","uid":"108"},{"id_application_action":"116","action":"116","name":"Edit Survey \\/ Assessment","uid":"109"},{"id_application_action":"117","action":"117","name":"Delete Survey \\/ Assessment","uid":"110"},{"id_application_action":"118","action":"118","name":"Save\\/Edit Survey \\/ Assessment","uid":"111"},{"id_application_action":"119","action":"119","name":"View Quotation","uid":"112"},{"id_application_action":"120","action":"120","name":"Create Quotation","uid":"113"},{"id_application_action":"121","action":"121","name":"Edit Quotation","uid":"114"},{"id_application_action":"122","action":"122","name":"Delete Quotation","uid":"115"},{"id_application_action":"123","action":"123","name":"Save\\/Edit Quotation","uid":"116"},{"id_application_action":"124","action":"124","name":"View Project Contract","uid":"117"},{"id_application_action":"125","action":"125","name":"Create Project Contract","uid":"118"},{"id_application_action":"126","action":"126","name":"Edit Project Contract","uid":"119"},{"id_application_action":"127","action":"127","name":"Delete Project Contract","uid":"120"},{"id_application_action":"128","action":"128","name":"Save\\/Edit Project Contract","uid":"121"},{"id_application_action":"129","action":"129","name":"View Work Order","uid":"122"},{"id_application_action":"130","action":"130","name":"Create Work Order","uid":"123"},{"id_application_action":"131","action":"131","name":"Edit Work Order","uid":"124"},{"id_application_action":"132","action":"132","name":"Delete Work Order","uid":"125"},{"id_application_action":"133","action":"133","name":"Save\\/Edit Work Order","uid":"126"},{"id_application_action":"134","action":"134","name":"View Assessment Template","uid":"127"},{"id_application_action":"135","action":"135","name":"Create Assessment Template","uid":"128"},{"id_application_action":"136","action":"136","name":"Edit Assessment Template","uid":"129"},{"id_application_action":"137","action":"137","name":"Delete Assessment Template","uid":"130"},{"id_application_action":"138","action":"138","name":"Save\\/Edit Assessment Template","uid":"131"},{"id_application_action":"139","action":"139","name":"View Contract Template","uid":"132"},{"id_application_action":"140","action":"140","name":"Create Contract Template","uid":"133"},{"id_application_action":"141","action":"141","name":"Edit Contract Template","uid":"134"},{"id_application_action":"142","action":"142","name":"Delete Contract Template","uid":"135"},{"id_application_action":"143","action":"143","name":"Save\\/Edit Contract Template","uid":"136"},{"id_application_action":"144","action":"144","name":"View Work Schedule","uid":"137"},{"id_application_action":"145","action":"145","name":"Create Work Schedule","uid":"138"},{"id_application_action":"146","action":"146","name":"Edit Work Schedule","uid":"139"},{"id_application_action":"147","action":"147","name":"Delete Work Schedule","uid":"140"},{"id_application_action":"148","action":"148","name":"Save\\/Edit Work Schedule","uid":"141"},{"id_application_action":"149","action":"149","name":"View SO Assignment","uid":"142"},{"id_application_action":"150","action":"150","name":"Create SO Assignment","uid":"143"},{"id_application_action":"151","action":"151","name":"Edit SO Assignment","uid":"144"},{"id_application_action":"152","action":"152","name":"Delete SO Assignment","uid":"145"},{"id_application_action":"153","action":"153","name":"Save\\/Edit SO Assignment","uid":"146"},{"id_application_action":"154","action":"154","name":"View Shift Change","uid":"147"},{"id_application_action":"155","action":"155","name":"Create Shift Change","uid":"148"},{"id_application_action":"156","action":"156","name":"Edit Shift Change","uid":"149"},{"id_application_action":"157","action":"157","name":"Delete Shift Change","uid":"150"},{"id_application_action":"158","action":"158","name":"Save\\/Edit Shift Change","uid":"151"},{"id_application_action":"159","action":"159","name":"View Leave Application","uid":"152"},{"id_application_action":"160","action":"160","name":"Create Leave Application","uid":"153"},{"id_application_action":"161","action":"161","name":"Edit Leave Application","uid":"154"},{"id_application_action":"162","action":"162","name":"Delete Leave Application","uid":"155"},{"id_application_action":"163","action":"163","name":"Save\\/Edit Leave Application","uid":"156"},{"id_application_action":"164","action":"164","name":"View Timesheet (Recap)","uid":"157"},{"id_application_action":"165","action":"165","name":"Create Timesheet (Recap)","uid":"158"},{"id_application_action":"166","action":"166","name":"Edit Timesheet (Recap)","uid":"159"},{"id_application_action":"167","action":"167","name":"Delete Timesheet (Recap)","uid":"160"},{"id_application_action":"168","action":"168","name":"Save\\/Edit Timesheet (Recap)","uid":"161"},{"id_application_action":"169","action":"169","name":"View SO Timesheet","uid":"162"},{"id_application_action":"170","action":"170","name":"Create SO Timesheet","uid":"163"},{"id_application_action":"171","action":"171","name":"Edit SO Timesheet","uid":"164"},{"id_application_action":"172","action":"172","name":"Delete SO Timesheet","uid":"165"},{"id_application_action":"173","action":"173","name":"Save\\/Edit SO Timesheet","uid":"166"},{"id_application_action":"174","action":"174","name":"View Incident Report","uid":"167"},{"id_application_action":"175","action":"175","name":"Create Incident Report","uid":"168"},{"id_application_action":"176","action":"176","name":"Edit Incident Report","uid":"169"},{"id_application_action":"177","action":"177","name":"Delete Incident Report","uid":"170"},{"id_application_action":"178","action":"178","name":"Save\\/Edit Incident Report","uid":"171"},{"id_application_action":"179","action":"179","name":"View Payroll","uid":"172"},{"id_application_action":"180","action":"180","name":"Create Payroll","uid":"173"},{"id_application_action":"181","action":"181","name":"Edit Payroll","uid":"174"},{"id_application_action":"182","action":"182","name":"Delete Payroll","uid":"175"},{"id_application_action":"183","action":"183","name":"Save\\/Edit Payroll","uid":"176"},{"id_application_action":"184","action":"184","name":"View Supplier Invoice","uid":"177"},{"id_application_action":"185","action":"185","name":"Create Supplier Invoice","uid":"178"},{"id_application_action":"186","action":"186","name":"Edit Supplier Invoice","uid":"179"},{"id_application_action":"187","action":"187","name":"Delete Supplier Invoice","uid":"180"},{"id_application_action":"188","action":"188","name":"Save\\/Edit Supplier Invoice","uid":"181"},{"id_application_action":"189","action":"189","name":"View Customer Invoice","uid":"182"},{"id_application_action":"190","action":"190","name":"Create Customer Invoice","uid":"183"},{"id_application_action":"191","action":"191","name":"Edit Customer Invoice","uid":"184"},{"id_application_action":"192","action":"192","name":"Delete Customer Invoice","uid":"185"},{"id_application_action":"193","action":"193","name":"Save\\/Edit Customer Invoice","uid":"186"},{"id_application_action":"194","action":"194","name":"View Bank Statement","uid":"187"},{"id_application_action":"195","action":"195","name":"Create Bank Statement","uid":"188"},{"id_application_action":"196","action":"196","name":"Edit Bank Statement","uid":"189"},{"id_application_action":"197","action":"197","name":"Delete Bank Statement","uid":"190"},{"id_application_action":"198","action":"198","name":"Save\\/Edit Bank Statement","uid":"191"},{"id_application_action":"199","action":"199","name":"View Cash Register","uid":"192"},{"id_application_action":"200","action":"200","name":"Create Cash Register","uid":"193"},{"id_application_action":"201","action":"201","name":"Edit Cash Register","uid":"194"},{"id_application_action":"202","action":"202","name":"Delete Cash Register","uid":"195"},{"id_application_action":"203","action":"203","name":"Save\\/Edit Cash Register","uid":"196"},{"id_application_action":"204","action":"204","name":"View Tax","uid":"197"},{"id_application_action":"205","action":"205","name":"Create Tax","uid":"198"},{"id_application_action":"206","action":"206","name":"Edit Tax","uid":"199"},{"id_application_action":"207","action":"207","name":"Delete Tax","uid":"200"},{"id_application_action":"208","action":"208","name":"Save\\/Edit Tax","uid":"201"},{"id_application_action":"209","action":"209","name":"View Chart of Account","uid":"202"},{"id_application_action":"210","action":"210","name":"Create Chart of Account","uid":"203"},{"id_application_action":"211","action":"211","name":"Edit Chart of Account","uid":"204"},{"id_application_action":"212","action":"212","name":"Delete Chart of Account","uid":"205"},{"id_application_action":"213","action":"213","name":"Save\\/Edit Chart of Account","uid":"206"},{"id_application_action":"214","action":"214","name":"View Employee Salary","uid":"207"},{"id_application_action":"215","action":"215","name":"Create Employee Salary","uid":"208"},{"id_application_action":"216","action":"216","name":"Edit Employee Salary","uid":"209"},{"id_application_action":"217","action":"217","name":"Delete Employee Salary","uid":"210"},{"id_application_action":"218","action":"218","name":"Save\\/Edit Employee Salary","uid":"211"},{"id_application_action":"219","action":"219","name":"View Salary Setting","uid":"212"},{"id_application_action":"220","action":"220","name":"Create Salary Setting","uid":"213"},{"id_application_action":"221","action":"221","name":"Edit Salary Setting","uid":"214"},{"id_application_action":"222","action":"222","name":"Delete Salary Setting","uid":"215"},{"id_application_action":"223","action":"223","name":"Save\\/Edit Salary Setting","uid":"216"},{"id_application_action":"224","action":"224","name":"View Database Interface","uid":"217"},{"id_application_action":"225","action":"225","name":"Pick Assessment Template","uid":"218"},{"id_application_action":"226","action":"226","name":"View Organisation Structure","uid":"219"},{"id_application_action":"227","action":"227","name":"Create Organisation Structure","uid":"220"},{"id_application_action":"228","action":"228","name":"Edit Organisation Structure","uid":"221"},{"id_application_action":"229","action":"229","name":"Delete Organisation Structure","uid":"222"},{"id_application_action":"230","action":"230","name":"Save\\/Edit Organisation Structure","uid":"223"},{"id_application_action":"231","action":"231","name":"View Position Level","uid":"224"},{"id_application_action":"232","action":"232","name":"Create Position Level","uid":"225"},{"id_application_action":"233","action":"233","name":"Edit Position Level","uid":"226"},{"id_application_action":"234","action":"234","name":"Delete Position Level","uid":"227"},{"id_application_action":"235","action":"235","name":"Save\\/Edit Position Level","uid":"228"},{"id_application_action":"236","action":"236","name":"View Employee Contract Type","uid":"229"},{"id_application_action":"237","action":"237","name":"Create Employee Contract Type","uid":"230"},{"id_application_action":"238","action":"238","name":"Edit Employee Contract Type","uid":"231"},{"id_application_action":"239","action":"239","name":"Delete Employee Contract Type","uid":"232"},{"id_application_action":"240","action":"240","name":"Save\\/Edit Employee Contract","uid":"233"},{"id_application_action":"241","action":"241","name":"View Bank","uid":"234"},{"id_application_action":"242","action":"242","name":"Create Bank","uid":"235"},{"id_application_action":"243","action":"243","name":"Edit Bank","uid":"236"},{"id_application_action":"244","action":"244","name":"Delete Bank","uid":"237"},{"id_application_action":"245","action":"245","name":"Save\\/Edit Bank","uid":"238"},{"id_application_action":"246","action":"246","name":"View Payment Receipt","uid":"239"},{"id_application_action":"247","action":"247","name":"Create Payment Receipt","uid":"240"},{"id_application_action":"248","action":"248","name":"Edit Payment Receipt","uid":"241"},{"id_application_action":"249","action":"249","name":"Save\\/Edit Payment Receipt","uid":"242"},{"id_application_action":"250","action":"250","name":"Delete Payment Receipt","uid":"243"},{"id_application_action":"251","action":"251","name":"Receive Payment From PO","uid":"244"},{"id_application_action":"252","action":"252","name":"Make Payment Receipt","uid":"245"},{"id_application_action":"253","action":"253","name":"Cancel Payment Receipt","uid":"246"},{"id_application_action":"254","action":"254","name":"View Stock Transaction","uid":"247"},{"id_application_action":"255","action":"255","name":"Create Stock Transaction","uid":"248"},{"id_application_action":"256","action":"256","name":"Edit Stock Transaction","uid":"249"},{"id_application_action":"257","action":"257","name":"Delete Stock Transaction","uid":"250"},{"id_application_action":"258","action":"258","name":"Save\\/Edit Stock Transaction","uid":"251"},{"id_application_action":"259","action":"259","name":"Post Stock Transaction","uid":"252"},{"id_application_action":"260","action":"260","name":"Unpost Stock Transaction","uid":"253"},{"id_application_action":"261","action":"261","name":"Transfer Good Receive","uid":"254"},{"id_application_action":"262","action":"262","name":"View Activity","uid":"255"},{"id_application_action":"263","action":"263","name":"Make Working Schedule","uid":"256"},{"id_application_action":"264","action":"264","name":"Validate Inquiry","uid":"257"},{"id_application_action":"265","action":"265","name":"Validate Quotation","uid":"258"},{"id_application_action":"267","action":"267","name":"Confirm Sales Order","uid":"259"},{"id_application_action":"266","action":"266","name":"Validate Sales Order","uid":"260"},{"id_application_action":"268","action":"268","name":"View Fingerprint Device","uid":"261"},{"id_application_action":"269","action":"269","name":"Create Fingerprint Device","uid":"262"},{"id_application_action":"270","action":"270","name":"Edit Fingerprint Device","uid":"263"},{"id_application_action":"271","action":"271","name":"Delete Fingerprint Device","uid":"264"},{"id_application_action":"272","action":"272","name":"Save\\/Edit Fingerprint Device","uid":"265"},{"id_application_action":"273","action":"273","name":"Activate Fingerprint","uid":"266"},{"id_application_action":"274","action":"274","name":"Deactivate Fingerprint","uid":"267"},{"id_application_action":"275","action":"275","name":"View Fingerprint Assign","uid":"268"},{"id_application_action":"276","action":"276","name":"Create Fingerprint Assign","uid":"269"},{"id_application_action":"277","action":"277","name":"Edit Fingerprint Assign","uid":"270"},{"id_application_action":"278","action":"278","name":"Delete Fingerprint Assign","uid":"271"},{"id_application_action":"279","action":"279","name":"Save\\/Edit Fingerprint Assign","uid":"272"},{"id_application_action":"280","action":"280","name":"Make SO Assignment","uid":"273"},{"id_application_action":"281","action":"281","name":"Assign Fingerprint Device","uid":"274"},{"id_application_action":"282","action":"282","name":"Unassign Fingerprint","uid":"275"},{"id_application_action":"283","action":"283","name":"Fingerprint Enroll","uid":"276"},{"id_application_action":"284","action":"284","name":"Save Fingerprint Enroll","uid":"277"},{"id_application_action":"293","action":"293","name":"Create BOM","uid":"278"},{"id_application_action":"294","action":"294","name":"Edit BOM","uid":"279"},{"id_application_action":"295","action":"295","name":"Delete BOM","uid":"280"},{"id_application_action":"296","action":"296","name":"Save\\/Edit BOM","uid":"281"},{"id_application_action":"297","action":"297","name":"Validate BOM","uid":"282"},{"id_application_action":"298","action":"298","name":"View Join item","uid":"283"},{"id_application_action":"299","action":"299","name":"Create Join Item","uid":"284"},{"id_application_action":"300","action":"300","name":"Edit Join Item","uid":"285"},{"id_application_action":"301","action":"301","name":"Delete Join Item","uid":"286"},{"id_application_action":"302","action":"302","name":"Save\\/Edit Joint Item","uid":"287"},{"id_application_action":"303","action":"303","name":"Transfer Join Item","uid":"288"},{"id_application_action":"304","action":"304","name":"View Group","uid":"289"},{"id_application_action":"305","action":"305","name":"Create Group","uid":"290"},{"id_application_action":"306","action":"306","name":"Edit Group","uid":"291"},{"id_application_action":"307","action":"307","name":"Delete Group","uid":"292"},{"id_application_action":"308","action":"308","name":"Save\\/Edit Group","uid":"293"},{"id_application_action":"309","action":"309","name":"View Configuration Parameter","uid":"294"},{"id_application_action":"310","action":"310","name":"Create Configuration Parameter","uid":"295"},{"id_application_action":"311","action":"311","name":"Edit Configuration Parameter","uid":"296"},{"id_application_action":"312","action":"312","name":"Delete Configuration Parameter","uid":"297"},{"id_application_action":"313","action":"313","name":"Save\\/Edit Configuration Parameter","uid":"298"},{"id_application_action":"314","action":"314","name":"VIew Notification Setting","uid":"299"},{"id_application_action":"315","action":"315","name":"Create Notification Setting","uid":"300"},{"id_application_action":"316","action":"316","name":"Edit Notification Setting","uid":"301"},{"id_application_action":"317","action":"317","name":"Delete Notification Setting","uid":"302"},{"id_application_action":"318","action":"318","name":"Save\\/Edit Notification Setting","uid":"303"},{"id_application_action":"292","action":"292","name":"View BOM","uid":"304"},{"id_application_action":"320","name":"Create Product Definition","uid":"305","id":"305"},{"id_application_action":"321","name":"Edit Product Definition","uid":"306","id":"306"},{"id_application_action":"322","name":"Delete Product Definition","uid":"307","id":"307"},{"id_application_action":"323","name":"Save\\/Edit Product Definition","uid":"308","id":"308"},{"id_application_action":"319","name":"View Product Definition","uid":"309","id":"309"}],"is_edit":"true","id_role":"1"}', '2015-03-22 00:33:35'),
(200, 'Save/Edit Organisation Structure', 'organisation_structure', NULL, 2, 'Save/Edit Organisation Structure', 230, '{}', '2015-03-22 08:32:12'),
(201, 'Save/Edit Organisation Structure', 'organisation_structure', NULL, 2, 'Save/Edit Organisation Structure', 230, '{}', '2015-03-22 08:32:28'),
(202, 'Save/Edit Organisation Structure', 'organisation_structure', NULL, 2, 'Save/Edit Organisation Structure', 230, '{}', '2015-03-22 08:32:48'),
(203, 'Save/Edit Product Definition', 'product_definition', NULL, 2, 'Save/Edit Product Definition', 323, '{"product":"4","organisation_structure":"11","position_level":null}', '2015-03-23 23:52:49'),
(204, 'Save/Edit Product Definition', 'product_definition', NULL, 2, 'Save/Edit Product Definition', 323, '{"product":"4","organisation_structure":"11","position_level":"2"}', '2015-03-23 23:52:54'),
(205, 'Save/Edit Product Definition', 'product_definition', NULL, 2, 'Save/Edit Product Definition', 323, '{"product":"4","organisation_structure":"11","position_level":null}', '2015-03-23 23:52:59'),
(206, 'Save/Edit Product Definition', 'product_definition', NULL, 2, 'Save/Edit Product Definition', 323, '{"product":"4","organisation_structure":"11","position_level":null}', '2015-03-24 00:11:28'),
(207, 'Save/Edit Side Menu', 'side_menu', NULL, 2, 'Save/Edit Side Menu', 9, '{}', '2015-03-24 13:05:20'),
(208, 'Save/Edit Side Menu', 'side_menu', NULL, 2, 'Save/Edit Side Menu', 9, '{}', '2015-03-24 13:05:35'),
(209, 'Save/Edit Side Menu', 'side_menu', NULL, 2, 'Save/Edit Side Menu', 9, '{}', '2015-03-24 13:06:04'),
(210, 'Unassign Fingerprint', 'fingerprint_assign', NULL, 2, 'Unassign Fingerprint', 282, '{}', '2015-03-24 14:12:12'),
(211, 'Unassign Fingerprint', 'fingerprint_assign', NULL, 2, 'Unassign Fingerprint', 282, '{}', '2015-03-24 14:12:18'),
(212, 'Unassign Fingerprint', 'fingerprint_assign', NULL, 2, 'Unassign Fingerprint', 282, '{}', '2015-03-24 14:12:39'),
(213, 'Unassign Fingerprint', 'fingerprint_assign', NULL, 2, 'Unassign Fingerprint', 282, '{}', '2015-03-24 14:12:43'),
(214, 'Unassign Fingerprint', 'fingerprint_assign', NULL, 2, 'Unassign Fingerprint', 282, '{}', '2015-03-24 14:13:17'),
(215, 'Save/Edit Side Menu', 'side_menu', NULL, 2, 'Save/Edit Side Menu', 9, '{}', '2015-03-24 14:13:43'),
(216, 'Save/Edit Fingerprint Assign', 'fingerprint_assign', NULL, 2, 'Save/Edit Fingerprint Assign', 279, '{"work_order":"1","work_order_number":"WO150001","site":"1","fingerprint_devices":[{"id_fingerprint_device":"1","merk":"Fingerplus","series":"ZT1800","serial_number":"0266142700024","uid":"0","fingerprint_device":"1","ip_local":"192.168.1.11","port":"4370","comm_password":"111111","fdid":"1","id_fingerprint_assign":"0"}],"is_edit":"false","id_fingerprint_assign":""}', '2015-03-24 14:35:59'),
(217, 'Save/Edit Fingerprint Assign', 'fingerprint_assign', NULL, 2, 'Save/Edit Fingerprint Assign', 279, '{"work_order":"1","work_order_number":"WO150001","site":"1","fingerprint_devices":[{"id_fingerprint_assign_detail":"8","fingerprint_assign":"3","fingerprint_device":"1","ip_local":"192.168.1.11","port":"4370","comm_password":"111111","fdid":"1","serial_number":"0266142700024","uid":"0"}],"is_edit":"true","id_fingerprint_assign":"3","action_condition_identifier":"assign_fingerprint","param":[{"paramName":"id","paramValue":"3"}]}', '2015-03-24 14:36:04'),
(218, 'Assign Fingerprint Device', 'fingerprint_assign', NULL, 2, 'Assign Fingerprint Device', 281, '{}', '2015-03-24 14:36:05'),
(219, 'Save/Edit Fingerprint Assign', 'fingerprint_assign', NULL, 2, 'Save/Edit Fingerprint Assign', 279, '{"work_order":"1","work_order_number":"WO150001","site":"1","fingerprint_devices":[{"id_fingerprint_device":"1","merk":"Fingerplus","series":"ZT1800","serial_number":"0266142700024","uid":"0","fingerprint_device":"1","ip_local":"192.168.1.11","port":"4370","comm_password":"111111","fdid":"1","id_fingerprint_assign":"0"}],"is_edit":"false","id_fingerprint_assign":""}', '2015-03-25 22:18:59'),
(220, 'Save/Edit Fingerprint Assign', 'fingerprint_assign', NULL, 2, 'Save/Edit Fingerprint Assign', 279, '{"work_order":"1","work_order_number":"WO150001","site":"1","fingerprint_devices":[{"id_fingerprint_assign_detail":"10","fingerprint_assign":"4","fingerprint_device":"1","ip_local":"192.168.1.11","port":"4370","comm_password":"111111","fdid":"1","serial_number":"0266142700024","uid":"0"}],"is_edit":"true","id_fingerprint_assign":"4","action_condition_identifier":"assign_fingerprint","param":[{"paramName":"id","paramValue":"4"}]}', '2015-03-25 22:19:02'),
(221, 'Assign Fingerprint Device', 'fingerprint_assign', NULL, 2, 'Assign Fingerprint Device', 281, '{}', '2015-03-25 22:19:02'),
(222, 'Save/Edit Employee', 'employee', NULL, 2, 'Save/Edit Employee', 98, '{}', '2015-03-26 00:38:16'),
(223, 'Save/Edit Employee', 'employee', NULL, 2, 'Save/Edit Employee', 98, '{}', '2015-03-26 00:38:37'),
(224, 'Save/Edit Employee', 'employee', NULL, 2, 'Save/Edit Employee', 98, '{}', '2015-03-26 00:40:54'),
(225, 'Save/Edit Employee', 'employee', NULL, 2, 'Save/Edit Employee', 98, '{}', '2015-03-26 00:47:36'),
(226, 'Save/Edit Employee', 'employee', NULL, 2, 'Save/Edit Employee', 98, '{}', '2015-03-26 00:49:44'),
(227, 'Delete Application Action', 'action', NULL, 2, 'Delete Application Action', 4, '{}', '2015-03-27 00:09:26');
INSERT INTO `activity_log` (`id_log`, `activity`, `object`, `object_id`, `user`, `description`, `action`, `field_data`, `date_create`) VALUES
(228, 'Save/Edit Role', 'role', NULL, 2, 'Save/Edit Role', 20, '{"name":"administrator","action_detail":[{"id_application_action":"1","action":"1","name":"View Application Action","uid":"0"},{"id_application_action":"2","action":"2","name":"Create Application Action","uid":"1"},{"id_application_action":"3","action":"3","name":"Edit Application Action","uid":"2"},{"id_application_action":"4","action":"4","name":"Delete Application Action","uid":"3"},{"id_application_action":"5","action":"5","name":"View Side Menu","uid":"4"},{"id_application_action":"6","action":"6","name":"Create Side Menu","uid":"5"},{"id_application_action":"7","action":"7","name":"Edit Side Menu","uid":"6"},{"id_application_action":"8","action":"8","name":"Delete Side Menu","uid":"7"},{"id_application_action":"9","action":"9","name":"Save\\/Edit Side Menu","uid":"8"},{"id_application_action":"10","action":"10","name":"Save\\/Edit Action","uid":"9"},{"id_application_action":"11","action":"11","name":"View Division","uid":"10"},{"id_application_action":"12","action":"12","name":"Create Division","uid":"11"},{"id_application_action":"13","action":"13","name":"Save\\/Edit Division","uid":"12"},{"id_application_action":"14","action":"14","name":"Edit Division","uid":"13"},{"id_application_action":"15","action":"15","name":"Delete Division","uid":"14"},{"id_application_action":"16","action":"16","name":"View Role","uid":"15"},{"id_application_action":"17","action":"17","name":"View Create Role","uid":"16"},{"id_application_action":"18","action":"18","name":"View Edit Role","uid":"17"},{"id_application_action":"19","action":"19","name":"Delete Role","uid":"18"},{"id_application_action":"20","action":"20","name":"Save\\/Edit Role","uid":"19"},{"id_application_action":"21","action":"21","name":"View Product","uid":"20"},{"id_application_action":"22","action":"22","name":"Create Product","uid":"21"},{"id_application_action":"23","action":"23","name":"Edit Product","uid":"22"},{"id_application_action":"24","action":"24","name":"Delete Product","uid":"23"},{"id_application_action":"25","action":"25","name":"Save\\/Edit Product","uid":"24"},{"id_application_action":"26","action":"26","name":"View Supplier","uid":"25"},{"id_application_action":"27","action":"27","name":"Create Supplier","uid":"26"},{"id_application_action":"28","action":"28","name":"Edit Supplier","uid":"27"},{"id_application_action":"29","action":"29","name":"Delete Supplier","uid":"28"},{"id_application_action":"30","action":"30","name":"Save\\/Edit Supplier","uid":"29"},{"id_application_action":"31","action":"31","name":"View Product Category","uid":"30"},{"id_application_action":"32","action":"32","name":"Create Product Category","uid":"31"},{"id_application_action":"33","action":"33","name":"Edit Product Category","uid":"32"},{"id_application_action":"34","action":"34","name":"Delete Product Category","uid":"33"},{"id_application_action":"35","action":"35","name":"Save\\/Edit Product Category","uid":"34"},{"id_application_action":"36","action":"36","name":"View Merk","uid":"35"},{"id_application_action":"37","action":"37","name":"Create Merk","uid":"36"},{"id_application_action":"38","action":"38","name":"Edit Merk","uid":"37"},{"id_application_action":"39","action":"39","name":"Delete Merk","uid":"38"},{"id_application_action":"40","action":"40","name":"Save\\/Edit Merk","uid":"39"},{"id_application_action":"41","action":"41","name":"View Customer","uid":"40"},{"id_application_action":"43","action":"43","name":"Create Customer","uid":"41"},{"id_application_action":"44","action":"44","name":"Edit Customer","uid":"42"},{"id_application_action":"45","action":"45","name":"Delete Customer","uid":"43"},{"id_application_action":"46","action":"46","name":"Save\\/Edit Customer","uid":"44"},{"id_application_action":"47","action":"47","name":"View Warehouse","uid":"45"},{"id_application_action":"48","action":"48","name":"Create Warehouse","uid":"46"},{"id_application_action":"49","action":"49","name":"Edit Warehouse","uid":"47"},{"id_application_action":"50","action":"50","name":"Delete Warehouse","uid":"48"},{"id_application_action":"51","action":"51","name":"Save\\/Edit Warehouse","uid":"49"},{"id_application_action":"57","action":"57","name":"View PO","uid":"50"},{"id_application_action":"58","action":"58","name":"Create PO","uid":"51"},{"id_application_action":"59","action":"59","name":"Edit PO","uid":"52"},{"id_application_action":"60","action":"60","name":"Delete PO","uid":"53"},{"id_application_action":"61","action":"61","name":"Save\\/Edit PO","uid":"54"},{"id_application_action":"62","action":"62","name":"View User","uid":"55"},{"id_application_action":"63","action":"63","name":"Create User","uid":"56"},{"id_application_action":"64","action":"64","name":"Edit User","uid":"57"},{"id_application_action":"65","action":"65","name":"Delete User","uid":"58"},{"id_application_action":"66","action":"66","name":"Save\\/Edit User","uid":"59"},{"id_application_action":"67","action":"67","name":"View Good Receive","uid":"60"},{"id_application_action":"68","action":"68","name":"Create Good Receive","uid":"61"},{"id_application_action":"69","action":"69","name":"Edit Good Receive","uid":"62"},{"id_application_action":"70","action":"70","name":"Delete Good Receive","uid":"63"},{"id_application_action":"71","action":"71","name":"Save\\/Edit Good Receive","uid":"64"},{"id_application_action":"72","action":"72","name":"View Sales Order","uid":"65"},{"id_application_action":"73","action":"73","name":"Create Sales Order","uid":"66"},{"id_application_action":"74","action":"74","name":"Edit Sales Order","uid":"67"},{"id_application_action":"75","action":"75","name":"Delete Sales Order","uid":"68"},{"id_application_action":"76","action":"76","name":"Save Sales Order","uid":"69"},{"id_application_action":"77","action":"77","name":"View Material Request","uid":"70"},{"id_application_action":"78","action":"78","name":"Create Material Request","uid":"71"},{"id_application_action":"79","action":"79","name":"Edit Material Request","uid":"72"},{"id_application_action":"80","action":"80","name":"Delete Material Request","uid":"73"},{"id_application_action":"81","action":"81","name":"Save Material Request","uid":"74"},{"id_application_action":"82","action":"82","name":"Change User Password","uid":"75"},{"id_application_action":"83","action":"83","name":"View Delivery Note","uid":"76"},{"id_application_action":"84","action":"84","name":"Create Delivery Note","uid":"77"},{"id_application_action":"85","action":"85","name":"Edit Delivery Note","uid":"78"},{"id_application_action":"86","action":"86","name":"Delete Delivery Note","uid":"79"},{"id_application_action":"87","action":"87","name":"Save\\/Edit Delivery Note","uid":"80"},{"id_application_action":"88","action":"88","name":"View Unit Measure","uid":"81"},{"id_application_action":"89","action":"89","name":"Create Unit Measure","uid":"82"},{"id_application_action":"90","action":"90","name":"Edit Unit Measure","uid":"83"},{"id_application_action":"91","action":"91","name":"Delete Unit Measure","uid":"84"},{"id_application_action":"92","action":"92","name":"Save\\/Edit Unit Measure","uid":"85"},{"id_application_action":"93","action":"93","name":"View Stock","uid":"86"},{"id_application_action":"94","action":"94","name":"View Employee","uid":"87"},{"id_application_action":"95","action":"95","name":"Create Employee","uid":"88"},{"id_application_action":"96","action":"96","name":"Edit Employee","uid":"89"},{"id_application_action":"97","action":"97","name":"Delete Employee","uid":"90"},{"id_application_action":"98","action":"98","name":"Save\\/Edit Employee","uid":"91"},{"id_application_action":"99","action":"99","name":"Validate PO","uid":"92"},{"id_application_action":"100","action":"100","name":"Create Database Interface","uid":"93"},{"id_application_action":"101","action":"101","name":"Edit Database Interface","uid":"94"},{"id_application_action":"102","action":"102","name":"Delete Database Interface","uid":"95"},{"id_application_action":"103","action":"103","name":"Save \\/ Edit Database Interface","uid":"96"},{"id_application_action":"104","action":"104","name":"View Database Field Interface","uid":"97"},{"id_application_action":"105","action":"105","name":"Create Database Field Interface","uid":"98"},{"id_application_action":"106","action":"106","name":"Edit Database Field Interface","uid":"99"},{"id_application_action":"107","action":"107","name":"Delete Database Field Interface","uid":"100"},{"id_application_action":"108","action":"108","name":"Save \\/ Edit Database Field Interface","uid":"101"},{"id_application_action":"109","action":"109","name":"View Inquiry","uid":"102"},{"id_application_action":"110","action":"110","name":"Create Inquiry","uid":"103"},{"id_application_action":"111","action":"111","name":"Edit Inquiry","uid":"104"},{"id_application_action":"112","action":"112","name":"Delete Inquiry","uid":"105"},{"id_application_action":"113","action":"113","name":"Save\\/Edit Inquiry","uid":"106"},{"id_application_action":"114","action":"114","name":"View Survey \\/ Assessment","uid":"107"},{"id_application_action":"115","action":"115","name":"Create Survey \\/ Assessment","uid":"108"},{"id_application_action":"116","action":"116","name":"Edit Survey \\/ Assessment","uid":"109"},{"id_application_action":"117","action":"117","name":"Delete Survey \\/ Assessment","uid":"110"},{"id_application_action":"118","action":"118","name":"Save\\/Edit Survey \\/ Assessment","uid":"111"},{"id_application_action":"119","action":"119","name":"View Quotation","uid":"112"},{"id_application_action":"120","action":"120","name":"Create Quotation","uid":"113"},{"id_application_action":"121","action":"121","name":"Edit Quotation","uid":"114"},{"id_application_action":"122","action":"122","name":"Delete Quotation","uid":"115"},{"id_application_action":"123","action":"123","name":"Save\\/Edit Quotation","uid":"116"},{"id_application_action":"124","action":"124","name":"View Project Contract","uid":"117"},{"id_application_action":"125","action":"125","name":"Create Project Contract","uid":"118"},{"id_application_action":"126","action":"126","name":"Edit Project Contract","uid":"119"},{"id_application_action":"127","action":"127","name":"Delete Project Contract","uid":"120"},{"id_application_action":"128","action":"128","name":"Save\\/Edit Project Contract","uid":"121"},{"id_application_action":"129","action":"129","name":"View Work Order","uid":"122"},{"id_application_action":"130","action":"130","name":"Create Work Order","uid":"123"},{"id_application_action":"131","action":"131","name":"Edit Work Order","uid":"124"},{"id_application_action":"132","action":"132","name":"Delete Work Order","uid":"125"},{"id_application_action":"133","action":"133","name":"Save\\/Edit Work Order","uid":"126"},{"id_application_action":"134","action":"134","name":"View Assessment Template","uid":"127"},{"id_application_action":"135","action":"135","name":"Create Assessment Template","uid":"128"},{"id_application_action":"136","action":"136","name":"Edit Assessment Template","uid":"129"},{"id_application_action":"137","action":"137","name":"Delete Assessment Template","uid":"130"},{"id_application_action":"138","action":"138","name":"Save\\/Edit Assessment Template","uid":"131"},{"id_application_action":"139","action":"139","name":"View Contract Template","uid":"132"},{"id_application_action":"140","action":"140","name":"Create Contract Template","uid":"133"},{"id_application_action":"141","action":"141","name":"Edit Contract Template","uid":"134"},{"id_application_action":"142","action":"142","name":"Delete Contract Template","uid":"135"},{"id_application_action":"143","action":"143","name":"Save\\/Edit Contract Template","uid":"136"},{"id_application_action":"144","action":"144","name":"View Work Schedule","uid":"137"},{"id_application_action":"145","action":"145","name":"Create Work Schedule","uid":"138"},{"id_application_action":"146","action":"146","name":"Edit Work Schedule","uid":"139"},{"id_application_action":"147","action":"147","name":"Delete Work Schedule","uid":"140"},{"id_application_action":"148","action":"148","name":"Save\\/Edit Work Schedule","uid":"141"},{"id_application_action":"149","action":"149","name":"View SO Assignment","uid":"142"},{"id_application_action":"150","action":"150","name":"Create SO Assignment","uid":"143"},{"id_application_action":"151","action":"151","name":"Edit SO Assignment","uid":"144"},{"id_application_action":"152","action":"152","name":"Delete SO Assignment","uid":"145"},{"id_application_action":"153","action":"153","name":"Save\\/Edit SO Assignment","uid":"146"},{"id_application_action":"154","action":"154","name":"View Shift Change","uid":"147"},{"id_application_action":"155","action":"155","name":"Create Shift Change","uid":"148"},{"id_application_action":"156","action":"156","name":"Edit Shift Change","uid":"149"},{"id_application_action":"157","action":"157","name":"Delete Shift Change","uid":"150"},{"id_application_action":"158","action":"158","name":"Save\\/Edit Shift Change","uid":"151"},{"id_application_action":"159","action":"159","name":"View Leave Application","uid":"152"},{"id_application_action":"160","action":"160","name":"Create Leave Application","uid":"153"},{"id_application_action":"161","action":"161","name":"Edit Leave Application","uid":"154"},{"id_application_action":"162","action":"162","name":"Delete Leave Application","uid":"155"},{"id_application_action":"163","action":"163","name":"Save\\/Edit Leave Application","uid":"156"},{"id_application_action":"164","action":"164","name":"View Timesheet (Recap)","uid":"157"},{"id_application_action":"165","action":"165","name":"Create Timesheet (Recap)","uid":"158"},{"id_application_action":"166","action":"166","name":"Edit Timesheet (Recap)","uid":"159"},{"id_application_action":"167","action":"167","name":"Delete Timesheet (Recap)","uid":"160"},{"id_application_action":"168","action":"168","name":"Save\\/Edit Timesheet (Recap)","uid":"161"},{"id_application_action":"169","action":"169","name":"View SO Timesheet","uid":"162"},{"id_application_action":"170","action":"170","name":"Create SO Timesheet","uid":"163"},{"id_application_action":"171","action":"171","name":"Edit SO Timesheet","uid":"164"},{"id_application_action":"172","action":"172","name":"Delete SO Timesheet","uid":"165"},{"id_application_action":"173","action":"173","name":"Save\\/Edit SO Timesheet","uid":"166"},{"id_application_action":"174","action":"174","name":"View Incident Report","uid":"167"},{"id_application_action":"175","action":"175","name":"Create Incident Report","uid":"168"},{"id_application_action":"176","action":"176","name":"Edit Incident Report","uid":"169"},{"id_application_action":"177","action":"177","name":"Delete Incident Report","uid":"170"},{"id_application_action":"178","action":"178","name":"Save\\/Edit Incident Report","uid":"171"},{"id_application_action":"179","action":"179","name":"View Payroll","uid":"172"},{"id_application_action":"180","action":"180","name":"Create Payroll","uid":"173"},{"id_application_action":"181","action":"181","name":"Edit Payroll","uid":"174"},{"id_application_action":"182","action":"182","name":"Delete Payroll","uid":"175"},{"id_application_action":"183","action":"183","name":"Save\\/Edit Payroll","uid":"176"},{"id_application_action":"184","action":"184","name":"View Supplier Invoice","uid":"177"},{"id_application_action":"185","action":"185","name":"Create Supplier Invoice","uid":"178"},{"id_application_action":"186","action":"186","name":"Edit Supplier Invoice","uid":"179"},{"id_application_action":"187","action":"187","name":"Delete Supplier Invoice","uid":"180"},{"id_application_action":"188","action":"188","name":"Save\\/Edit Supplier Invoice","uid":"181"},{"id_application_action":"189","action":"189","name":"View Customer Invoice","uid":"182"},{"id_application_action":"190","action":"190","name":"Create Customer Invoice","uid":"183"},{"id_application_action":"191","action":"191","name":"Edit Customer Invoice","uid":"184"},{"id_application_action":"192","action":"192","name":"Delete Customer Invoice","uid":"185"},{"id_application_action":"193","action":"193","name":"Save\\/Edit Customer Invoice","uid":"186"},{"id_application_action":"194","action":"194","name":"View Bank Statement","uid":"187"},{"id_application_action":"195","action":"195","name":"Create Bank Statement","uid":"188"},{"id_application_action":"196","action":"196","name":"Edit Bank Statement","uid":"189"},{"id_application_action":"197","action":"197","name":"Delete Bank Statement","uid":"190"},{"id_application_action":"198","action":"198","name":"Save\\/Edit Bank Statement","uid":"191"},{"id_application_action":"199","action":"199","name":"View Cash Register","uid":"192"},{"id_application_action":"200","action":"200","name":"Create Cash Register","uid":"193"},{"id_application_action":"201","action":"201","name":"Edit Cash Register","uid":"194"},{"id_application_action":"202","action":"202","name":"Delete Cash Register","uid":"195"},{"id_application_action":"203","action":"203","name":"Save\\/Edit Cash Register","uid":"196"},{"id_application_action":"204","action":"204","name":"View Tax","uid":"197"},{"id_application_action":"205","action":"205","name":"Create Tax","uid":"198"},{"id_application_action":"206","action":"206","name":"Edit Tax","uid":"199"},{"id_application_action":"207","action":"207","name":"Delete Tax","uid":"200"},{"id_application_action":"208","action":"208","name":"Save\\/Edit Tax","uid":"201"},{"id_application_action":"209","action":"209","name":"View Chart of Account","uid":"202"},{"id_application_action":"210","action":"210","name":"Create Chart of Account","uid":"203"},{"id_application_action":"211","action":"211","name":"Edit Chart of Account","uid":"204"},{"id_application_action":"212","action":"212","name":"Delete Chart of Account","uid":"205"},{"id_application_action":"213","action":"213","name":"Save\\/Edit Chart of Account","uid":"206"},{"id_application_action":"214","action":"214","name":"View Employee Salary","uid":"207"},{"id_application_action":"215","action":"215","name":"Create Employee Salary","uid":"208"},{"id_application_action":"216","action":"216","name":"Edit Employee Salary","uid":"209"},{"id_application_action":"217","action":"217","name":"Delete Employee Salary","uid":"210"},{"id_application_action":"218","action":"218","name":"Save\\/Edit Employee Salary","uid":"211"},{"id_application_action":"219","action":"219","name":"View Salary Setting","uid":"212"},{"id_application_action":"220","action":"220","name":"Create Salary Setting","uid":"213"},{"id_application_action":"221","action":"221","name":"Edit Salary Setting","uid":"214"},{"id_application_action":"222","action":"222","name":"Delete Salary Setting","uid":"215"},{"id_application_action":"223","action":"223","name":"Save\\/Edit Salary Setting","uid":"216"},{"id_application_action":"224","action":"224","name":"View Database Interface","uid":"217"},{"id_application_action":"225","action":"225","name":"Pick Assessment Template","uid":"218"},{"id_application_action":"226","action":"226","name":"View Organisation Structure","uid":"219"},{"id_application_action":"227","action":"227","name":"Create Organisation Structure","uid":"220"},{"id_application_action":"228","action":"228","name":"Edit Organisation Structure","uid":"221"},{"id_application_action":"229","action":"229","name":"Delete Organisation Structure","uid":"222"},{"id_application_action":"230","action":"230","name":"Save\\/Edit Organisation Structure","uid":"223"},{"id_application_action":"231","action":"231","name":"View Position Level","uid":"224"},{"id_application_action":"232","action":"232","name":"Create Position Level","uid":"225"},{"id_application_action":"233","action":"233","name":"Edit Position Level","uid":"226"},{"id_application_action":"234","action":"234","name":"Delete Position Level","uid":"227"},{"id_application_action":"235","action":"235","name":"Save\\/Edit Position Level","uid":"228"},{"id_application_action":"236","action":"236","name":"View Employee Contract Type","uid":"229"},{"id_application_action":"237","action":"237","name":"Create Employee Contract Type","uid":"230"},{"id_application_action":"238","action":"238","name":"Edit Employee Contract Type","uid":"231"},{"id_application_action":"239","action":"239","name":"Delete Employee Contract Type","uid":"232"},{"id_application_action":"240","action":"240","name":"Save\\/Edit Employee Contract","uid":"233"},{"id_application_action":"241","action":"241","name":"View Bank","uid":"234"},{"id_application_action":"242","action":"242","name":"Create Bank","uid":"235"},{"id_application_action":"243","action":"243","name":"Edit Bank","uid":"236"},{"id_application_action":"244","action":"244","name":"Delete Bank","uid":"237"},{"id_application_action":"245","action":"245","name":"Save\\/Edit Bank","uid":"238"},{"id_application_action":"246","action":"246","name":"View Payment Receipt","uid":"239"},{"id_application_action":"247","action":"247","name":"Create Payment Receipt","uid":"240"},{"id_application_action":"248","action":"248","name":"Edit Payment Receipt","uid":"241"},{"id_application_action":"249","action":"249","name":"Save\\/Edit Payment Receipt","uid":"242"},{"id_application_action":"250","action":"250","name":"Delete Payment Receipt","uid":"243"},{"id_application_action":"251","action":"251","name":"Receive Payment From PO","uid":"244"},{"id_application_action":"252","action":"252","name":"Make Payment Receipt","uid":"245"},{"id_application_action":"253","action":"253","name":"Cancel Payment Receipt","uid":"246"},{"id_application_action":"254","action":"254","name":"View Stock Transaction","uid":"247"},{"id_application_action":"255","action":"255","name":"Create Stock Transaction","uid":"248"},{"id_application_action":"256","action":"256","name":"Edit Stock Transaction","uid":"249"},{"id_application_action":"257","action":"257","name":"Delete Stock Transaction","uid":"250"},{"id_application_action":"258","action":"258","name":"Save\\/Edit Stock Transaction","uid":"251"},{"id_application_action":"259","action":"259","name":"Post Stock Transaction","uid":"252"},{"id_application_action":"260","action":"260","name":"Unpost Stock Transaction","uid":"253"},{"id_application_action":"261","action":"261","name":"Transfer Good Receive","uid":"254"},{"id_application_action":"262","action":"262","name":"View Activity","uid":"255"},{"id_application_action":"263","action":"263","name":"Make Working Schedule","uid":"256"},{"id_application_action":"264","action":"264","name":"Validate Inquiry","uid":"257"},{"id_application_action":"265","action":"265","name":"Validate Quotation","uid":"258"},{"id_application_action":"267","action":"267","name":"Confirm Sales Order","uid":"259"},{"id_application_action":"266","action":"266","name":"Validate Sales Order","uid":"260"},{"id_application_action":"268","action":"268","name":"View Fingerprint Device","uid":"261"},{"id_application_action":"269","action":"269","name":"Create Fingerprint Device","uid":"262"},{"id_application_action":"270","action":"270","name":"Edit Fingerprint Device","uid":"263"},{"id_application_action":"271","action":"271","name":"Delete Fingerprint Device","uid":"264"},{"id_application_action":"272","action":"272","name":"Save\\/Edit Fingerprint Device","uid":"265"},{"id_application_action":"273","action":"273","name":"Activate Fingerprint","uid":"266"},{"id_application_action":"274","action":"274","name":"Deactivate Fingerprint","uid":"267"},{"id_application_action":"275","action":"275","name":"View Fingerprint Assign","uid":"268"},{"id_application_action":"276","action":"276","name":"Create Fingerprint Assign","uid":"269"},{"id_application_action":"277","action":"277","name":"Edit Fingerprint Assign","uid":"270"},{"id_application_action":"278","action":"278","name":"Delete Fingerprint Assign","uid":"271"},{"id_application_action":"279","action":"279","name":"Save\\/Edit Fingerprint Assign","uid":"272"},{"id_application_action":"280","action":"280","name":"Make SO Assignment","uid":"273"},{"id_application_action":"281","action":"281","name":"Assign Fingerprint Device","uid":"274"},{"id_application_action":"282","action":"282","name":"Unassign Fingerprint","uid":"275"},{"id_application_action":"283","action":"283","name":"Fingerprint Enroll","uid":"276"},{"id_application_action":"284","action":"284","name":"Save Fingerprint Enroll","uid":"277"},{"id_application_action":"293","action":"293","name":"Create BOM","uid":"278"},{"id_application_action":"294","action":"294","name":"Edit BOM","uid":"279"},{"id_application_action":"295","action":"295","name":"Delete BOM","uid":"280"},{"id_application_action":"296","action":"296","name":"Save\\/Edit BOM","uid":"281"},{"id_application_action":"297","action":"297","name":"Validate BOM","uid":"282"},{"id_application_action":"298","action":"298","name":"View Join item","uid":"283"},{"id_application_action":"299","action":"299","name":"Create Join Item","uid":"284"},{"id_application_action":"300","action":"300","name":"Edit Join Item","uid":"285"},{"id_application_action":"301","action":"301","name":"Delete Join Item","uid":"286"},{"id_application_action":"302","action":"302","name":"Save\\/Edit Joint Item","uid":"287"},{"id_application_action":"303","action":"303","name":"Transfer Join Item","uid":"288"},{"id_application_action":"304","action":"304","name":"View Group","uid":"289"},{"id_application_action":"305","action":"305","name":"Create Group","uid":"290"},{"id_application_action":"306","action":"306","name":"Edit Group","uid":"291"},{"id_application_action":"307","action":"307","name":"Delete Group","uid":"292"},{"id_application_action":"308","action":"308","name":"Save\\/Edit Group","uid":"293"},{"id_application_action":"309","action":"309","name":"View Configuration Parameter","uid":"294"},{"id_application_action":"310","action":"310","name":"Create Configuration Parameter","uid":"295"},{"id_application_action":"311","action":"311","name":"Edit Configuration Parameter","uid":"296"},{"id_application_action":"312","action":"312","name":"Delete Configuration Parameter","uid":"297"},{"id_application_action":"313","action":"313","name":"Save\\/Edit Configuration Parameter","uid":"298"},{"id_application_action":"314","action":"314","name":"VIew Notification Setting","uid":"299"},{"id_application_action":"315","action":"315","name":"Create Notification Setting","uid":"300"},{"id_application_action":"316","action":"316","name":"Edit Notification Setting","uid":"301"},{"id_application_action":"317","action":"317","name":"Delete Notification Setting","uid":"302"},{"id_application_action":"318","action":"318","name":"Save\\/Edit Notification Setting","uid":"303"},{"id_application_action":"292","action":"292","name":"View BOM","uid":"304"},{"id_application_action":"320","action":"320","name":"Create Product Definition","uid":"305"},{"id_application_action":"321","action":"321","name":"Edit Product Definition","uid":"306"},{"id_application_action":"322","action":"322","name":"Delete Product Definition","uid":"307"},{"id_application_action":"323","action":"323","name":"Save\\/Edit Product Definition","uid":"308"},{"id_application_action":"319","action":"319","name":"View Product Definition","uid":"309"},{"id_application_action":"342","name":"View Log Error","uid":"310","id":"310"},{"id_application_action":"343","name":"Create Log Error","uid":"311","id":"311"},{"id_application_action":"344","name":"Save \\/ Edit Log Error","uid":"312","id":"312"},{"id_application_action":"345","name":"Edit Log  Error","uid":"313","id":"313"},{"id_application_action":"346","name":"Delete Log Error","uid":"314","id":"314"},{"id_application_action":"347","name":"Copy Record","uid":"315","id":"315"},{"id_application_action":"348","name":"View Salary Type","uid":"316","id":"316"},{"id_application_action":"349","name":"Create Salary Type","uid":"317","id":"317"},{"id_application_action":"350","name":"Save \\/ Edit Salary Type","uid":"318","id":"318"},{"id_application_action":"351","name":"Edit Salary Type","uid":"319","id":"319"},{"id_application_action":"352","name":"Create Timesheet","uid":"320","id":"320"},{"id_application_action":"353","name":"View Salary Type","uid":"321","id":"321"},{"id_application_action":"354","name":"View Salary Type","uid":"322","id":"322"},{"id_application_action":"355","name":"Save \\/ Edit Timesheet ","uid":"323","id":"323"},{"id_application_action":"356","name":"View Payroll Periode","uid":"324","id":"324"},{"id_application_action":"357","name":"Create Payroll Periode","uid":"325","id":"325"},{"id_application_action":"358","name":"Save \\/ Edit Log Error","uid":"326","id":"326"},{"id_application_action":"359","name":"Edit Payroll Periode","uid":"327","id":"327"},{"id_application_action":"360","name":"Delete Payroll Periode","uid":"328","id":"328"},{"id_application_action":"361","name":"View Request Overtime","uid":"329","id":"329"},{"id_application_action":"362","name":"Create Request Overtime","uid":"330","id":"330"},{"id_application_action":"363","name":"Save \\/ Edit Overtime","uid":"331","id":"331"},{"id_application_action":"364","name":"Edit Overtime","uid":"332","id":"332"},{"id_application_action":"365","name":"Delete Overtime","uid":"333","id":"333"},{"id_application_action":"366","name":"Validate Overtime","uid":"334","id":"334"},{"id_application_action":"367","name":"View Insentive","uid":"335","id":"335"},{"id_application_action":"368","name":"View Monitoring Timesheet ","uid":"336","id":"336"},{"id_application_action":"369","name":"Create Insentive","uid":"337","id":"337"},{"id_application_action":"370","name":"Save \\/ Edit Insentive","uid":"338","id":"338"},{"id_application_action":"371","name":"Edit Overtime","uid":"339","id":"339"},{"id_application_action":"372","name":"Delete Insentive","uid":"340","id":"340"}],"is_edit":"true","id_role":"1"}', '2015-03-27 00:18:46'),
(229, 'Make SO Assignment', 'work_order', NULL, 2, 'Make SO Assignment', 280, '{}', '2015-03-27 19:53:00'),
(230, 'Save/Edit Inquiry', 'inquiry', NULL, 2, 'Save/Edit Inquiry', 113, '{}', '2015-03-27 20:14:20'),
(231, 'Validate Inquiry', 'inquiry', NULL, 2, 'Validate Inquiry', 264, '{"id_inquiry":"4","status":"open"}', '2015-03-27 20:14:25'),
(232, 'Save/Edit Quotation', 'quotation', NULL, 2, 'Save/Edit Quotation', 123, '{}', '2015-03-27 20:15:20'),
(233, 'Make Working Schedule', 'quotation', NULL, 2, 'Make Working Schedule', 263, '{}', '2015-03-27 20:15:25'),
(234, 'Save/Edit Work Schedule', 'work_schedule', NULL, 2, 'Save/Edit Work Schedule', 148, '{}', '2015-03-27 20:18:38'),
(235, 'Validate Quotation', 'quotation', NULL, 2, 'Validate Quotation', 265, '{"id_quotation":"3","status":"open"}', '2015-03-27 20:18:45'),
(236, 'Save Sales Order', 'so', NULL, 2, 'Save Sales Order', 76, '{}', '2015-03-27 20:20:01'),
(237, 'Validate Sales Order', 'so', NULL, 2, 'Validate Sales Order', 266, '{"id_so":"2","status":"open"}', '2015-03-27 20:20:07'),
(238, 'Confirm Sales Order', 'so', NULL, 2, 'Confirm Sales Order', 267, '{"id_so":"2","id_work_order":5,"status":"close"}', '2015-03-27 20:20:34'),
(239, 'Save/Edit BOM', 'bom', NULL, 2, 'Save/Edit BOM', 296, '{}', '2015-03-27 20:31:27'),
(240, 'Save/Edit Inquiry', 'inquiry', NULL, 2, 'Save/Edit Inquiry', 113, '{}', '2015-03-29 06:26:41'),
(241, 'Validate Inquiry', 'inquiry', NULL, 2, 'Validate Inquiry', 264, '{"id_inquiry":"5","status":"open"}', '2015-03-29 06:26:49'),
(242, 'Save/Edit Product Definition', 'product_definition', NULL, 2, 'Save/Edit Product Definition', 323, '{"product":"5","organisation_structure":"9","position_level":null}', '2015-03-29 06:27:32'),
(243, 'Save/Edit Product Definition', 'product_definition', NULL, 2, 'Save/Edit Product Definition', 323, '{"product":"6","organisation_structure":"10","position_level":null}', '2015-03-29 06:28:08'),
(244, 'Save/Edit Quotation', 'quotation', NULL, 2, 'Save/Edit Quotation', 123, '{}', '2015-03-29 06:35:23'),
(245, 'Make Working Schedule', 'quotation', NULL, 2, 'Make Working Schedule', 263, '{}', '2015-03-29 06:35:28'),
(246, 'Save/Edit Work Schedule', 'work_schedule', NULL, 2, 'Save/Edit Work Schedule', 148, '{}', '2015-03-29 06:59:08'),
(247, 'Save/Edit Quotation', 'quotation', NULL, 2, 'Save/Edit Quotation', 123, '{}', '2015-03-29 07:01:51'),
(248, 'Validate Quotation', 'quotation', NULL, 2, 'Validate Quotation', 265, '{"id_quotation":"4","status":"open"}', '2015-03-29 07:03:00'),
(249, 'Save Sales Order', 'so', NULL, 2, 'Save Sales Order', 76, '{}', '2015-03-29 07:05:51'),
(250, 'Validate Sales Order', 'so', NULL, 2, 'Validate Sales Order', 266, '{"id_so":"3","status":"open"}', '2015-03-29 07:06:28'),
(251, 'Save/Edit BOM', 'bom', NULL, 2, 'Save/Edit BOM', 296, '{}', '2015-03-29 07:19:56'),
(252, 'Save/Edit BOM', 'bom', NULL, 2, 'Save/Edit BOM', 296, '{}', '2015-03-29 07:23:09'),
(253, 'Save/Edit BOM', 'bom', NULL, 2, 'Save/Edit BOM', 296, '{}', '2015-03-29 07:24:44'),
(254, 'Confirm Sales Order', 'so', NULL, 2, 'Confirm Sales Order', 267, '{"id_so":"3","id_work_order":6,"status":"close"}', '2015-03-29 07:25:36'),
(255, 'Make SO Assignment', 'work_order', NULL, 2, 'Make SO Assignment', 280, '{}', '2015-03-29 08:16:01'),
(256, 'Save/Edit Action', 'action', NULL, 42, 'Save/Edit Action', 10, '{"name":"View Work Order","uname":"view_work_order","controller":"work_order","function_exec":"","function_args":"","view_type":"gridview","view_file":"work_order_list","prefix":"","action_type":"view","action_button":"view_detail","target_action":"","use_log":"0","is_edit":"true","id_edit":"129"}', '2015-03-31 17:47:13'),
(257, 'Save/Edit Side Menu', 'side_menu', NULL, 42, 'Save/Edit Side Menu', 9, '{}', '2015-03-31 17:49:06'),
(258, 'Save/Edit Action', 'action', NULL, 42, 'Save/Edit Action', 10, '{"name":"Edit Work Order","uname":"edit_work_order","controller":"work_order","function_exec":"init_edit_work_order","function_args":"id","view_type":"form","view_file":"work_order_ce","prefix":"","action_type":"view","action_button":"no_button","target_action":"","use_log":"0","is_edit":"true","id_edit":"131"}', '2015-03-31 17:52:16'),
(259, 'Save/Edit Inquiry', 'inquiry', NULL, 42, 'Save/Edit Inquiry', 113, '{}', '2015-03-31 19:02:34'),
(260, 'Validate Inquiry', 'inquiry', NULL, 42, 'Validate Inquiry', 264, '{"id_inquiry":"6","status":"open"}', '2015-03-31 19:15:24'),
(261, 'Save/Edit Action', 'action', NULL, 42, 'Save/Edit Action', 10, '{"name":"Validate Work Order","uname":"validate_work_order","controller":"work_order","function_exec":"validate_work_order","function_args":"id","view_type":"no_view","view_file":"","prefix":"","action_type":"update","action_button":"no_button","target_action":"129","use_log":"0","is_edit":"false","id_edit":""}', '2015-03-31 19:49:27'),
(262, 'Save/Edit Action', 'action', NULL, 42, 'Save/Edit Action', 10, '{"name":"View Timesheet","uname":"view_timesheet_(recap)","controller":"timesheet","function_exec":"","function_args":"","view_type":"gridview","view_file":"timesheet_list","prefix":"","action_type":"view","action_button":"crud","target_action":"","use_log":"0","is_edit":"true","id_edit":"164"}', '2015-04-01 04:18:57'),
(263, 'Save/Edit Action', 'action', NULL, 42, 'Save/Edit Action', 10, '{"name":"Create Timesheet ","uname":"create_timesheet_(recap)","controller":"timesheet","function_exec":"init_create_timesheet","function_args":"","view_type":"form","view_file":"timesheet_ce","prefix":"","action_type":"create","action_button":"save_discard","target_action":"","use_log":"0","is_edit":"true","id_edit":"165"}', '2015-04-01 04:19:14'),
(264, 'Save/Edit Action', 'action', NULL, 42, 'Save/Edit Action', 10, '{"name":"Create Timesheet","uname":"create_timesheet","controller":"timesheet","function_exec":"init_create_timesheet","function_args":"","view_type":"form","view_file":"timesheet_ce","prefix":"","action_type":"view","action_button":"save_discard","target_action":"","use_log":"0","is_edit":"true","id_edit":"352"}', '2015-04-01 04:36:07'),
(265, 'Save/Edit Action', 'action', NULL, 42, 'Save/Edit Action', 10, '{"name":"Edit Timesheet","uname":"edit_timesheet","controller":"timesheet","function_exec":"init_edit_timesheet","function_args":"id","view_type":"form","view_file":"timesheet_ce","prefix":"","action_type":"view","action_button":"save_discard","target_action":"","use_log":"0","is_edit":"true","id_edit":"374"}', '2015-04-01 06:01:05'),
(266, 'Save/Edit Action', 'action', NULL, 42, 'Save/Edit Action', 10, '{"name":"Edit Timesheet","uname":"edit_timesheet","controller":"timesheet","function_exec":"init_edit_timesheet","function_args":"id","view_type":"form","view_file":"timesheet_ce","prefix":"","action_type":"view","action_button":"save_discard","target_action":"","use_log":"0","is_edit":"true","id_edit":"374"}', '2015-04-01 06:30:43'),
(267, 'Save/Edit Action', 'action', NULL, 42, 'Save/Edit Action', 10, '{"name":"View Recruitment","uname":"view_recruitment","controller":"recruitment","function_exec":"","function_args":"","view_type":"gridview","view_file":"recruitment_list","prefix":"","action_type":"view","action_button":"no_button","target_action":"","use_log":"0","is_edit":"true","id_edit":"375"}', '2015-04-01 08:56:26'),
(268, 'Save/Edit Side Menu', 'side_menu', NULL, 42, 'Save/Edit Side Menu', 9, '{}', '2015-04-01 08:56:42'),
(269, 'Save/Edit Action', 'action', NULL, 42, 'Save/Edit Action', 10, '{"name":"View Recruitment","uname":"view_recruitment","controller":"recruitment","function_exec":"","function_args":"","view_type":"gridview","view_file":"recruitment_list","prefix":"","action_type":"view","action_button":"crud","target_action":"","use_log":"0","is_edit":"true","id_edit":"375"}', '2015-04-01 08:57:59'),
(270, 'Delete Notification Setting', 'notification_setting', NULL, 42, 'Delete Notification Setting', 317, '{"id_notification_setting":false}', '2015-04-01 08:58:03'),
(271, 'Save/Edit Action', 'action', NULL, 42, 'Save/Edit Action', 10, '{"name":"Create Recruitment","uname":"create_recruitment","controller":"recruitment","function_exec":"init_create_recruitment","function_args":"","view_type":"form","view_file":"recruitment_ce","prefix":"","action_type":"view","action_button":"save_discard","target_action":"","use_log":"0","is_edit":"false","id_edit":""}', '2015-04-01 08:59:31'),
(272, 'Save/Edit Side Menu', 'side_menu', NULL, 42, 'Save/Edit Side Menu', 9, '{}', '2015-04-01 09:03:47'),
(273, 'Save/Edit Action', 'action', NULL, 42, 'Save/Edit Action', 10, '{"name":"Save\\/Edit Recruitment","uname":"save_edit_recruitment","controller":"recruitment","function_exec":"save_recruitment","function_args":"","view_type":"no_view","view_file":"","prefix":"","action_type":"create","action_button":"save_discard","target_action":"375","use_log":"0","is_edit":"true","id_edit":"377"}', '2015-04-01 09:09:51'),
(274, 'Save/Edit Action', 'action', NULL, 42, 'Save/Edit Action', 10, '{"name":"Delete Recruitment","uname":"delete_recruitment","controller":"recruitment","function_exec":"delete_recruitment","function_args":"","view_type":"no_view","view_file":"","prefix":"","action_type":"view","action_button":"crud","target_action":"375","use_log":"0","is_edit":"true","id_edit":"378"}', '2015-04-01 09:13:03'),
(275, 'Save/Edit Action', 'action', NULL, 42, 'Save/Edit Action', 10, '{"name":"Edit Recruitment","uname":"edit_recruitment","controller":"recruitment","function_exec":"init_edit_recruitment","function_args":"id","view_type":"form","view_file":"recruitment_ce","prefix":"","action_type":"view","action_button":"save_discard","target_action":"","use_log":"0","is_edit":"true","id_edit":"379"}', '2015-04-01 09:17:44'),
(276, 'Save/Edit Side Menu', 'side_menu', NULL, 42, 'Save/Edit Side Menu', 9, '{}', '2015-04-01 09:23:06'),
(277, 'Save/Edit Action', 'action', NULL, 42, 'Save/Edit Action', 10, '{"name":"View Request Overtime","uname":"view_overtime","controller":"overtime","function_exec":"","function_args":"","view_type":"gridview","view_file":"overtime_list","prefix":"","action_type":"view","action_button":"crud","target_action":"","use_log":"0","is_edit":"true","id_edit":"380"}', '2015-04-01 09:26:13'),
(278, 'Save/Edit Side Menu', 'side_menu', NULL, 42, 'Save/Edit Side Menu', 9, '{}', '2015-04-01 09:26:51'),
(279, 'Save/Edit Action', 'action', NULL, 42, 'Save/Edit Action', 10, '{"name":"Create Request Overtime","uname":"create_overtime","controller":"overtime","function_exec":"init_create_overtime","function_args":"","view_type":"form","view_file":"overtime_ce","prefix":"","action_type":"view","action_button":"save_discard","target_action":"","use_log":"0","is_edit":"true","id_edit":"381"}', '2015-04-01 09:29:56'),
(280, 'Save/Edit Action', 'action', NULL, 42, 'Save/Edit Action', 10, '{"name":"Save\\/Edit Overtime","uname":"save_edit_overtime","controller":"overtime","function_exec":"save_overtime","function_args":"","view_type":"no_view","view_file":"","prefix":"","action_type":"create","action_button":"save_discard","target_action":"380","use_log":"0","is_edit":"true","id_edit":"382"}', '2015-04-01 09:36:38'),
(281, 'Save/Edit Action', 'action', NULL, 42, 'Save/Edit Action', 10, '{"name":"Delete Overtime","uname":"delete_overtime","controller":"overtime","function_exec":"delete_overtime","function_args":"","view_type":"no_view","view_file":"","prefix":"","action_type":"view","action_button":"crud","target_action":"380","use_log":"0","is_edit":"true","id_edit":"383"}', '2015-04-01 09:36:59'),
(282, 'Save/Edit Action', 'action', NULL, 42, 'Save/Edit Action', 10, '{"name":"Edit Overtime","uname":"edit_overtime","controller":"overtime","function_exec":"init_edit_overtime","function_args":"id","view_type":"form","view_file":"overtime_ce","prefix":"","action_type":"view","action_button":"save_discard","target_action":"","use_log":"0","is_edit":"true","id_edit":"384"}', '2015-04-01 09:37:19'),
(283, 'Delete Group', 'group', NULL, 42, 'Delete Group', 307, '{}', '2015-04-01 09:38:37'),
(284, 'Save/Edit Action', 'action', NULL, 42, 'Save/Edit Action', 10, '{"name":"Validate Overtime","uname":"validate_overtime","controller":"overtime","function_exec":"validate_overtime","function_args":"id","view_type":"no_view","view_file":"","prefix":"","action_type":"update","action_button":"no_button","target_action":"380","use_log":"0","is_edit":"true","id_edit":"385"}', '2015-04-01 09:39:38'),
(285, 'Save/Edit Action', 'action', NULL, 42, 'Save/Edit Action', 10, '{"name":"View Insentive","uname":"view_insentive","controller":"insentive","function_exec":"","function_args":"","view_type":"gridview","view_file":"insentive_list","prefix":"","action_type":"view","action_button":"crud","target_action":"","use_log":"0","is_edit":"true","id_edit":"386"}', '2015-04-01 09:45:42'),
(286, 'Save/Edit Action', 'action', NULL, 42, 'Save/Edit Action', 10, '{"name":"Create Request Insentive","uname":"create_insentive","controller":"insentive","function_exec":"init_create_insentive","function_args":"","view_type":"form","view_file":"insentive_ce","prefix":"","action_type":"view","action_button":"save_discard","target_action":"","use_log":"0","is_edit":"true","id_edit":"387"}', '2015-04-01 09:46:03'),
(287, 'Save/Edit Action', 'action', NULL, 42, 'Save/Edit Action', 10, '{"name":"Save\\/Edit Insentive","uname":"save_edit_insentive","controller":"insentive","function_exec":"save_insentive","function_args":"","view_type":"no_view","view_file":"","prefix":"","action_type":"create","action_button":"save_discard","target_action":"386","use_log":"0","is_edit":"true","id_edit":"388"}', '2015-04-01 09:46:38'),
(288, 'Save/Edit Action', 'action', NULL, 42, 'Save/Edit Action', 10, '{"name":"Delete Insentive","uname":"delete_insentive","controller":"insentive","function_exec":"delete_insentive","function_args":"","view_type":"no_view","view_file":"","prefix":"","action_type":"view","action_button":"crud","target_action":"386","use_log":"0","is_edit":"true","id_edit":"389"}', '2015-04-01 09:47:05'),
(289, 'Save/Edit Action', 'action', NULL, 42, 'Save/Edit Action', 10, '{"name":"Edit Insentive","uname":"edit_insentive","controller":"insentive","function_exec":"init_edit_insentive","function_args":"id","view_type":"form","view_file":"insentive_ce","prefix":"","action_type":"view","action_button":"save_discard","target_action":"","use_log":"0","is_edit":"true","id_edit":"390"}', '2015-04-01 09:47:31'),
(290, 'Save/Edit Side Menu', 'side_menu', NULL, 42, 'Save/Edit Side Menu', 9, '{}', '2015-04-01 09:49:12'),
(291, 'Save/Edit Side Menu', 'side_menu', NULL, 42, 'Save/Edit Side Menu', 9, '{}', '2015-04-01 09:57:53'),
(292, 'Save/Edit Action', 'action', NULL, 42, 'Save/Edit Action', 10, '{"name":"Delete Salary Type","uname":"delete_salary_type","controller":"salary_type","function_exec":"delete_salary_type","function_args":"","view_type":"no_view","view_file":"","prefix":"","action_type":"delete","action_button":"crud","target_action":"354","use_log":"1","is_edit":"true","id_edit":"391"}', '2015-04-01 10:02:47'),
(293, 'Save/Edit Side Menu', 'side_menu', NULL, 42, 'Save/Edit Side Menu', 9, '{}', '2015-04-01 10:11:58'),
(294, 'Delete Salary Type', 'salary_type', NULL, 42, 'Delete Salary Type', 391, '{}', '2015-04-01 10:38:34'),
(295, 'Save/Edit Action', 'action', NULL, 42, 'Save/Edit Action', 10, '{"name":"Save\\/Edit Payroll Periode","uname":"save_edit_payroll_periode","controller":"payroll_periode","function_exec":"save_payroll_periode","function_args":"","view_type":"no_view","view_file":"","prefix":"","action_type":"create","action_button":"save_discard","target_action":"356","use_log":"0","is_edit":"true","id_edit":"392"}', '2015-04-01 10:45:51'),
(296, 'Delete Salary Type', 'salary_type', NULL, 42, 'Delete Salary Type', 391, '{}', '2015-04-01 10:46:17'),
(297, 'Save/Edit Action', 'action', NULL, 42, 'Save/Edit Action', 10, '{"name":"Save \\/ Edit Salary Type","uname":"save_edit_salary_type","controller":"salary_type","function_exec":"save_salary_type","function_args":"","view_type":"no_view","view_file":"","prefix":"","action_type":"create","action_button":"save_discard","target_action":"354","use_log":"0","is_edit":"true","id_edit":"350"}', '2015-04-01 10:49:16'),
(298, 'Delete Salary Type', 'salary_type', NULL, 42, 'Delete Salary Type', 391, '{}', '2015-04-01 10:54:48'),
(299, 'Delete Salary Type', 'salary_type', NULL, 42, 'Delete Salary Type', 391, '{}', '2015-04-01 10:54:52'),
(300, 'Save/Edit Quotation', 'quotation', NULL, 42, 'Save/Edit Quotation', 123, '{}', '2015-04-01 11:05:18'),
(301, 'Save/Edit Action', 'action', NULL, 42, 'Save/Edit Action', 10, '{"name":"View Detail Payroll","uname":"view_detail_payroll","controller":"payroll_periode","function_exec":"init_view","function_args":"","view_type":"gridview","view_file":"detail_payroll_periode_list","prefix":"","action_type":"view","action_button":"no_button","target_action":"","use_log":"0","is_edit":"true","id_edit":"393"}', '2015-04-01 11:17:19'),
(302, 'Save/Edit Action', 'action', NULL, 42, 'Save/Edit Action', 10, '{"name":"Edit Insentive","uname":"edit_insentive","controller":"insentive","function_exec":"init_edit_insentive","function_args":"id","view_type":"form","view_file":"insentive_ce","prefix":"","action_type":"view","action_button":"save_discard","target_action":"","use_log":"0","is_edit":"true","id_edit":"390"}', '2015-04-01 11:43:40'),
(303, 'Save/Edit Action', 'action', NULL, 42, 'Save/Edit Action', 10, '{"name":"Edit Insentive","uname":"edit_insentive","controller":"insentive","function_exec":"init_edit_insentive","function_args":"id","view_type":"form","view_file":"insentive_ce","prefix":"","action_type":"update","action_button":"save_discard","target_action":"","use_log":"0","is_edit":"true","id_edit":"390"}', '2015-04-01 12:06:59'),
(304, 'Save/Edit Action', 'action', NULL, 42, 'Save/Edit Action', 10, '{"name":"Edit Insentive","uname":"edit_insentive","controller":"insentive","function_exec":"init_edit_insentive","function_args":"id","view_type":"form","view_file":"insentive_ce","prefix":"","action_type":"view","action_button":"save_discard","target_action":"","use_log":"0","is_edit":"true","id_edit":"390"}', '2015-04-01 12:28:13'),
(305, 'Save/Edit Action', 'action', NULL, 42, 'Save/Edit Action', 10, '{"name":"View Payroll","uname":"view_payroll","controller":"payroll","function_exec":"","function_args":"","view_type":"gridview","view_file":"payroll_list","prefix":"","action_type":"view","action_button":"no_button","target_action":"","use_log":"0","is_edit":"true","id_edit":"179"}', '2015-04-01 14:12:41'),
(306, 'Delete Product Definition', 'product_definition', NULL, 42, 'Delete Product Definition', 322, '{}', '2015-04-01 14:13:55'),
(307, 'Save/Edit Customer', 'customer', NULL, 2, 'Save/Edit Customer', 46, '{}', '2015-04-04 08:19:43'),
(308, 'Save/Edit Role', 'role', NULL, 2, 'Save/Edit Role', 20, '{"name":"administrator","action_detail":[{"dataindex":"305","id_application_action":"319","action":"319","name":"View Product Definition","uid":"305"},{"dataindex":"306","id_application_action":"320","action":"320","name":"Create Product Definition","uid":"306"},{"dataindex":"307","id_application_action":"321","action":"321","name":"Edit Product Definition","uid":"307"},{"dataindex":"308","id_application_action":"322","action":"322","name":"Delete Product Definition","uid":"308"},{"dataindex":"309","id_application_action":"323","action":"323","name":"Save\\/Edit Product Definition","uid":"309"}],"is_edit":"true","id_role":"1"}', '2015-04-04 08:21:30');
INSERT INTO `activity_log` (`id_log`, `activity`, `object`, `object_id`, `user`, `description`, `action`, `field_data`, `date_create`) VALUES
(309, 'Save/Edit Role', 'role', NULL, 2, 'Save/Edit Role', 20, '{"name":"administrator","action_detail":[{"id_application_action":"1","action":"1","name":"View Application Action","uid":"0"},{"id_application_action":"2","action":"2","name":"Create Application Action","uid":"1"},{"id_application_action":"3","action":"3","name":"Edit Application Action","uid":"2"},{"id_application_action":"4","action":"4","name":"Delete Application Action","uid":"3"},{"id_application_action":"5","action":"5","name":"View Side Menu","uid":"4"},{"id_application_action":"6","action":"6","name":"Create Side Menu","uid":"5"},{"id_application_action":"7","action":"7","name":"Edit Side Menu","uid":"6"},{"id_application_action":"8","action":"8","name":"Delete Side Menu","uid":"7"},{"id_application_action":"9","action":"9","name":"Save\\/Edit Side Menu","uid":"8"},{"id_application_action":"10","action":"10","name":"Save\\/Edit Action","uid":"9"},{"id_application_action":"11","action":"11","name":"View Division","uid":"10"},{"id_application_action":"12","action":"12","name":"Create Division","uid":"11"},{"id_application_action":"13","action":"13","name":"Save\\/Edit Division","uid":"12"},{"id_application_action":"14","action":"14","name":"Edit Division","uid":"13"},{"id_application_action":"15","action":"15","name":"Delete Division","uid":"14"},{"id_application_action":"16","action":"16","name":"View Role","uid":"15"},{"id_application_action":"17","action":"17","name":"View Create Role","uid":"16"},{"id_application_action":"18","action":"18","name":"View Edit Role","uid":"17"},{"id_application_action":"19","action":"19","name":"Delete Role","uid":"18"},{"id_application_action":"20","action":"20","name":"Save\\/Edit Role","uid":"19"},{"id_application_action":"21","action":"21","name":"View Product","uid":"20"},{"id_application_action":"22","action":"22","name":"Create Product","uid":"21"},{"id_application_action":"23","action":"23","name":"Edit Product","uid":"22"},{"id_application_action":"24","action":"24","name":"Delete Product","uid":"23"},{"id_application_action":"25","action":"25","name":"Save\\/Edit Product","uid":"24"},{"id_application_action":"26","action":"26","name":"View Supplier","uid":"25"},{"id_application_action":"27","action":"27","name":"Create Supplier","uid":"26"},{"id_application_action":"28","action":"28","name":"Edit Supplier","uid":"27"},{"id_application_action":"29","action":"29","name":"Delete Supplier","uid":"28"},{"id_application_action":"30","action":"30","name":"Save\\/Edit Supplier","uid":"29"},{"id_application_action":"31","action":"31","name":"View Product Category","uid":"30"},{"id_application_action":"32","action":"32","name":"Create Product Category","uid":"31"},{"id_application_action":"33","action":"33","name":"Edit Product Category","uid":"32"},{"id_application_action":"34","action":"34","name":"Delete Product Category","uid":"33"},{"id_application_action":"35","action":"35","name":"Save\\/Edit Product Category","uid":"34"},{"id_application_action":"36","action":"36","name":"View Merk","uid":"35"},{"id_application_action":"37","action":"37","name":"Create Merk","uid":"36"},{"id_application_action":"38","action":"38","name":"Edit Merk","uid":"37"},{"id_application_action":"39","action":"39","name":"Delete Merk","uid":"38"},{"id_application_action":"40","action":"40","name":"Save\\/Edit Merk","uid":"39"},{"id_application_action":"41","action":"41","name":"View Customer","uid":"40"},{"id_application_action":"43","action":"43","name":"Create Customer","uid":"41"},{"id_application_action":"44","action":"44","name":"Edit Customer","uid":"42"},{"id_application_action":"45","action":"45","name":"Delete Customer","uid":"43"},{"id_application_action":"46","action":"46","name":"Save\\/Edit Customer","uid":"44"},{"id_application_action":"47","action":"47","name":"View Warehouse","uid":"45"},{"id_application_action":"48","action":"48","name":"Create Warehouse","uid":"46"},{"id_application_action":"49","action":"49","name":"Edit Warehouse","uid":"47"},{"id_application_action":"50","action":"50","name":"Delete Warehouse","uid":"48"},{"id_application_action":"51","action":"51","name":"Save\\/Edit Warehouse","uid":"49"},{"id_application_action":"57","action":"57","name":"View PO","uid":"50"},{"id_application_action":"58","action":"58","name":"Create PO","uid":"51"},{"id_application_action":"59","action":"59","name":"Edit PO","uid":"52"},{"id_application_action":"60","action":"60","name":"Delete PO","uid":"53"},{"id_application_action":"61","action":"61","name":"Save\\/Edit PO","uid":"54"},{"id_application_action":"62","action":"62","name":"View User","uid":"55"},{"id_application_action":"63","action":"63","name":"Create User","uid":"56"},{"id_application_action":"64","action":"64","name":"Edit User","uid":"57"},{"id_application_action":"65","action":"65","name":"Delete User","uid":"58"},{"id_application_action":"66","action":"66","name":"Save\\/Edit User","uid":"59"},{"id_application_action":"67","action":"67","name":"View Good Receive","uid":"60"},{"id_application_action":"68","action":"68","name":"Create Good Receive","uid":"61"},{"id_application_action":"69","action":"69","name":"Edit Good Receive","uid":"62"},{"id_application_action":"70","action":"70","name":"Delete Good Receive","uid":"63"},{"id_application_action":"71","action":"71","name":"Save\\/Edit Good Receive","uid":"64"},{"id_application_action":"72","action":"72","name":"View Sales Order","uid":"65"},{"id_application_action":"73","action":"73","name":"Create Sales Order","uid":"66"},{"id_application_action":"74","action":"74","name":"Edit Sales Order","uid":"67"},{"id_application_action":"75","action":"75","name":"Delete Sales Order","uid":"68"},{"id_application_action":"76","action":"76","name":"Save Sales Order","uid":"69"},{"id_application_action":"77","action":"77","name":"View Material Request","uid":"70"},{"id_application_action":"78","action":"78","name":"Create Material Request","uid":"71"},{"id_application_action":"79","action":"79","name":"Edit Material Request","uid":"72"},{"id_application_action":"80","action":"80","name":"Delete Material Request","uid":"73"},{"id_application_action":"81","action":"81","name":"Save Material Request","uid":"74"},{"id_application_action":"82","action":"82","name":"Change User Password","uid":"75"},{"id_application_action":"83","action":"83","name":"View Delivery Note","uid":"76"},{"id_application_action":"84","action":"84","name":"Create Delivery Note","uid":"77"},{"id_application_action":"85","action":"85","name":"Edit Delivery Note","uid":"78"},{"id_application_action":"86","action":"86","name":"Delete Delivery Note","uid":"79"},{"id_application_action":"87","action":"87","name":"Save\\/Edit Delivery Note","uid":"80"},{"id_application_action":"88","action":"88","name":"View Unit Measure","uid":"81"},{"id_application_action":"89","action":"89","name":"Create Unit Measure","uid":"82"},{"id_application_action":"90","action":"90","name":"Edit Unit Measure","uid":"83"},{"id_application_action":"91","action":"91","name":"Delete Unit Measure","uid":"84"},{"id_application_action":"92","action":"92","name":"Save\\/Edit Unit Measure","uid":"85"},{"id_application_action":"93","action":"93","name":"View Stock","uid":"86"},{"id_application_action":"94","action":"94","name":"View Employee","uid":"87"},{"id_application_action":"95","action":"95","name":"Create Employee","uid":"88"},{"id_application_action":"96","action":"96","name":"Edit Employee","uid":"89"},{"id_application_action":"97","action":"97","name":"Delete Employee","uid":"90"},{"id_application_action":"98","action":"98","name":"Save\\/Edit Employee","uid":"91"},{"id_application_action":"99","action":"99","name":"Validate PO","uid":"92"},{"id_application_action":"100","action":"100","name":"Create Database Interface","uid":"93"},{"id_application_action":"101","action":"101","name":"Edit Database Interface","uid":"94"},{"id_application_action":"102","action":"102","name":"Delete Database Interface","uid":"95"},{"id_application_action":"103","action":"103","name":"Save \\/ Edit Database Interface","uid":"96"},{"id_application_action":"104","action":"104","name":"View Database Field Interface","uid":"97"},{"id_application_action":"105","action":"105","name":"Create Database Field Interface","uid":"98"},{"id_application_action":"106","action":"106","name":"Edit Database Field Interface","uid":"99"},{"id_application_action":"107","action":"107","name":"Delete Database Field Interface","uid":"100"},{"id_application_action":"108","action":"108","name":"Save \\/ Edit Database Field Interface","uid":"101"},{"id_application_action":"109","action":"109","name":"View Inquiry","uid":"102"},{"id_application_action":"110","action":"110","name":"Create Inquiry","uid":"103"},{"id_application_action":"111","action":"111","name":"Edit Inquiry","uid":"104"},{"id_application_action":"112","action":"112","name":"Delete Inquiry","uid":"105"},{"id_application_action":"113","action":"113","name":"Save\\/Edit Inquiry","uid":"106"},{"id_application_action":"114","action":"114","name":"View Survey \\/ Assessment","uid":"107"},{"id_application_action":"115","action":"115","name":"Create Survey \\/ Assessment","uid":"108"},{"id_application_action":"116","action":"116","name":"Edit Survey \\/ Assessment","uid":"109"},{"id_application_action":"117","action":"117","name":"Delete Survey \\/ Assessment","uid":"110"},{"id_application_action":"118","action":"118","name":"Save\\/Edit Survey \\/ Assessment","uid":"111"},{"id_application_action":"119","action":"119","name":"View Quotation","uid":"112"},{"id_application_action":"120","action":"120","name":"Create Quotation","uid":"113"},{"id_application_action":"121","action":"121","name":"Edit Quotation","uid":"114"},{"id_application_action":"122","action":"122","name":"Delete Quotation","uid":"115"},{"id_application_action":"123","action":"123","name":"Save\\/Edit Quotation","uid":"116"},{"id_application_action":"124","action":"124","name":"View Project Contract","uid":"117"},{"id_application_action":"125","action":"125","name":"Create Project Contract","uid":"118"},{"id_application_action":"126","action":"126","name":"Edit Project Contract","uid":"119"},{"id_application_action":"127","action":"127","name":"Delete Project Contract","uid":"120"},{"id_application_action":"128","action":"128","name":"Save\\/Edit Project Contract","uid":"121"},{"id_application_action":"129","action":"129","name":"View Work Order","uid":"122"},{"id_application_action":"130","action":"130","name":"Create Work Order","uid":"123"},{"id_application_action":"131","action":"131","name":"Edit Work Order","uid":"124"},{"id_application_action":"132","action":"132","name":"Delete Work Order","uid":"125"},{"id_application_action":"133","action":"133","name":"Save\\/Edit Work Order","uid":"126"},{"id_application_action":"134","action":"134","name":"View Assessment Template","uid":"127"},{"id_application_action":"135","action":"135","name":"Create Assessment Template","uid":"128"},{"id_application_action":"136","action":"136","name":"Edit Assessment Template","uid":"129"},{"id_application_action":"137","action":"137","name":"Delete Assessment Template","uid":"130"},{"id_application_action":"138","action":"138","name":"Save\\/Edit Assessment Template","uid":"131"},{"id_application_action":"139","action":"139","name":"View Contract Template","uid":"132"},{"id_application_action":"140","action":"140","name":"Create Contract Template","uid":"133"},{"id_application_action":"141","action":"141","name":"Edit Contract Template","uid":"134"},{"id_application_action":"142","action":"142","name":"Delete Contract Template","uid":"135"},{"id_application_action":"143","action":"143","name":"Save\\/Edit Contract Template","uid":"136"},{"id_application_action":"144","action":"144","name":"View Work Schedule","uid":"137"},{"id_application_action":"145","action":"145","name":"Create Work Schedule","uid":"138"},{"id_application_action":"146","action":"146","name":"Edit Work Schedule","uid":"139"},{"id_application_action":"147","action":"147","name":"Delete Work Schedule","uid":"140"},{"id_application_action":"148","action":"148","name":"Save\\/Edit Work Schedule","uid":"141"},{"id_application_action":"149","action":"149","name":"View SO Assignment","uid":"142"},{"id_application_action":"150","action":"150","name":"Create SO Assignment","uid":"143"},{"id_application_action":"151","action":"151","name":"Edit SO Assignment","uid":"144"},{"id_application_action":"152","action":"152","name":"Delete SO Assignment","uid":"145"},{"id_application_action":"153","action":"153","name":"Save\\/Edit SO Assignment","uid":"146"},{"id_application_action":"154","action":"154","name":"View Shift Change","uid":"147"},{"id_application_action":"155","action":"155","name":"Create Shift Change","uid":"148"},{"id_application_action":"156","action":"156","name":"Edit Shift Change","uid":"149"},{"id_application_action":"157","action":"157","name":"Delete Shift Change","uid":"150"},{"id_application_action":"158","action":"158","name":"Save\\/Edit Shift Change","uid":"151"},{"id_application_action":"159","action":"159","name":"View Leave Application","uid":"152"},{"id_application_action":"160","action":"160","name":"Create Leave Application","uid":"153"},{"id_application_action":"161","action":"161","name":"Edit Leave Application","uid":"154"},{"id_application_action":"162","action":"162","name":"Delete Leave Application","uid":"155"},{"id_application_action":"163","action":"163","name":"Save\\/Edit Leave Application","uid":"156"},{"id_application_action":"164","action":"164","name":"View Timesheet","uid":"157"},{"id_application_action":"165","action":"165","name":"Create Timesheet ","uid":"158"},{"id_application_action":"166","action":"166","name":"Edit Timesheet (Recap)","uid":"159"},{"id_application_action":"167","action":"167","name":"Delete Timesheet (Recap)","uid":"160"},{"id_application_action":"168","action":"168","name":"Save\\/Edit Timesheet (Recap)","uid":"161"},{"id_application_action":"169","action":"169","name":"View SO Timesheet","uid":"162"},{"id_application_action":"170","action":"170","name":"Create SO Timesheet","uid":"163"},{"id_application_action":"171","action":"171","name":"Edit SO Timesheet","uid":"164"},{"id_application_action":"172","action":"172","name":"Delete SO Timesheet","uid":"165"},{"id_application_action":"173","action":"173","name":"Save\\/Edit SO Timesheet","uid":"166"},{"id_application_action":"174","action":"174","name":"View Incident Report","uid":"167"},{"id_application_action":"175","action":"175","name":"Create Incident Report","uid":"168"},{"id_application_action":"176","action":"176","name":"Edit Incident Report","uid":"169"},{"id_application_action":"177","action":"177","name":"Delete Incident Report","uid":"170"},{"id_application_action":"178","action":"178","name":"Save\\/Edit Incident Report","uid":"171"},{"id_application_action":"179","action":"179","name":"View Payroll","uid":"172"},{"id_application_action":"180","action":"180","name":"Create Payroll","uid":"173"},{"id_application_action":"181","action":"181","name":"Edit Payroll","uid":"174"},{"id_application_action":"182","action":"182","name":"Delete Payroll","uid":"175"},{"id_application_action":"183","action":"183","name":"Save\\/Edit Payroll","uid":"176"},{"id_application_action":"184","action":"184","name":"View Supplier Invoice","uid":"177"},{"id_application_action":"185","action":"185","name":"Create Supplier Invoice","uid":"178"},{"id_application_action":"186","action":"186","name":"Edit Supplier Invoice","uid":"179"},{"id_application_action":"187","action":"187","name":"Delete Supplier Invoice","uid":"180"},{"id_application_action":"188","action":"188","name":"Save\\/Edit Supplier Invoice","uid":"181"},{"id_application_action":"189","action":"189","name":"View Customer Invoice","uid":"182"},{"id_application_action":"190","action":"190","name":"Create Customer Invoice","uid":"183"},{"id_application_action":"191","action":"191","name":"Edit Customer Invoice","uid":"184"},{"id_application_action":"192","action":"192","name":"Delete Customer Invoice","uid":"185"},{"id_application_action":"193","action":"193","name":"Save\\/Edit Customer Invoice","uid":"186"},{"id_application_action":"194","action":"194","name":"View Bank Statement","uid":"187"},{"id_application_action":"195","action":"195","name":"Create Bank Statement","uid":"188"},{"id_application_action":"196","action":"196","name":"Edit Bank Statement","uid":"189"},{"id_application_action":"197","action":"197","name":"Delete Bank Statement","uid":"190"},{"id_application_action":"198","action":"198","name":"Save\\/Edit Bank Statement","uid":"191"},{"id_application_action":"199","action":"199","name":"View Cash Register","uid":"192"},{"id_application_action":"200","action":"200","name":"Create Cash Register","uid":"193"},{"id_application_action":"201","action":"201","name":"Edit Cash Register","uid":"194"},{"id_application_action":"202","action":"202","name":"Delete Cash Register","uid":"195"},{"id_application_action":"203","action":"203","name":"Save\\/Edit Cash Register","uid":"196"},{"id_application_action":"204","action":"204","name":"View Tax","uid":"197"},{"id_application_action":"205","action":"205","name":"Create Tax","uid":"198"},{"id_application_action":"206","action":"206","name":"Edit Tax","uid":"199"},{"id_application_action":"207","action":"207","name":"Delete Tax","uid":"200"},{"id_application_action":"208","action":"208","name":"Save\\/Edit Tax","uid":"201"},{"id_application_action":"209","action":"209","name":"View Chart of Account","uid":"202"},{"id_application_action":"210","action":"210","name":"Create Chart of Account","uid":"203"},{"id_application_action":"211","action":"211","name":"Edit Chart of Account","uid":"204"},{"id_application_action":"212","action":"212","name":"Delete Chart of Account","uid":"205"},{"id_application_action":"213","action":"213","name":"Save\\/Edit Chart of Account","uid":"206"},{"id_application_action":"214","action":"214","name":"View Employee Salary","uid":"207"},{"id_application_action":"215","action":"215","name":"Create Employee Salary","uid":"208"},{"id_application_action":"216","action":"216","name":"Edit Employee Salary","uid":"209"},{"id_application_action":"217","action":"217","name":"Delete Employee Salary","uid":"210"},{"id_application_action":"218","action":"218","name":"Save\\/Edit Employee Salary","uid":"211"},{"id_application_action":"219","action":"219","name":"View Salary Setting","uid":"212"},{"id_application_action":"220","action":"220","name":"Create Salary Setting","uid":"213"},{"id_application_action":"221","action":"221","name":"Edit Salary Setting","uid":"214"},{"id_application_action":"222","action":"222","name":"Delete Salary Setting","uid":"215"},{"id_application_action":"223","action":"223","name":"Save\\/Edit Salary Setting","uid":"216"},{"id_application_action":"224","action":"224","name":"View Database Interface","uid":"217"},{"id_application_action":"225","action":"225","name":"Pick Assessment Template","uid":"218"},{"id_application_action":"226","action":"226","name":"View Organisation Structure","uid":"219"},{"id_application_action":"227","action":"227","name":"Create Organisation Structure","uid":"220"},{"id_application_action":"228","action":"228","name":"Edit Organisation Structure","uid":"221"},{"id_application_action":"229","action":"229","name":"Delete Organisation Structure","uid":"222"},{"id_application_action":"230","action":"230","name":"Save\\/Edit Organisation Structure","uid":"223"},{"id_application_action":"231","action":"231","name":"View Position Level","uid":"224"},{"id_application_action":"232","action":"232","name":"Create Position Level","uid":"225"},{"id_application_action":"233","action":"233","name":"Edit Position Level","uid":"226"},{"id_application_action":"234","action":"234","name":"Delete Position Level","uid":"227"},{"id_application_action":"235","action":"235","name":"Save\\/Edit Position Level","uid":"228"},{"id_application_action":"236","action":"236","name":"View Employee Contract Type","uid":"229"},{"id_application_action":"237","action":"237","name":"Create Employee Contract Type","uid":"230"},{"id_application_action":"238","action":"238","name":"Edit Employee Contract Type","uid":"231"},{"id_application_action":"239","action":"239","name":"Delete Employee Contract Type","uid":"232"},{"id_application_action":"240","action":"240","name":"Save\\/Edit Employee Contract","uid":"233"},{"id_application_action":"241","action":"241","name":"View Bank","uid":"234"},{"id_application_action":"242","action":"242","name":"Create Bank","uid":"235"},{"id_application_action":"243","action":"243","name":"Edit Bank","uid":"236"},{"id_application_action":"244","action":"244","name":"Delete Bank","uid":"237"},{"id_application_action":"245","action":"245","name":"Save\\/Edit Bank","uid":"238"},{"id_application_action":"246","action":"246","name":"View Payment Receipt","uid":"239"},{"id_application_action":"247","action":"247","name":"Create Payment Receipt","uid":"240"},{"id_application_action":"248","action":"248","name":"Edit Payment Receipt","uid":"241"},{"id_application_action":"249","action":"249","name":"Save\\/Edit Payment Receipt","uid":"242"},{"id_application_action":"250","action":"250","name":"Delete Payment Receipt","uid":"243"},{"id_application_action":"251","action":"251","name":"Receive Payment From PO","uid":"244"},{"id_application_action":"252","action":"252","name":"Make Payment Receipt","uid":"245"},{"id_application_action":"253","action":"253","name":"Cancel Payment Receipt","uid":"246"},{"id_application_action":"254","action":"254","name":"View Stock Transaction","uid":"247"},{"id_application_action":"255","action":"255","name":"Create Stock Transaction","uid":"248"},{"id_application_action":"256","action":"256","name":"Edit Stock Transaction","uid":"249"},{"id_application_action":"257","action":"257","name":"Delete Stock Transaction","uid":"250"},{"id_application_action":"258","action":"258","name":"Save\\/Edit Stock Transaction","uid":"251"},{"id_application_action":"259","action":"259","name":"Post Stock Transaction","uid":"252"},{"id_application_action":"260","action":"260","name":"Unpost Stock Transaction","uid":"253"},{"id_application_action":"261","action":"261","name":"Transfer Good Receive","uid":"254"},{"id_application_action":"262","action":"262","name":"View Activity","uid":"255"},{"id_application_action":"263","action":"263","name":"Make Working Schedule","uid":"256"},{"id_application_action":"264","action":"264","name":"Validate Inquiry","uid":"257"},{"id_application_action":"265","action":"265","name":"Validate Quotation","uid":"258"},{"id_application_action":"266","action":"266","name":"Validate Sales Order","uid":"259"},{"id_application_action":"267","action":"267","name":"Confirm Sales Order","uid":"260"},{"id_application_action":"268","action":"268","name":"View Fingerprint Device","uid":"261"},{"id_application_action":"269","action":"269","name":"Create Fingerprint Device","uid":"262"},{"id_application_action":"270","action":"270","name":"Edit Fingerprint Device","uid":"263"},{"id_application_action":"271","action":"271","name":"Delete Fingerprint Device","uid":"264"},{"id_application_action":"272","action":"272","name":"Save\\/Edit Fingerprint Device","uid":"265"},{"id_application_action":"273","action":"273","name":"Activate Fingerprint","uid":"266"},{"id_application_action":"274","action":"274","name":"Deactivate Fingerprint","uid":"267"},{"id_application_action":"275","action":"275","name":"View Fingerprint Assign","uid":"268"},{"id_application_action":"276","action":"276","name":"Create Fingerprint Assign","uid":"269"},{"id_application_action":"277","action":"277","name":"Edit Fingerprint Assign","uid":"270"},{"id_application_action":"278","action":"278","name":"Delete Fingerprint Assign","uid":"271"},{"id_application_action":"279","action":"279","name":"Save\\/Edit Fingerprint Assign","uid":"272"},{"id_application_action":"280","action":"280","name":"Make SO Assignment","uid":"273"},{"id_application_action":"281","action":"281","name":"Assign Fingerprint Device","uid":"274"},{"id_application_action":"282","action":"282","name":"Unassign Fingerprint","uid":"275"},{"id_application_action":"283","action":"283","name":"Fingerprint Enroll","uid":"276"},{"id_application_action":"284","action":"284","name":"Save Fingerprint Enroll","uid":"277"},{"id_application_action":"292","action":"292","name":"View BOM","uid":"278"},{"id_application_action":"293","action":"293","name":"Create BOM","uid":"279"},{"id_application_action":"294","action":"294","name":"Edit BOM","uid":"280"},{"id_application_action":"295","action":"295","name":"Delete BOM","uid":"281"},{"id_application_action":"296","action":"296","name":"Save\\/Edit BOM","uid":"282"},{"id_application_action":"297","action":"297","name":"Validate BOM","uid":"283"},{"id_application_action":"298","action":"298","name":"View Join item","uid":"284"},{"id_application_action":"299","action":"299","name":"Create Join Item","uid":"285"},{"id_application_action":"300","action":"300","name":"Edit Join Item","uid":"286"},{"id_application_action":"301","action":"301","name":"Delete Join Item","uid":"287"},{"id_application_action":"302","action":"302","name":"Save\\/Edit Joint Item","uid":"288"},{"id_application_action":"303","action":"303","name":"Transfer Join Item","uid":"289"},{"id_application_action":"304","action":"304","name":"View Group","uid":"290"},{"id_application_action":"305","action":"305","name":"Create Group","uid":"291"},{"id_application_action":"306","action":"306","name":"Edit Group","uid":"292"},{"id_application_action":"307","action":"307","name":"Delete Group","uid":"293"},{"id_application_action":"308","action":"308","name":"Save\\/Edit Group","uid":"294"},{"id_application_action":"309","action":"309","name":"View Configuration Parameter","uid":"295"},{"id_application_action":"310","action":"310","name":"Create Configuration Parameter","uid":"296"},{"id_application_action":"311","action":"311","name":"Edit Configuration Parameter","uid":"297"},{"id_application_action":"312","action":"312","name":"Delete Configuration Parameter","uid":"298"},{"id_application_action":"313","action":"313","name":"Save\\/Edit Configuration Parameter","uid":"299"},{"id_application_action":"314","action":"314","name":"VIew Notification Setting","uid":"300"},{"id_application_action":"315","action":"315","name":"Create Notification Setting","uid":"301"},{"id_application_action":"316","action":"316","name":"Edit Notification Setting","uid":"302"},{"id_application_action":"317","action":"317","name":"Delete Notification Setting","uid":"303"},{"id_application_action":"318","action":"318","name":"Save\\/Edit Notification Setting","uid":"304"},{"id_application_action":"319","action":"319","name":"View Product Definition","uid":"305"},{"id_application_action":"320","action":"320","name":"Create Product Definition","uid":"306"},{"id_application_action":"321","action":"321","name":"Edit Product Definition","uid":"307"},{"id_application_action":"322","action":"322","name":"Delete Product Definition","uid":"308"},{"id_application_action":"323","action":"323","name":"Save\\/Edit Product Definition","uid":"309"},{"id_application_action":"342","action":"342","name":"View Log Error","uid":"310"},{"id_application_action":"343","action":"343","name":"Create Log Error","uid":"311"},{"id_application_action":"344","action":"344","name":"Save \\/ Edit Log Error","uid":"312"},{"id_application_action":"345","action":"345","name":"Edit Log  Error","uid":"313"},{"id_application_action":"346","action":"346","name":"Delete Log Error","uid":"314"},{"id_application_action":"347","action":"347","name":"Copy Record","uid":"315"},{"id_application_action":"347","action":"347","name":"Copy Record","uid":"316"},{"id_application_action":"348","action":"348","name":"View Salary Type","uid":"317"},{"id_application_action":"349","action":"349","name":"Create Salary Type","uid":"318"},{"id_application_action":"350","action":"350","name":"Save \\/ Edit Salary Type","uid":"319"},{"id_application_action":"351","action":"351","name":"Edit Salary Type","uid":"320"},{"id_application_action":"352","action":"352","name":"Create Timesheet","uid":"321"},{"id_application_action":"353","action":"353","name":"View Salary Type","uid":"322"},{"id_application_action":"354","action":"354","name":"View Salary Type","uid":"323"},{"id_application_action":"355","action":"355","name":"Save \\/ Edit Timesheet ","uid":"324"},{"id_application_action":"356","action":"356","name":"View Payroll Periode","uid":"325"},{"id_application_action":"357","action":"357","name":"Create Payroll Periode","uid":"326"},{"id_application_action":"358","action":"358","name":"Save \\/ Edit Log Error","uid":"327"},{"id_application_action":"359","action":"359","name":"Edit Payroll Periode","uid":"328"},{"id_application_action":"360","action":"360","name":"Delete Payroll Periode","uid":"329"},{"id_application_action":"361","action":"361","name":"View Request Overtime","uid":"330"},{"id_application_action":"362","action":"362","name":"Create Request Overtime","uid":"331"},{"id_application_action":"363","action":"363","name":"Save \\/ Edit Overtime","uid":"332"},{"id_application_action":"364","action":"364","name":"Edit Overtime","uid":"333"},{"id_application_action":"365","action":"365","name":"Delete Overtime","uid":"334"},{"id_application_action":"366","action":"366","name":"Validate Overtime","uid":"335"},{"id_application_action":"367","action":"367","name":"View Insentive","uid":"336"},{"id_application_action":"368","action":"368","name":"View Monitoring Timesheet ","uid":"337"},{"id_application_action":"369","action":"369","name":"Create Insentive","uid":"338"},{"id_application_action":"370","action":"370","name":"Save \\/ Edit Insentive","uid":"339"},{"id_application_action":"371","action":"371","name":"Edit Overtime","uid":"340"},{"id_application_action":"372","action":"372","name":"Delete Insentive","uid":"341"},{"id_application_action":"374","action":"374","name":"Edit Timesheet","uid":"342"},{"id_application_action":"375","action":"375","name":"View Recruitment","uid":"343"},{"id_application_action":"376","action":"376","name":"Create Recruitment","uid":"344"},{"id_application_action":"377","action":"377","name":"Save\\/Edit Recruitment","uid":"345"},{"id_application_action":"378","action":"378","name":"Delete Recruitment","uid":"346"},{"id_application_action":"379","action":"379","name":"Edit Recruitment","uid":"347"},{"id_application_action":"380","action":"380","name":"View Request Overtime","uid":"348"},{"id_application_action":"381","action":"381","name":"Create Request Overtime","uid":"349"},{"id_application_action":"382","action":"382","name":"Save\\/Edit Overtime","uid":"350"},{"id_application_action":"383","action":"383","name":"Delete Overtime","uid":"351"},{"id_application_action":"384","action":"384","name":"Edit Overtime","uid":"352"},{"id_application_action":"385","action":"385","name":"Validate Overtime","uid":"353"},{"id_application_action":"386","action":"386","name":"View Insentive","uid":"354"},{"id_application_action":"387","action":"387","name":"Create Request Insentive","uid":"355"},{"id_application_action":"388","action":"388","name":"Save\\/Edit Insentive","uid":"356"},{"id_application_action":"389","action":"389","name":"Delete Insentive","uid":"357"},{"id_application_action":"390","action":"390","name":"Edit Insentive","uid":"358"},{"id_application_action":"391","action":"391","name":"Delete Salary Type","uid":"359"},{"id_application_action":"392","action":"392","name":"Save\\/Edit Payroll Periode","uid":"360"},{"id_application_action":"393","action":"393","name":"View Detail Payroll","uid":"361"},{"id_application_action":"373","name":"Validate Work Order","uid":"362","id":"362"}],"is_edit":"true","id_role":"1"}', '2015-04-04 08:27:39'),
(310, 'Save/Edit Product Definition', 'product_definition', NULL, 2, 'Save/Edit Product Definition', 323, '{"product":"8","organisation_structure":"3","position_level":null}', '2015-04-04 08:33:13'),
(311, 'Save/Edit Inquiry', 'inquiry', NULL, 2, 'Save/Edit Inquiry', 113, '{}', '2015-04-04 08:33:34'),
(312, 'Validate Inquiry', 'inquiry', NULL, 2, 'Validate Inquiry', 264, '{"id_inquiry":"7","status":"open"}', '2015-04-04 08:33:38'),
(313, 'Save/Edit Quotation', 'quotation', NULL, 2, 'Save/Edit Quotation', 123, '{}', '2015-04-04 08:34:30'),
(314, 'Make Working Schedule', 'quotation', NULL, 2, 'Make Working Schedule', 263, '{}', '2015-04-04 08:34:36'),
(315, 'Make Working Schedule', 'quotation', NULL, 2, 'Make Working Schedule', 263, '{}', '2015-04-04 09:00:26'),
(316, 'Save/Edit Work Schedule', 'work_schedule', NULL, 2, 'Save/Edit Work Schedule', 148, '{}', '2015-04-04 09:00:58'),
(317, 'Validate Quotation', 'quotation', NULL, 2, 'Validate Quotation', 265, '{"id_quotation":"6","status":"open"}', '2015-04-04 09:01:26'),
(318, 'Save Sales Order', 'so', NULL, 2, 'Save Sales Order', 76, '{}', '2015-04-04 17:14:47'),
(319, 'Validate Sales Order', 'so', NULL, 2, 'Validate Sales Order', 266, '{"id_so":"4","status":"open"}', '2015-04-04 17:14:58'),
(320, 'Confirm Sales Order', 'so', NULL, 2, 'Confirm Sales Order', 267, '{"id_so":"4","id_work_order":7,"status":"close"}', '2015-04-04 17:15:21');
INSERT INTO `activity_log` (`id_log`, `activity`, `object`, `object_id`, `user`, `description`, `action`, `field_data`, `date_create`) VALUES
(321, 'Save/Edit Role', 'role', NULL, 2, 'Save/Edit Role', 20, '{"name":"administrator","action_detail":[{"id_application_action":"1","action":"1","name":"View Application Action","uid":"0"},{"id_application_action":"2","action":"2","name":"Create Application Action","uid":"1"},{"id_application_action":"3","action":"3","name":"Edit Application Action","uid":"2"},{"id_application_action":"4","action":"4","name":"Delete Application Action","uid":"3"},{"id_application_action":"5","action":"5","name":"View Side Menu","uid":"4"},{"id_application_action":"6","action":"6","name":"Create Side Menu","uid":"5"},{"id_application_action":"7","action":"7","name":"Edit Side Menu","uid":"6"},{"id_application_action":"8","action":"8","name":"Delete Side Menu","uid":"7"},{"id_application_action":"9","action":"9","name":"Save\\/Edit Side Menu","uid":"8"},{"id_application_action":"10","action":"10","name":"Save\\/Edit Action","uid":"9"},{"id_application_action":"11","action":"11","name":"View Division","uid":"10"},{"id_application_action":"12","action":"12","name":"Create Division","uid":"11"},{"id_application_action":"13","action":"13","name":"Save\\/Edit Division","uid":"12"},{"id_application_action":"14","action":"14","name":"Edit Division","uid":"13"},{"id_application_action":"15","action":"15","name":"Delete Division","uid":"14"},{"id_application_action":"16","action":"16","name":"View Role","uid":"15"},{"id_application_action":"17","action":"17","name":"View Create Role","uid":"16"},{"id_application_action":"18","action":"18","name":"View Edit Role","uid":"17"},{"id_application_action":"19","action":"19","name":"Delete Role","uid":"18"},{"id_application_action":"20","action":"20","name":"Save\\/Edit Role","uid":"19"},{"id_application_action":"21","action":"21","name":"View Product","uid":"20"},{"id_application_action":"22","action":"22","name":"Create Product","uid":"21"},{"id_application_action":"23","action":"23","name":"Edit Product","uid":"22"},{"id_application_action":"24","action":"24","name":"Delete Product","uid":"23"},{"id_application_action":"25","action":"25","name":"Save\\/Edit Product","uid":"24"},{"id_application_action":"26","action":"26","name":"View Supplier","uid":"25"},{"id_application_action":"27","action":"27","name":"Create Supplier","uid":"26"},{"id_application_action":"28","action":"28","name":"Edit Supplier","uid":"27"},{"id_application_action":"29","action":"29","name":"Delete Supplier","uid":"28"},{"id_application_action":"30","action":"30","name":"Save\\/Edit Supplier","uid":"29"},{"id_application_action":"31","action":"31","name":"View Product Category","uid":"30"},{"id_application_action":"32","action":"32","name":"Create Product Category","uid":"31"},{"id_application_action":"33","action":"33","name":"Edit Product Category","uid":"32"},{"id_application_action":"34","action":"34","name":"Delete Product Category","uid":"33"},{"id_application_action":"35","action":"35","name":"Save\\/Edit Product Category","uid":"34"},{"id_application_action":"36","action":"36","name":"View Merk","uid":"35"},{"id_application_action":"37","action":"37","name":"Create Merk","uid":"36"},{"id_application_action":"38","action":"38","name":"Edit Merk","uid":"37"},{"id_application_action":"39","action":"39","name":"Delete Merk","uid":"38"},{"id_application_action":"40","action":"40","name":"Save\\/Edit Merk","uid":"39"},{"id_application_action":"41","action":"41","name":"View Customer","uid":"40"},{"id_application_action":"43","action":"43","name":"Create Customer","uid":"41"},{"id_application_action":"44","action":"44","name":"Edit Customer","uid":"42"},{"id_application_action":"45","action":"45","name":"Delete Customer","uid":"43"},{"id_application_action":"46","action":"46","name":"Save\\/Edit Customer","uid":"44"},{"id_application_action":"47","action":"47","name":"View Warehouse","uid":"45"},{"id_application_action":"48","action":"48","name":"Create Warehouse","uid":"46"},{"id_application_action":"49","action":"49","name":"Edit Warehouse","uid":"47"},{"id_application_action":"50","action":"50","name":"Delete Warehouse","uid":"48"},{"id_application_action":"51","action":"51","name":"Save\\/Edit Warehouse","uid":"49"},{"id_application_action":"57","action":"57","name":"View PO","uid":"50"},{"id_application_action":"58","action":"58","name":"Create PO","uid":"51"},{"id_application_action":"59","action":"59","name":"Edit PO","uid":"52"},{"id_application_action":"60","action":"60","name":"Delete PO","uid":"53"},{"id_application_action":"61","action":"61","name":"Save\\/Edit PO","uid":"54"},{"id_application_action":"62","action":"62","name":"View User","uid":"55"},{"id_application_action":"63","action":"63","name":"Create User","uid":"56"},{"id_application_action":"64","action":"64","name":"Edit User","uid":"57"},{"id_application_action":"65","action":"65","name":"Delete User","uid":"58"},{"id_application_action":"66","action":"66","name":"Save\\/Edit User","uid":"59"},{"id_application_action":"67","action":"67","name":"View Good Receive","uid":"60"},{"id_application_action":"68","action":"68","name":"Create Good Receive","uid":"61"},{"id_application_action":"69","action":"69","name":"Edit Good Receive","uid":"62"},{"id_application_action":"70","action":"70","name":"Delete Good Receive","uid":"63"},{"id_application_action":"71","action":"71","name":"Save\\/Edit Good Receive","uid":"64"},{"id_application_action":"72","action":"72","name":"View Sales Order","uid":"65"},{"id_application_action":"73","action":"73","name":"Create Sales Order","uid":"66"},{"id_application_action":"74","action":"74","name":"Edit Sales Order","uid":"67"},{"id_application_action":"75","action":"75","name":"Delete Sales Order","uid":"68"},{"id_application_action":"76","action":"76","name":"Save Sales Order","uid":"69"},{"id_application_action":"77","action":"77","name":"View Material Request","uid":"70"},{"id_application_action":"78","action":"78","name":"Create Material Request","uid":"71"},{"id_application_action":"79","action":"79","name":"Edit Material Request","uid":"72"},{"id_application_action":"80","action":"80","name":"Delete Material Request","uid":"73"},{"id_application_action":"81","action":"81","name":"Save Material Request","uid":"74"},{"id_application_action":"82","action":"82","name":"Change User Password","uid":"75"},{"id_application_action":"83","action":"83","name":"View Delivery Note","uid":"76"},{"id_application_action":"84","action":"84","name":"Create Delivery Note","uid":"77"},{"id_application_action":"85","action":"85","name":"Edit Delivery Note","uid":"78"},{"id_application_action":"86","action":"86","name":"Delete Delivery Note","uid":"79"},{"id_application_action":"87","action":"87","name":"Save\\/Edit Delivery Note","uid":"80"},{"id_application_action":"88","action":"88","name":"View Unit Measure","uid":"81"},{"id_application_action":"89","action":"89","name":"Create Unit Measure","uid":"82"},{"id_application_action":"90","action":"90","name":"Edit Unit Measure","uid":"83"},{"id_application_action":"91","action":"91","name":"Delete Unit Measure","uid":"84"},{"id_application_action":"92","action":"92","name":"Save\\/Edit Unit Measure","uid":"85"},{"id_application_action":"93","action":"93","name":"View Stock","uid":"86"},{"id_application_action":"94","action":"94","name":"View Employee","uid":"87"},{"id_application_action":"95","action":"95","name":"Create Employee","uid":"88"},{"id_application_action":"96","action":"96","name":"Edit Employee","uid":"89"},{"id_application_action":"97","action":"97","name":"Delete Employee","uid":"90"},{"id_application_action":"98","action":"98","name":"Save\\/Edit Employee","uid":"91"},{"id_application_action":"99","action":"99","name":"Validate PO","uid":"92"},{"id_application_action":"100","action":"100","name":"Create Database Interface","uid":"93"},{"id_application_action":"101","action":"101","name":"Edit Database Interface","uid":"94"},{"id_application_action":"102","action":"102","name":"Delete Database Interface","uid":"95"},{"id_application_action":"103","action":"103","name":"Save \\/ Edit Database Interface","uid":"96"},{"id_application_action":"104","action":"104","name":"View Database Field Interface","uid":"97"},{"id_application_action":"105","action":"105","name":"Create Database Field Interface","uid":"98"},{"id_application_action":"106","action":"106","name":"Edit Database Field Interface","uid":"99"},{"id_application_action":"107","action":"107","name":"Delete Database Field Interface","uid":"100"},{"id_application_action":"108","action":"108","name":"Save \\/ Edit Database Field Interface","uid":"101"},{"id_application_action":"109","action":"109","name":"View Inquiry","uid":"102"},{"id_application_action":"110","action":"110","name":"Create Inquiry","uid":"103"},{"id_application_action":"111","action":"111","name":"Edit Inquiry","uid":"104"},{"id_application_action":"112","action":"112","name":"Delete Inquiry","uid":"105"},{"id_application_action":"113","action":"113","name":"Save\\/Edit Inquiry","uid":"106"},{"id_application_action":"114","action":"114","name":"View Survey \\/ Assessment","uid":"107"},{"id_application_action":"115","action":"115","name":"Create Survey \\/ Assessment","uid":"108"},{"id_application_action":"116","action":"116","name":"Edit Survey \\/ Assessment","uid":"109"},{"id_application_action":"117","action":"117","name":"Delete Survey \\/ Assessment","uid":"110"},{"id_application_action":"118","action":"118","name":"Save\\/Edit Survey \\/ Assessment","uid":"111"},{"id_application_action":"119","action":"119","name":"View Quotation","uid":"112"},{"id_application_action":"120","action":"120","name":"Create Quotation","uid":"113"},{"id_application_action":"121","action":"121","name":"Edit Quotation","uid":"114"},{"id_application_action":"122","action":"122","name":"Delete Quotation","uid":"115"},{"id_application_action":"123","action":"123","name":"Save\\/Edit Quotation","uid":"116"},{"id_application_action":"124","action":"124","name":"View Project Contract","uid":"117"},{"id_application_action":"125","action":"125","name":"Create Project Contract","uid":"118"},{"id_application_action":"126","action":"126","name":"Edit Project Contract","uid":"119"},{"id_application_action":"127","action":"127","name":"Delete Project Contract","uid":"120"},{"id_application_action":"128","action":"128","name":"Save\\/Edit Project Contract","uid":"121"},{"id_application_action":"129","action":"129","name":"View Work Order","uid":"122"},{"id_application_action":"130","action":"130","name":"Create Work Order","uid":"123"},{"id_application_action":"131","action":"131","name":"Edit Work Order","uid":"124"},{"id_application_action":"132","action":"132","name":"Delete Work Order","uid":"125"},{"id_application_action":"133","action":"133","name":"Save\\/Edit Work Order","uid":"126"},{"id_application_action":"134","action":"134","name":"View Assessment Template","uid":"127"},{"id_application_action":"135","action":"135","name":"Create Assessment Template","uid":"128"},{"id_application_action":"136","action":"136","name":"Edit Assessment Template","uid":"129"},{"id_application_action":"137","action":"137","name":"Delete Assessment Template","uid":"130"},{"id_application_action":"138","action":"138","name":"Save\\/Edit Assessment Template","uid":"131"},{"id_application_action":"139","action":"139","name":"View Contract Template","uid":"132"},{"id_application_action":"140","action":"140","name":"Create Contract Template","uid":"133"},{"id_application_action":"141","action":"141","name":"Edit Contract Template","uid":"134"},{"id_application_action":"142","action":"142","name":"Delete Contract Template","uid":"135"},{"id_application_action":"143","action":"143","name":"Save\\/Edit Contract Template","uid":"136"},{"id_application_action":"144","action":"144","name":"View Work Schedule","uid":"137"},{"id_application_action":"145","action":"145","name":"Create Work Schedule","uid":"138"},{"id_application_action":"146","action":"146","name":"Edit Work Schedule","uid":"139"},{"id_application_action":"147","action":"147","name":"Delete Work Schedule","uid":"140"},{"id_application_action":"148","action":"148","name":"Save\\/Edit Work Schedule","uid":"141"},{"id_application_action":"149","action":"149","name":"View SO Assignment","uid":"142"},{"id_application_action":"150","action":"150","name":"Create SO Assignment","uid":"143"},{"id_application_action":"151","action":"151","name":"Edit SO Assignment","uid":"144"},{"id_application_action":"152","action":"152","name":"Delete SO Assignment","uid":"145"},{"id_application_action":"153","action":"153","name":"Save\\/Edit SO Assignment","uid":"146"},{"id_application_action":"154","action":"154","name":"View Shift Change","uid":"147"},{"id_application_action":"155","action":"155","name":"Create Shift Change","uid":"148"},{"id_application_action":"156","action":"156","name":"Edit Shift Change","uid":"149"},{"id_application_action":"157","action":"157","name":"Delete Shift Change","uid":"150"},{"id_application_action":"158","action":"158","name":"Save\\/Edit Shift Change","uid":"151"},{"id_application_action":"159","action":"159","name":"View Leave Application","uid":"152"},{"id_application_action":"160","action":"160","name":"Create Leave Application","uid":"153"},{"id_application_action":"161","action":"161","name":"Edit Leave Application","uid":"154"},{"id_application_action":"162","action":"162","name":"Delete Leave Application","uid":"155"},{"id_application_action":"163","action":"163","name":"Save\\/Edit Leave Application","uid":"156"},{"id_application_action":"164","action":"164","name":"View Timesheet","uid":"157"},{"id_application_action":"165","action":"165","name":"Create Timesheet ","uid":"158"},{"id_application_action":"166","action":"166","name":"Edit Timesheet (Recap)","uid":"159"},{"id_application_action":"167","action":"167","name":"Delete Timesheet (Recap)","uid":"160"},{"id_application_action":"168","action":"168","name":"Save\\/Edit Timesheet (Recap)","uid":"161"},{"id_application_action":"169","action":"169","name":"View SO Timesheet","uid":"162"},{"id_application_action":"170","action":"170","name":"Create SO Timesheet","uid":"163"},{"id_application_action":"171","action":"171","name":"Edit SO Timesheet","uid":"164"},{"id_application_action":"172","action":"172","name":"Delete SO Timesheet","uid":"165"},{"id_application_action":"173","action":"173","name":"Save\\/Edit SO Timesheet","uid":"166"},{"id_application_action":"174","action":"174","name":"View Incident Report","uid":"167"},{"id_application_action":"175","action":"175","name":"Create Incident Report","uid":"168"},{"id_application_action":"176","action":"176","name":"Edit Incident Report","uid":"169"},{"id_application_action":"177","action":"177","name":"Delete Incident Report","uid":"170"},{"id_application_action":"178","action":"178","name":"Save\\/Edit Incident Report","uid":"171"},{"id_application_action":"179","action":"179","name":"View Payroll","uid":"172"},{"id_application_action":"180","action":"180","name":"Create Payroll","uid":"173"},{"id_application_action":"181","action":"181","name":"Edit Payroll","uid":"174"},{"id_application_action":"182","action":"182","name":"Delete Payroll","uid":"175"},{"id_application_action":"183","action":"183","name":"Save\\/Edit Payroll","uid":"176"},{"id_application_action":"184","action":"184","name":"View Supplier Invoice","uid":"177"},{"id_application_action":"185","action":"185","name":"Create Supplier Invoice","uid":"178"},{"id_application_action":"186","action":"186","name":"Edit Supplier Invoice","uid":"179"},{"id_application_action":"187","action":"187","name":"Delete Supplier Invoice","uid":"180"},{"id_application_action":"188","action":"188","name":"Save\\/Edit Supplier Invoice","uid":"181"},{"id_application_action":"189","action":"189","name":"View Customer Invoice","uid":"182"},{"id_application_action":"190","action":"190","name":"Create Customer Invoice","uid":"183"},{"id_application_action":"191","action":"191","name":"Edit Customer Invoice","uid":"184"},{"id_application_action":"192","action":"192","name":"Delete Customer Invoice","uid":"185"},{"id_application_action":"193","action":"193","name":"Save\\/Edit Customer Invoice","uid":"186"},{"id_application_action":"194","action":"194","name":"View Bank Statement","uid":"187"},{"id_application_action":"195","action":"195","name":"Create Bank Statement","uid":"188"},{"id_application_action":"196","action":"196","name":"Edit Bank Statement","uid":"189"},{"id_application_action":"197","action":"197","name":"Delete Bank Statement","uid":"190"},{"id_application_action":"198","action":"198","name":"Save\\/Edit Bank Statement","uid":"191"},{"id_application_action":"199","action":"199","name":"View Cash Register","uid":"192"},{"id_application_action":"200","action":"200","name":"Create Cash Register","uid":"193"},{"id_application_action":"201","action":"201","name":"Edit Cash Register","uid":"194"},{"id_application_action":"202","action":"202","name":"Delete Cash Register","uid":"195"},{"id_application_action":"203","action":"203","name":"Save\\/Edit Cash Register","uid":"196"},{"id_application_action":"204","action":"204","name":"View Tax","uid":"197"},{"id_application_action":"205","action":"205","name":"Create Tax","uid":"198"},{"id_application_action":"206","action":"206","name":"Edit Tax","uid":"199"},{"id_application_action":"207","action":"207","name":"Delete Tax","uid":"200"},{"id_application_action":"208","action":"208","name":"Save\\/Edit Tax","uid":"201"},{"id_application_action":"209","action":"209","name":"View Chart of Account","uid":"202"},{"id_application_action":"210","action":"210","name":"Create Chart of Account","uid":"203"},{"id_application_action":"211","action":"211","name":"Edit Chart of Account","uid":"204"},{"id_application_action":"212","action":"212","name":"Delete Chart of Account","uid":"205"},{"id_application_action":"213","action":"213","name":"Save\\/Edit Chart of Account","uid":"206"},{"id_application_action":"214","action":"214","name":"View Employee Salary","uid":"207"},{"id_application_action":"215","action":"215","name":"Create Employee Salary","uid":"208"},{"id_application_action":"216","action":"216","name":"Edit Employee Salary","uid":"209"},{"id_application_action":"217","action":"217","name":"Delete Employee Salary","uid":"210"},{"id_application_action":"218","action":"218","name":"Save\\/Edit Employee Salary","uid":"211"},{"id_application_action":"219","action":"219","name":"View Salary Setting","uid":"212"},{"id_application_action":"220","action":"220","name":"Create Salary Setting","uid":"213"},{"id_application_action":"221","action":"221","name":"Edit Salary Setting","uid":"214"},{"id_application_action":"222","action":"222","name":"Delete Salary Setting","uid":"215"},{"id_application_action":"223","action":"223","name":"Save\\/Edit Salary Setting","uid":"216"},{"id_application_action":"224","action":"224","name":"View Database Interface","uid":"217"},{"id_application_action":"225","action":"225","name":"Pick Assessment Template","uid":"218"},{"id_application_action":"226","action":"226","name":"View Organisation Structure","uid":"219"},{"id_application_action":"227","action":"227","name":"Create Organisation Structure","uid":"220"},{"id_application_action":"228","action":"228","name":"Edit Organisation Structure","uid":"221"},{"id_application_action":"229","action":"229","name":"Delete Organisation Structure","uid":"222"},{"id_application_action":"230","action":"230","name":"Save\\/Edit Organisation Structure","uid":"223"},{"id_application_action":"231","action":"231","name":"View Position Level","uid":"224"},{"id_application_action":"232","action":"232","name":"Create Position Level","uid":"225"},{"id_application_action":"233","action":"233","name":"Edit Position Level","uid":"226"},{"id_application_action":"234","action":"234","name":"Delete Position Level","uid":"227"},{"id_application_action":"235","action":"235","name":"Save\\/Edit Position Level","uid":"228"},{"id_application_action":"236","action":"236","name":"View Employee Contract Type","uid":"229"},{"id_application_action":"237","action":"237","name":"Create Employee Contract Type","uid":"230"},{"id_application_action":"238","action":"238","name":"Edit Employee Contract Type","uid":"231"},{"id_application_action":"239","action":"239","name":"Delete Employee Contract Type","uid":"232"},{"id_application_action":"240","action":"240","name":"Save\\/Edit Employee Contract","uid":"233"},{"id_application_action":"241","action":"241","name":"View Bank","uid":"234"},{"id_application_action":"242","action":"242","name":"Create Bank","uid":"235"},{"id_application_action":"243","action":"243","name":"Edit Bank","uid":"236"},{"id_application_action":"244","action":"244","name":"Delete Bank","uid":"237"},{"id_application_action":"245","action":"245","name":"Save\\/Edit Bank","uid":"238"},{"id_application_action":"246","action":"246","name":"View Payment Receipt","uid":"239"},{"id_application_action":"247","action":"247","name":"Create Payment Receipt","uid":"240"},{"id_application_action":"248","action":"248","name":"Edit Payment Receipt","uid":"241"},{"id_application_action":"249","action":"249","name":"Save\\/Edit Payment Receipt","uid":"242"},{"id_application_action":"250","action":"250","name":"Delete Payment Receipt","uid":"243"},{"id_application_action":"251","action":"251","name":"Receive Payment From PO","uid":"244"},{"id_application_action":"252","action":"252","name":"Make Payment Receipt","uid":"245"},{"id_application_action":"253","action":"253","name":"Cancel Payment Receipt","uid":"246"},{"id_application_action":"254","action":"254","name":"View Stock Transaction","uid":"247"},{"id_application_action":"255","action":"255","name":"Create Stock Transaction","uid":"248"},{"id_application_action":"256","action":"256","name":"Edit Stock Transaction","uid":"249"},{"id_application_action":"257","action":"257","name":"Delete Stock Transaction","uid":"250"},{"id_application_action":"258","action":"258","name":"Save\\/Edit Stock Transaction","uid":"251"},{"id_application_action":"259","action":"259","name":"Post Stock Transaction","uid":"252"},{"id_application_action":"260","action":"260","name":"Unpost Stock Transaction","uid":"253"},{"id_application_action":"261","action":"261","name":"Transfer Good Receive","uid":"254"},{"id_application_action":"262","action":"262","name":"View Activity","uid":"255"},{"id_application_action":"263","action":"263","name":"Make Working Schedule","uid":"256"},{"id_application_action":"264","action":"264","name":"Validate Inquiry","uid":"257"},{"id_application_action":"265","action":"265","name":"Validate Quotation","uid":"258"},{"id_application_action":"266","action":"266","name":"Validate Sales Order","uid":"259"},{"id_application_action":"267","action":"267","name":"Confirm Sales Order","uid":"260"},{"id_application_action":"268","action":"268","name":"View Fingerprint Device","uid":"261"},{"id_application_action":"269","action":"269","name":"Create Fingerprint Device","uid":"262"},{"id_application_action":"270","action":"270","name":"Edit Fingerprint Device","uid":"263"},{"id_application_action":"271","action":"271","name":"Delete Fingerprint Device","uid":"264"},{"id_application_action":"272","action":"272","name":"Save\\/Edit Fingerprint Device","uid":"265"},{"id_application_action":"273","action":"273","name":"Activate Fingerprint","uid":"266"},{"id_application_action":"274","action":"274","name":"Deactivate Fingerprint","uid":"267"},{"id_application_action":"275","action":"275","name":"View Fingerprint Assign","uid":"268"},{"id_application_action":"276","action":"276","name":"Create Fingerprint Assign","uid":"269"},{"id_application_action":"277","action":"277","name":"Edit Fingerprint Assign","uid":"270"},{"id_application_action":"278","action":"278","name":"Delete Fingerprint Assign","uid":"271"},{"id_application_action":"279","action":"279","name":"Save\\/Edit Fingerprint Assign","uid":"272"},{"id_application_action":"280","action":"280","name":"Make SO Assignment","uid":"273"},{"id_application_action":"281","action":"281","name":"Assign Fingerprint Device","uid":"274"},{"id_application_action":"282","action":"282","name":"Unassign Fingerprint","uid":"275"},{"id_application_action":"283","action":"283","name":"Fingerprint Enroll","uid":"276"},{"id_application_action":"284","action":"284","name":"Save Fingerprint Enroll","uid":"277"},{"id_application_action":"292","action":"292","name":"View BOM","uid":"278"},{"id_application_action":"293","action":"293","name":"Create BOM","uid":"279"},{"id_application_action":"294","action":"294","name":"Edit BOM","uid":"280"},{"id_application_action":"295","action":"295","name":"Delete BOM","uid":"281"},{"id_application_action":"296","action":"296","name":"Save\\/Edit BOM","uid":"282"},{"id_application_action":"297","action":"297","name":"Validate BOM","uid":"283"},{"id_application_action":"298","action":"298","name":"View Join item","uid":"284"},{"id_application_action":"299","action":"299","name":"Create Join Item","uid":"285"},{"id_application_action":"300","action":"300","name":"Edit Join Item","uid":"286"},{"id_application_action":"301","action":"301","name":"Delete Join Item","uid":"287"},{"id_application_action":"302","action":"302","name":"Save\\/Edit Joint Item","uid":"288"},{"id_application_action":"303","action":"303","name":"Transfer Join Item","uid":"289"},{"id_application_action":"304","action":"304","name":"View Group","uid":"290"},{"id_application_action":"305","action":"305","name":"Create Group","uid":"291"},{"id_application_action":"306","action":"306","name":"Edit Group","uid":"292"},{"id_application_action":"307","action":"307","name":"Delete Group","uid":"293"},{"id_application_action":"308","action":"308","name":"Save\\/Edit Group","uid":"294"},{"id_application_action":"309","action":"309","name":"View Configuration Parameter","uid":"295"},{"id_application_action":"310","action":"310","name":"Create Configuration Parameter","uid":"296"},{"id_application_action":"311","action":"311","name":"Edit Configuration Parameter","uid":"297"},{"id_application_action":"312","action":"312","name":"Delete Configuration Parameter","uid":"298"},{"id_application_action":"313","action":"313","name":"Save\\/Edit Configuration Parameter","uid":"299"},{"id_application_action":"314","action":"314","name":"VIew Notification Setting","uid":"300"},{"id_application_action":"315","action":"315","name":"Create Notification Setting","uid":"301"},{"id_application_action":"316","action":"316","name":"Edit Notification Setting","uid":"302"},{"id_application_action":"317","action":"317","name":"Delete Notification Setting","uid":"303"},{"id_application_action":"318","action":"318","name":"Save\\/Edit Notification Setting","uid":"304"},{"id_application_action":"319","action":"319","name":"View Product Definition","uid":"305"},{"id_application_action":"320","action":"320","name":"Create Product Definition","uid":"306"},{"id_application_action":"321","action":"321","name":"Edit Product Definition","uid":"307"},{"id_application_action":"322","action":"322","name":"Delete Product Definition","uid":"308"},{"id_application_action":"323","action":"323","name":"Save\\/Edit Product Definition","uid":"309"},{"id_application_action":"342","action":"342","name":"View Log Error","uid":"310"},{"id_application_action":"343","action":"343","name":"Create Log Error","uid":"311"},{"id_application_action":"344","action":"344","name":"Save \\/ Edit Log Error","uid":"312"},{"id_application_action":"345","action":"345","name":"Edit Log  Error","uid":"313"},{"id_application_action":"346","action":"346","name":"Delete Log Error","uid":"314"},{"id_application_action":"347","action":"347","name":"Copy Record","uid":"315"},{"id_application_action":"347","action":"347","name":"Copy Record","uid":"316"},{"id_application_action":"348","action":"348","name":"View Salary Type","uid":"317"},{"id_application_action":"349","action":"349","name":"Create Salary Type","uid":"318"},{"id_application_action":"350","action":"350","name":"Save \\/ Edit Salary Type","uid":"319"},{"id_application_action":"351","action":"351","name":"Edit Salary Type","uid":"320"},{"id_application_action":"352","action":"352","name":"Create Timesheet","uid":"321"},{"id_application_action":"353","action":"353","name":"View Salary Type","uid":"322"},{"id_application_action":"354","action":"354","name":"View Salary Type","uid":"323"},{"id_application_action":"355","action":"355","name":"Save \\/ Edit Timesheet ","uid":"324"},{"id_application_action":"356","action":"356","name":"View Payroll Periode","uid":"325"},{"id_application_action":"357","action":"357","name":"Create Payroll Periode","uid":"326"},{"id_application_action":"358","action":"358","name":"Save \\/ Edit Log Error","uid":"327"},{"id_application_action":"359","action":"359","name":"Edit Payroll Periode","uid":"328"},{"id_application_action":"360","action":"360","name":"Delete Payroll Periode","uid":"329"},{"id_application_action":"361","action":"361","name":"View Request Overtime","uid":"330"},{"id_application_action":"362","action":"362","name":"Create Request Overtime","uid":"331"},{"id_application_action":"363","action":"363","name":"Save \\/ Edit Overtime","uid":"332"},{"id_application_action":"364","action":"364","name":"Edit Overtime","uid":"333"},{"id_application_action":"365","action":"365","name":"Delete Overtime","uid":"334"},{"id_application_action":"366","action":"366","name":"Validate Overtime","uid":"335"},{"id_application_action":"367","action":"367","name":"View Insentive","uid":"336"},{"id_application_action":"368","action":"368","name":"View Monitoring Timesheet ","uid":"337"},{"id_application_action":"369","action":"369","name":"Create Insentive","uid":"338"},{"id_application_action":"370","action":"370","name":"Save \\/ Edit Insentive","uid":"339"},{"id_application_action":"371","action":"371","name":"Edit Overtime","uid":"340"},{"id_application_action":"372","action":"372","name":"Delete Insentive","uid":"341"},{"id_application_action":"373","action":"373","name":"Validate Work Order","uid":"342"},{"id_application_action":"374","action":"374","name":"Edit Timesheet","uid":"343"},{"id_application_action":"375","action":"375","name":"View Recruitment","uid":"344"},{"id_application_action":"376","action":"376","name":"Create Recruitment","uid":"345"},{"id_application_action":"377","action":"377","name":"Save\\/Edit Recruitment","uid":"346"},{"id_application_action":"378","action":"378","name":"Delete Recruitment","uid":"347"},{"id_application_action":"379","action":"379","name":"Edit Recruitment","uid":"348"},{"id_application_action":"380","action":"380","name":"View Request Overtime","uid":"349"},{"id_application_action":"381","action":"381","name":"Create Request Overtime","uid":"350"},{"id_application_action":"382","action":"382","name":"Save\\/Edit Overtime","uid":"351"},{"id_application_action":"383","action":"383","name":"Delete Overtime","uid":"352"},{"id_application_action":"384","action":"384","name":"Edit Overtime","uid":"353"},{"id_application_action":"385","action":"385","name":"Validate Overtime","uid":"354"},{"id_application_action":"386","action":"386","name":"View Insentive","uid":"355"},{"id_application_action":"387","action":"387","name":"Create Request Insentive","uid":"356"},{"id_application_action":"388","action":"388","name":"Save\\/Edit Insentive","uid":"357"},{"id_application_action":"389","action":"389","name":"Delete Insentive","uid":"358"},{"id_application_action":"390","action":"390","name":"Edit Insentive","uid":"359"},{"id_application_action":"391","action":"391","name":"Delete Salary Type","uid":"360"},{"id_application_action":"392","action":"392","name":"Save\\/Edit Payroll Periode","uid":"361"},{"id_application_action":"393","action":"393","name":"View Detail Payroll","uid":"362"},{"id_application_action":"398","name":"View Detail Customer","uid":"363","id":"363"},{"id_application_action":"397","name":"View Detail Work Order","uid":"364","id":"364"},{"id_application_action":"396","name":"View Detail Sales Order","uid":"365","id":"365"},{"id_application_action":"395","name":"View Detail Quotation","uid":"366","id":"366"},{"id_application_action":"394","name":"View Detail Inquiry","uid":"367","id":"367"},{"id_application_action":"399","name":"View Detail Product Definition","uid":"368","id":"368"}],"is_edit":"true","id_role":"1"}', '2015-04-04 19:10:52'),
(322, 'Save/Edit Quotation', 'quotation', NULL, 2, 'Save/Edit Quotation', 123, '{}', '2015-04-05 07:38:01'),
(323, 'Save/Edit Inquiry', 'inquiry', NULL, 2, 'Save/Edit Inquiry', 113, '{}', '2015-04-05 13:32:09'),
(324, 'Validate Inquiry', 'inquiry', NULL, 2, 'Validate Inquiry', 264, '{"id_inquiry":"8","status":"open"}', '2015-04-05 13:32:21'),
(325, 'Save/Edit Quotation', 'quotation', NULL, 2, 'Save/Edit Quotation', 123, '{}', '2015-04-05 13:32:46'),
(326, 'Make Working Schedule', 'quotation', NULL, 2, 'Make Working Schedule', 263, '{}', '2015-04-05 13:32:51'),
(327, 'Save/Edit Work Schedule', 'work_schedule', NULL, 2, 'Save/Edit Work Schedule', 148, '{}', '2015-04-05 13:33:28'),
(328, 'Validate Quotation', 'quotation', NULL, 2, 'Validate Quotation', 265, '{"id_quotation":"8","status":"open"}', '2015-04-05 13:33:39'),
(329, 'Save Sales Order', 'so', NULL, 2, 'Save Sales Order', 76, '{}', '2015-04-05 13:34:12'),
(330, 'Validate Sales Order', 'so', NULL, 2, 'Validate Sales Order', 266, '{"id_so":"5","status":"open"}', '2015-04-05 13:35:42'),
(331, 'Confirm Sales Order', 'so', NULL, 2, 'Confirm Sales Order', 267, '{"id_so":"5","id_work_order":8,"status":"close"}', '2015-04-05 13:35:43'),
(332, 'Save/Edit Action', 'action', NULL, 2, 'Save/Edit Action', 10, '{"name":"View Monitoring Timesheet ","uname":"view_monitoring_timesheet","controller":"timesheet","function_exec":"","function_args":"","view_type":"gridview","view_file":"monitoring_timesheet_list","prefix":"","action_type":"view","action_button":"no_button","target_action":"","use_log":"0","is_edit":"true","id_edit":"368"}', '2015-04-06 17:21:42'),
(333, 'Save/Edit Action', 'action', NULL, 2, 'Save/Edit Action', 10, '{"name":"View Monitoring Timesheet ","uname":"view_monitoring_timesheet","controller":"timesheet","function_exec":"","function_args":"","view_type":"gridview","view_file":"monitoring_timesheet_list","prefix":"","action_type":"view","action_button":"no_button","target_action":"","use_log":"0","is_edit":"true","id_edit":"368"}', '2015-04-06 17:22:01'),
(334, 'Save/Edit Side Menu', 'side_menu', NULL, 2, 'Save/Edit Side Menu', 9, '{}', '2015-04-06 17:39:48'),
(335, 'Save/Edit Employee', 'employee', NULL, 2, 'Save/Edit Employee', 98, '{}', '2015-04-07 01:30:15'),
(336, 'Save/Edit Action', 'action', NULL, 2, 'Save/Edit Action', 10, '{"name":"View Monitoring Timesheet ","uname":"view_monitoring_timesheet","controller":"timesheet","function_exec":"","function_args":"","view_type":"gridview","view_file":"monitoring_timesheet_list","prefix":"","action_type":"view","action_button":"view_detail","target_action":"","use_log":"0","is_edit":"true","id_edit":"368"}', '2015-04-07 01:31:26'),
(337, 'Save/Edit Side Menu', 'side_menu', NULL, 2, 'Save/Edit Side Menu', 9, '{}', '2015-04-07 20:27:36'),
(338, 'Save/Edit Inquiry', 'inquiry', NULL, 2, 'Save/Edit Inquiry', 113, '{}', '2015-04-07 21:31:38'),
(339, 'Validate Inquiry', 'inquiry', NULL, 2, 'Validate Inquiry', 264, '{"id_inquiry":"9","status":"open"}', '2015-04-07 21:31:53'),
(340, 'Save/Edit Quotation', 'quotation', NULL, 2, 'Save/Edit Quotation', 123, '{}', '2015-04-07 21:32:34'),
(341, 'Make Working Schedule', 'quotation', NULL, 2, 'Make Working Schedule', 263, '{}', '2015-04-07 21:32:45'),
(342, 'Save/Edit Work Schedule', 'work_schedule', NULL, 2, 'Save/Edit Work Schedule', 148, '{}', '2015-04-07 21:33:09'),
(343, 'Save/Edit Product Definition', 'product_definition', NULL, 2, 'Save/Edit Product Definition', 323, '{"product":"4","organisation_structure":"11","position_level":null}', '2015-04-07 21:34:34'),
(344, 'Save/Edit Product Definition', 'product_definition', NULL, 2, 'Save/Edit Product Definition', 323, '{"product":"4","organisation_structure":"11","position_level":null}', '2015-04-07 21:34:38'),
(345, 'Save/Edit Action', 'action', NULL, 2, 'Save/Edit Action', 10, '{"name":"VIew Timesheet Device Log","uname":"view_timesheet_device_log","controller":"timesheet","function_exec":"view_timesheet_device_log","function_args":"","view_type":"gridview","view_file":"timesheet_device_log","prefix":"","action_type":"view","action_button":"no_button","target_action":"","use_log":"0","is_edit":"false","id_edit":""}', '2015-04-07 21:40:08'),
(346, 'Save/Edit Action', 'action', NULL, 2, 'Save/Edit Action', 10, '{"name":"View Timesheet Device Log","uname":"view_timesheet_device_log","controller":"timesheet","function_exec":"view_timesheet_device_log","function_args":"","view_type":"gridview","view_file":"timesheet_device_log","prefix":"","action_type":"view","action_button":"no_button","target_action":"","use_log":"0","is_edit":"true","id_edit":"400"}', '2015-04-07 21:40:19');
INSERT INTO `activity_log` (`id_log`, `activity`, `object`, `object_id`, `user`, `description`, `action`, `field_data`, `date_create`) VALUES
(347, 'Save/Edit Role', 'role', NULL, 2, 'Save/Edit Role', 20, '{"name":"administrator","action_detail":[{"id_application_action":"1","action":"1","name":"View Application Action","uid":"0"},{"id_application_action":"2","action":"2","name":"Create Application Action","uid":"1"},{"id_application_action":"3","action":"3","name":"Edit Application Action","uid":"2"},{"id_application_action":"4","action":"4","name":"Delete Application Action","uid":"3"},{"id_application_action":"5","action":"5","name":"View Side Menu","uid":"4"},{"id_application_action":"6","action":"6","name":"Create Side Menu","uid":"5"},{"id_application_action":"7","action":"7","name":"Edit Side Menu","uid":"6"},{"id_application_action":"8","action":"8","name":"Delete Side Menu","uid":"7"},{"id_application_action":"9","action":"9","name":"Save\\/Edit Side Menu","uid":"8"},{"id_application_action":"10","action":"10","name":"Save\\/Edit Action","uid":"9"},{"id_application_action":"11","action":"11","name":"View Division","uid":"10"},{"id_application_action":"12","action":"12","name":"Create Division","uid":"11"},{"id_application_action":"13","action":"13","name":"Save\\/Edit Division","uid":"12"},{"id_application_action":"14","action":"14","name":"Edit Division","uid":"13"},{"id_application_action":"15","action":"15","name":"Delete Division","uid":"14"},{"id_application_action":"16","action":"16","name":"View Role","uid":"15"},{"id_application_action":"17","action":"17","name":"View Create Role","uid":"16"},{"id_application_action":"18","action":"18","name":"View Edit Role","uid":"17"},{"id_application_action":"19","action":"19","name":"Delete Role","uid":"18"},{"id_application_action":"20","action":"20","name":"Save\\/Edit Role","uid":"19"},{"id_application_action":"21","action":"21","name":"View Product","uid":"20"},{"id_application_action":"22","action":"22","name":"Create Product","uid":"21"},{"id_application_action":"23","action":"23","name":"Edit Product","uid":"22"},{"id_application_action":"24","action":"24","name":"Delete Product","uid":"23"},{"id_application_action":"25","action":"25","name":"Save\\/Edit Product","uid":"24"},{"id_application_action":"26","action":"26","name":"View Supplier","uid":"25"},{"id_application_action":"27","action":"27","name":"Create Supplier","uid":"26"},{"id_application_action":"28","action":"28","name":"Edit Supplier","uid":"27"},{"id_application_action":"29","action":"29","name":"Delete Supplier","uid":"28"},{"id_application_action":"30","action":"30","name":"Save\\/Edit Supplier","uid":"29"},{"id_application_action":"31","action":"31","name":"View Product Category","uid":"30"},{"id_application_action":"32","action":"32","name":"Create Product Category","uid":"31"},{"id_application_action":"33","action":"33","name":"Edit Product Category","uid":"32"},{"id_application_action":"34","action":"34","name":"Delete Product Category","uid":"33"},{"id_application_action":"35","action":"35","name":"Save\\/Edit Product Category","uid":"34"},{"id_application_action":"36","action":"36","name":"View Merk","uid":"35"},{"id_application_action":"37","action":"37","name":"Create Merk","uid":"36"},{"id_application_action":"38","action":"38","name":"Edit Merk","uid":"37"},{"id_application_action":"39","action":"39","name":"Delete Merk","uid":"38"},{"id_application_action":"40","action":"40","name":"Save\\/Edit Merk","uid":"39"},{"id_application_action":"41","action":"41","name":"View Customer","uid":"40"},{"id_application_action":"43","action":"43","name":"Create Customer","uid":"41"},{"id_application_action":"44","action":"44","name":"Edit Customer","uid":"42"},{"id_application_action":"45","action":"45","name":"Delete Customer","uid":"43"},{"id_application_action":"46","action":"46","name":"Save\\/Edit Customer","uid":"44"},{"id_application_action":"47","action":"47","name":"View Warehouse","uid":"45"},{"id_application_action":"48","action":"48","name":"Create Warehouse","uid":"46"},{"id_application_action":"49","action":"49","name":"Edit Warehouse","uid":"47"},{"id_application_action":"50","action":"50","name":"Delete Warehouse","uid":"48"},{"id_application_action":"51","action":"51","name":"Save\\/Edit Warehouse","uid":"49"},{"id_application_action":"57","action":"57","name":"View PO","uid":"50"},{"id_application_action":"58","action":"58","name":"Create PO","uid":"51"},{"id_application_action":"59","action":"59","name":"Edit PO","uid":"52"},{"id_application_action":"60","action":"60","name":"Delete PO","uid":"53"},{"id_application_action":"61","action":"61","name":"Save\\/Edit PO","uid":"54"},{"id_application_action":"62","action":"62","name":"View User","uid":"55"},{"id_application_action":"63","action":"63","name":"Create User","uid":"56"},{"id_application_action":"64","action":"64","name":"Edit User","uid":"57"},{"id_application_action":"65","action":"65","name":"Delete User","uid":"58"},{"id_application_action":"66","action":"66","name":"Save\\/Edit User","uid":"59"},{"id_application_action":"67","action":"67","name":"View Good Receive","uid":"60"},{"id_application_action":"68","action":"68","name":"Create Good Receive","uid":"61"},{"id_application_action":"69","action":"69","name":"Edit Good Receive","uid":"62"},{"id_application_action":"70","action":"70","name":"Delete Good Receive","uid":"63"},{"id_application_action":"71","action":"71","name":"Save\\/Edit Good Receive","uid":"64"},{"id_application_action":"72","action":"72","name":"View Sales Order","uid":"65"},{"id_application_action":"73","action":"73","name":"Create Sales Order","uid":"66"},{"id_application_action":"74","action":"74","name":"Edit Sales Order","uid":"67"},{"id_application_action":"75","action":"75","name":"Delete Sales Order","uid":"68"},{"id_application_action":"76","action":"76","name":"Save Sales Order","uid":"69"},{"id_application_action":"77","action":"77","name":"View Material Request","uid":"70"},{"id_application_action":"78","action":"78","name":"Create Material Request","uid":"71"},{"id_application_action":"79","action":"79","name":"Edit Material Request","uid":"72"},{"id_application_action":"80","action":"80","name":"Delete Material Request","uid":"73"},{"id_application_action":"81","action":"81","name":"Save Material Request","uid":"74"},{"id_application_action":"82","action":"82","name":"Change User Password","uid":"75"},{"id_application_action":"83","action":"83","name":"View Delivery Note","uid":"76"},{"id_application_action":"84","action":"84","name":"Create Delivery Note","uid":"77"},{"id_application_action":"85","action":"85","name":"Edit Delivery Note","uid":"78"},{"id_application_action":"86","action":"86","name":"Delete Delivery Note","uid":"79"},{"id_application_action":"87","action":"87","name":"Save\\/Edit Delivery Note","uid":"80"},{"id_application_action":"88","action":"88","name":"View Unit Measure","uid":"81"},{"id_application_action":"89","action":"89","name":"Create Unit Measure","uid":"82"},{"id_application_action":"90","action":"90","name":"Edit Unit Measure","uid":"83"},{"id_application_action":"91","action":"91","name":"Delete Unit Measure","uid":"84"},{"id_application_action":"92","action":"92","name":"Save\\/Edit Unit Measure","uid":"85"},{"id_application_action":"93","action":"93","name":"View Stock","uid":"86"},{"id_application_action":"94","action":"94","name":"View Employee","uid":"87"},{"id_application_action":"95","action":"95","name":"Create Employee","uid":"88"},{"id_application_action":"96","action":"96","name":"Edit Employee","uid":"89"},{"id_application_action":"97","action":"97","name":"Delete Employee","uid":"90"},{"id_application_action":"98","action":"98","name":"Save\\/Edit Employee","uid":"91"},{"id_application_action":"99","action":"99","name":"Validate PO","uid":"92"},{"id_application_action":"100","action":"100","name":"Create Database Interface","uid":"93"},{"id_application_action":"101","action":"101","name":"Edit Database Interface","uid":"94"},{"id_application_action":"102","action":"102","name":"Delete Database Interface","uid":"95"},{"id_application_action":"103","action":"103","name":"Save \\/ Edit Database Interface","uid":"96"},{"id_application_action":"104","action":"104","name":"View Database Field Interface","uid":"97"},{"id_application_action":"105","action":"105","name":"Create Database Field Interface","uid":"98"},{"id_application_action":"106","action":"106","name":"Edit Database Field Interface","uid":"99"},{"id_application_action":"107","action":"107","name":"Delete Database Field Interface","uid":"100"},{"id_application_action":"108","action":"108","name":"Save \\/ Edit Database Field Interface","uid":"101"},{"id_application_action":"109","action":"109","name":"View Inquiry","uid":"102"},{"id_application_action":"110","action":"110","name":"Create Inquiry","uid":"103"},{"id_application_action":"111","action":"111","name":"Edit Inquiry","uid":"104"},{"id_application_action":"112","action":"112","name":"Delete Inquiry","uid":"105"},{"id_application_action":"113","action":"113","name":"Save\\/Edit Inquiry","uid":"106"},{"id_application_action":"114","action":"114","name":"View Survey \\/ Assessment","uid":"107"},{"id_application_action":"115","action":"115","name":"Create Survey \\/ Assessment","uid":"108"},{"id_application_action":"116","action":"116","name":"Edit Survey \\/ Assessment","uid":"109"},{"id_application_action":"117","action":"117","name":"Delete Survey \\/ Assessment","uid":"110"},{"id_application_action":"118","action":"118","name":"Save\\/Edit Survey \\/ Assessment","uid":"111"},{"id_application_action":"119","action":"119","name":"View Quotation","uid":"112"},{"id_application_action":"120","action":"120","name":"Create Quotation","uid":"113"},{"id_application_action":"121","action":"121","name":"Edit Quotation","uid":"114"},{"id_application_action":"122","action":"122","name":"Delete Quotation","uid":"115"},{"id_application_action":"123","action":"123","name":"Save\\/Edit Quotation","uid":"116"},{"id_application_action":"124","action":"124","name":"View Project Contract","uid":"117"},{"id_application_action":"125","action":"125","name":"Create Project Contract","uid":"118"},{"id_application_action":"126","action":"126","name":"Edit Project Contract","uid":"119"},{"id_application_action":"127","action":"127","name":"Delete Project Contract","uid":"120"},{"id_application_action":"128","action":"128","name":"Save\\/Edit Project Contract","uid":"121"},{"id_application_action":"129","action":"129","name":"View Work Order","uid":"122"},{"id_application_action":"130","action":"130","name":"Create Work Order","uid":"123"},{"id_application_action":"131","action":"131","name":"Edit Work Order","uid":"124"},{"id_application_action":"132","action":"132","name":"Delete Work Order","uid":"125"},{"id_application_action":"133","action":"133","name":"Save\\/Edit Work Order","uid":"126"},{"id_application_action":"134","action":"134","name":"View Assessment Template","uid":"127"},{"id_application_action":"135","action":"135","name":"Create Assessment Template","uid":"128"},{"id_application_action":"136","action":"136","name":"Edit Assessment Template","uid":"129"},{"id_application_action":"137","action":"137","name":"Delete Assessment Template","uid":"130"},{"id_application_action":"138","action":"138","name":"Save\\/Edit Assessment Template","uid":"131"},{"id_application_action":"139","action":"139","name":"View Contract Template","uid":"132"},{"id_application_action":"140","action":"140","name":"Create Contract Template","uid":"133"},{"id_application_action":"141","action":"141","name":"Edit Contract Template","uid":"134"},{"id_application_action":"142","action":"142","name":"Delete Contract Template","uid":"135"},{"id_application_action":"143","action":"143","name":"Save\\/Edit Contract Template","uid":"136"},{"id_application_action":"144","action":"144","name":"View Work Schedule","uid":"137"},{"id_application_action":"145","action":"145","name":"Create Work Schedule","uid":"138"},{"id_application_action":"146","action":"146","name":"Edit Work Schedule","uid":"139"},{"id_application_action":"147","action":"147","name":"Delete Work Schedule","uid":"140"},{"id_application_action":"148","action":"148","name":"Save\\/Edit Work Schedule","uid":"141"},{"id_application_action":"149","action":"149","name":"View SO Assignment","uid":"142"},{"id_application_action":"150","action":"150","name":"Create SO Assignment","uid":"143"},{"id_application_action":"151","action":"151","name":"Edit SO Assignment","uid":"144"},{"id_application_action":"152","action":"152","name":"Delete SO Assignment","uid":"145"},{"id_application_action":"153","action":"153","name":"Save\\/Edit SO Assignment","uid":"146"},{"id_application_action":"154","action":"154","name":"View Shift Change","uid":"147"},{"id_application_action":"155","action":"155","name":"Create Shift Change","uid":"148"},{"id_application_action":"156","action":"156","name":"Edit Shift Change","uid":"149"},{"id_application_action":"157","action":"157","name":"Delete Shift Change","uid":"150"},{"id_application_action":"158","action":"158","name":"Save\\/Edit Shift Change","uid":"151"},{"id_application_action":"159","action":"159","name":"View Leave Application","uid":"152"},{"id_application_action":"160","action":"160","name":"Create Leave Application","uid":"153"},{"id_application_action":"161","action":"161","name":"Edit Leave Application","uid":"154"},{"id_application_action":"162","action":"162","name":"Delete Leave Application","uid":"155"},{"id_application_action":"163","action":"163","name":"Save\\/Edit Leave Application","uid":"156"},{"id_application_action":"164","action":"164","name":"View Timesheet","uid":"157"},{"id_application_action":"165","action":"165","name":"Create Timesheet ","uid":"158"},{"id_application_action":"166","action":"166","name":"Edit Timesheet (Recap)","uid":"159"},{"id_application_action":"167","action":"167","name":"Delete Timesheet (Recap)","uid":"160"},{"id_application_action":"168","action":"168","name":"Save\\/Edit Timesheet (Recap)","uid":"161"},{"id_application_action":"169","action":"169","name":"View SO Timesheet","uid":"162"},{"id_application_action":"170","action":"170","name":"Create SO Timesheet","uid":"163"},{"id_application_action":"171","action":"171","name":"Edit SO Timesheet","uid":"164"},{"id_application_action":"172","action":"172","name":"Delete SO Timesheet","uid":"165"},{"id_application_action":"173","action":"173","name":"Save\\/Edit SO Timesheet","uid":"166"},{"id_application_action":"174","action":"174","name":"View Incident Report","uid":"167"},{"id_application_action":"175","action":"175","name":"Create Incident Report","uid":"168"},{"id_application_action":"176","action":"176","name":"Edit Incident Report","uid":"169"},{"id_application_action":"177","action":"177","name":"Delete Incident Report","uid":"170"},{"id_application_action":"178","action":"178","name":"Save\\/Edit Incident Report","uid":"171"},{"id_application_action":"179","action":"179","name":"View Payroll","uid":"172"},{"id_application_action":"180","action":"180","name":"Create Payroll","uid":"173"},{"id_application_action":"181","action":"181","name":"Edit Payroll","uid":"174"},{"id_application_action":"182","action":"182","name":"Delete Payroll","uid":"175"},{"id_application_action":"183","action":"183","name":"Save\\/Edit Payroll","uid":"176"},{"id_application_action":"184","action":"184","name":"View Supplier Invoice","uid":"177"},{"id_application_action":"185","action":"185","name":"Create Supplier Invoice","uid":"178"},{"id_application_action":"186","action":"186","name":"Edit Supplier Invoice","uid":"179"},{"id_application_action":"187","action":"187","name":"Delete Supplier Invoice","uid":"180"},{"id_application_action":"188","action":"188","name":"Save\\/Edit Supplier Invoice","uid":"181"},{"id_application_action":"189","action":"189","name":"View Customer Invoice","uid":"182"},{"id_application_action":"190","action":"190","name":"Create Customer Invoice","uid":"183"},{"id_application_action":"191","action":"191","name":"Edit Customer Invoice","uid":"184"},{"id_application_action":"192","action":"192","name":"Delete Customer Invoice","uid":"185"},{"id_application_action":"193","action":"193","name":"Save\\/Edit Customer Invoice","uid":"186"},{"id_application_action":"194","action":"194","name":"View Bank Statement","uid":"187"},{"id_application_action":"195","action":"195","name":"Create Bank Statement","uid":"188"},{"id_application_action":"196","action":"196","name":"Edit Bank Statement","uid":"189"},{"id_application_action":"197","action":"197","name":"Delete Bank Statement","uid":"190"},{"id_application_action":"198","action":"198","name":"Save\\/Edit Bank Statement","uid":"191"},{"id_application_action":"199","action":"199","name":"View Cash Register","uid":"192"},{"id_application_action":"200","action":"200","name":"Create Cash Register","uid":"193"},{"id_application_action":"201","action":"201","name":"Edit Cash Register","uid":"194"},{"id_application_action":"202","action":"202","name":"Delete Cash Register","uid":"195"},{"id_application_action":"203","action":"203","name":"Save\\/Edit Cash Register","uid":"196"},{"id_application_action":"204","action":"204","name":"View Tax","uid":"197"},{"id_application_action":"205","action":"205","name":"Create Tax","uid":"198"},{"id_application_action":"206","action":"206","name":"Edit Tax","uid":"199"},{"id_application_action":"207","action":"207","name":"Delete Tax","uid":"200"},{"id_application_action":"208","action":"208","name":"Save\\/Edit Tax","uid":"201"},{"id_application_action":"209","action":"209","name":"View Chart of Account","uid":"202"},{"id_application_action":"210","action":"210","name":"Create Chart of Account","uid":"203"},{"id_application_action":"211","action":"211","name":"Edit Chart of Account","uid":"204"},{"id_application_action":"212","action":"212","name":"Delete Chart of Account","uid":"205"},{"id_application_action":"213","action":"213","name":"Save\\/Edit Chart of Account","uid":"206"},{"id_application_action":"214","action":"214","name":"View Employee Salary","uid":"207"},{"id_application_action":"215","action":"215","name":"Create Employee Salary","uid":"208"},{"id_application_action":"216","action":"216","name":"Edit Employee Salary","uid":"209"},{"id_application_action":"217","action":"217","name":"Delete Employee Salary","uid":"210"},{"id_application_action":"218","action":"218","name":"Save\\/Edit Employee Salary","uid":"211"},{"id_application_action":"219","action":"219","name":"View Salary Setting","uid":"212"},{"id_application_action":"220","action":"220","name":"Create Salary Setting","uid":"213"},{"id_application_action":"221","action":"221","name":"Edit Salary Setting","uid":"214"},{"id_application_action":"222","action":"222","name":"Delete Salary Setting","uid":"215"},{"id_application_action":"223","action":"223","name":"Save\\/Edit Salary Setting","uid":"216"},{"id_application_action":"224","action":"224","name":"View Database Interface","uid":"217"},{"id_application_action":"225","action":"225","name":"Pick Assessment Template","uid":"218"},{"id_application_action":"226","action":"226","name":"View Organisation Structure","uid":"219"},{"id_application_action":"227","action":"227","name":"Create Organisation Structure","uid":"220"},{"id_application_action":"228","action":"228","name":"Edit Organisation Structure","uid":"221"},{"id_application_action":"229","action":"229","name":"Delete Organisation Structure","uid":"222"},{"id_application_action":"230","action":"230","name":"Save\\/Edit Organisation Structure","uid":"223"},{"id_application_action":"231","action":"231","name":"View Position Level","uid":"224"},{"id_application_action":"232","action":"232","name":"Create Position Level","uid":"225"},{"id_application_action":"233","action":"233","name":"Edit Position Level","uid":"226"},{"id_application_action":"234","action":"234","name":"Delete Position Level","uid":"227"},{"id_application_action":"235","action":"235","name":"Save\\/Edit Position Level","uid":"228"},{"id_application_action":"236","action":"236","name":"View Employee Contract Type","uid":"229"},{"id_application_action":"237","action":"237","name":"Create Employee Contract Type","uid":"230"},{"id_application_action":"238","action":"238","name":"Edit Employee Contract Type","uid":"231"},{"id_application_action":"239","action":"239","name":"Delete Employee Contract Type","uid":"232"},{"id_application_action":"240","action":"240","name":"Save\\/Edit Employee Contract","uid":"233"},{"id_application_action":"241","action":"241","name":"View Bank","uid":"234"},{"id_application_action":"242","action":"242","name":"Create Bank","uid":"235"},{"id_application_action":"243","action":"243","name":"Edit Bank","uid":"236"},{"id_application_action":"244","action":"244","name":"Delete Bank","uid":"237"},{"id_application_action":"245","action":"245","name":"Save\\/Edit Bank","uid":"238"},{"id_application_action":"246","action":"246","name":"View Payment Receipt","uid":"239"},{"id_application_action":"247","action":"247","name":"Create Payment Receipt","uid":"240"},{"id_application_action":"248","action":"248","name":"Edit Payment Receipt","uid":"241"},{"id_application_action":"249","action":"249","name":"Save\\/Edit Payment Receipt","uid":"242"},{"id_application_action":"250","action":"250","name":"Delete Payment Receipt","uid":"243"},{"id_application_action":"251","action":"251","name":"Receive Payment From PO","uid":"244"},{"id_application_action":"252","action":"252","name":"Make Payment Receipt","uid":"245"},{"id_application_action":"253","action":"253","name":"Cancel Payment Receipt","uid":"246"},{"id_application_action":"254","action":"254","name":"View Stock Transaction","uid":"247"},{"id_application_action":"255","action":"255","name":"Create Stock Transaction","uid":"248"},{"id_application_action":"256","action":"256","name":"Edit Stock Transaction","uid":"249"},{"id_application_action":"257","action":"257","name":"Delete Stock Transaction","uid":"250"},{"id_application_action":"258","action":"258","name":"Save\\/Edit Stock Transaction","uid":"251"},{"id_application_action":"259","action":"259","name":"Post Stock Transaction","uid":"252"},{"id_application_action":"260","action":"260","name":"Unpost Stock Transaction","uid":"253"},{"id_application_action":"261","action":"261","name":"Transfer Good Receive","uid":"254"},{"id_application_action":"262","action":"262","name":"View Activity","uid":"255"},{"id_application_action":"263","action":"263","name":"Make Working Schedule","uid":"256"},{"id_application_action":"264","action":"264","name":"Validate Inquiry","uid":"257"},{"id_application_action":"265","action":"265","name":"Validate Quotation","uid":"258"},{"id_application_action":"266","action":"266","name":"Validate Sales Order","uid":"259"},{"id_application_action":"267","action":"267","name":"Confirm Sales Order","uid":"260"},{"id_application_action":"268","action":"268","name":"View Fingerprint Device","uid":"261"},{"id_application_action":"269","action":"269","name":"Create Fingerprint Device","uid":"262"},{"id_application_action":"270","action":"270","name":"Edit Fingerprint Device","uid":"263"},{"id_application_action":"271","action":"271","name":"Delete Fingerprint Device","uid":"264"},{"id_application_action":"272","action":"272","name":"Save\\/Edit Fingerprint Device","uid":"265"},{"id_application_action":"273","action":"273","name":"Activate Fingerprint","uid":"266"},{"id_application_action":"274","action":"274","name":"Deactivate Fingerprint","uid":"267"},{"id_application_action":"275","action":"275","name":"View Fingerprint Assign","uid":"268"},{"id_application_action":"276","action":"276","name":"Create Fingerprint Assign","uid":"269"},{"id_application_action":"277","action":"277","name":"Edit Fingerprint Assign","uid":"270"},{"id_application_action":"278","action":"278","name":"Delete Fingerprint Assign","uid":"271"},{"id_application_action":"279","action":"279","name":"Save\\/Edit Fingerprint Assign","uid":"272"},{"id_application_action":"280","action":"280","name":"Make SO Assignment","uid":"273"},{"id_application_action":"281","action":"281","name":"Assign Fingerprint Device","uid":"274"},{"id_application_action":"282","action":"282","name":"Unassign Fingerprint","uid":"275"},{"id_application_action":"283","action":"283","name":"Fingerprint Enroll","uid":"276"},{"id_application_action":"284","action":"284","name":"Save Fingerprint Enroll","uid":"277"},{"id_application_action":"292","action":"292","name":"View BOM","uid":"278"},{"id_application_action":"293","action":"293","name":"Create BOM","uid":"279"},{"id_application_action":"294","action":"294","name":"Edit BOM","uid":"280"},{"id_application_action":"295","action":"295","name":"Delete BOM","uid":"281"},{"id_application_action":"296","action":"296","name":"Save\\/Edit BOM","uid":"282"},{"id_application_action":"297","action":"297","name":"Validate BOM","uid":"283"},{"id_application_action":"298","action":"298","name":"View Join item","uid":"284"},{"id_application_action":"299","action":"299","name":"Create Join Item","uid":"285"},{"id_application_action":"300","action":"300","name":"Edit Join Item","uid":"286"},{"id_application_action":"301","action":"301","name":"Delete Join Item","uid":"287"},{"id_application_action":"302","action":"302","name":"Save\\/Edit Joint Item","uid":"288"},{"id_application_action":"303","action":"303","name":"Transfer Join Item","uid":"289"},{"id_application_action":"304","action":"304","name":"View Group","uid":"290"},{"id_application_action":"305","action":"305","name":"Create Group","uid":"291"},{"id_application_action":"306","action":"306","name":"Edit Group","uid":"292"},{"id_application_action":"307","action":"307","name":"Delete Group","uid":"293"},{"id_application_action":"308","action":"308","name":"Save\\/Edit Group","uid":"294"},{"id_application_action":"309","action":"309","name":"View Configuration Parameter","uid":"295"},{"id_application_action":"310","action":"310","name":"Create Configuration Parameter","uid":"296"},{"id_application_action":"311","action":"311","name":"Edit Configuration Parameter","uid":"297"},{"id_application_action":"312","action":"312","name":"Delete Configuration Parameter","uid":"298"},{"id_application_action":"313","action":"313","name":"Save\\/Edit Configuration Parameter","uid":"299"},{"id_application_action":"314","action":"314","name":"VIew Notification Setting","uid":"300"},{"id_application_action":"315","action":"315","name":"Create Notification Setting","uid":"301"},{"id_application_action":"316","action":"316","name":"Edit Notification Setting","uid":"302"},{"id_application_action":"317","action":"317","name":"Delete Notification Setting","uid":"303"},{"id_application_action":"318","action":"318","name":"Save\\/Edit Notification Setting","uid":"304"},{"id_application_action":"319","action":"319","name":"View Product Definition","uid":"305"},{"id_application_action":"320","action":"320","name":"Create Product Definition","uid":"306"},{"id_application_action":"321","action":"321","name":"Edit Product Definition","uid":"307"},{"id_application_action":"322","action":"322","name":"Delete Product Definition","uid":"308"},{"id_application_action":"323","action":"323","name":"Save\\/Edit Product Definition","uid":"309"},{"id_application_action":"342","action":"342","name":"View Log Error","uid":"310"},{"id_application_action":"343","action":"343","name":"Create Log Error","uid":"311"},{"id_application_action":"344","action":"344","name":"Save \\/ Edit Log Error","uid":"312"},{"id_application_action":"345","action":"345","name":"Edit Log  Error","uid":"313"},{"id_application_action":"346","action":"346","name":"Delete Log Error","uid":"314"},{"id_application_action":"347","action":"347","name":"Copy Record","uid":"315"},{"id_application_action":"347","action":"347","name":"Copy Record","uid":"316"},{"id_application_action":"348","action":"348","name":"View Salary Type","uid":"317"},{"id_application_action":"349","action":"349","name":"Create Salary Type","uid":"318"},{"id_application_action":"350","action":"350","name":"Save \\/ Edit Salary Type","uid":"319"},{"id_application_action":"351","action":"351","name":"Edit Salary Type","uid":"320"},{"id_application_action":"352","action":"352","name":"Create Timesheet","uid":"321"},{"id_application_action":"353","action":"353","name":"View Salary Type","uid":"322"},{"id_application_action":"354","action":"354","name":"View Salary Type","uid":"323"},{"id_application_action":"355","action":"355","name":"Save \\/ Edit Timesheet ","uid":"324"},{"id_application_action":"356","action":"356","name":"View Payroll Periode","uid":"325"},{"id_application_action":"357","action":"357","name":"Create Payroll Periode","uid":"326"},{"id_application_action":"358","action":"358","name":"Save \\/ Edit Log Error","uid":"327"},{"id_application_action":"359","action":"359","name":"Edit Payroll Periode","uid":"328"},{"id_application_action":"360","action":"360","name":"Delete Payroll Periode","uid":"329"},{"id_application_action":"361","action":"361","name":"View Request Overtime","uid":"330"},{"id_application_action":"362","action":"362","name":"Create Request Overtime","uid":"331"},{"id_application_action":"363","action":"363","name":"Save \\/ Edit Overtime","uid":"332"},{"id_application_action":"364","action":"364","name":"Edit Overtime","uid":"333"},{"id_application_action":"365","action":"365","name":"Delete Overtime","uid":"334"},{"id_application_action":"366","action":"366","name":"Validate Overtime","uid":"335"},{"id_application_action":"367","action":"367","name":"View Insentive","uid":"336"},{"id_application_action":"368","action":"368","name":"View Monitoring Timesheet ","uid":"337"},{"id_application_action":"369","action":"369","name":"Create Insentive","uid":"338"},{"id_application_action":"370","action":"370","name":"Save \\/ Edit Insentive","uid":"339"},{"id_application_action":"371","action":"371","name":"Edit Overtime","uid":"340"},{"id_application_action":"372","action":"372","name":"Delete Insentive","uid":"341"},{"id_application_action":"373","action":"373","name":"Validate Work Order","uid":"342"},{"id_application_action":"374","action":"374","name":"Edit Timesheet","uid":"343"},{"id_application_action":"375","action":"375","name":"View Recruitment","uid":"344"},{"id_application_action":"376","action":"376","name":"Create Recruitment","uid":"345"},{"id_application_action":"377","action":"377","name":"Save\\/Edit Recruitment","uid":"346"},{"id_application_action":"378","action":"378","name":"Delete Recruitment","uid":"347"},{"id_application_action":"379","action":"379","name":"Edit Recruitment","uid":"348"},{"id_application_action":"380","action":"380","name":"View Request Overtime","uid":"349"},{"id_application_action":"381","action":"381","name":"Create Request Overtime","uid":"350"},{"id_application_action":"382","action":"382","name":"Save\\/Edit Overtime","uid":"351"},{"id_application_action":"383","action":"383","name":"Delete Overtime","uid":"352"},{"id_application_action":"384","action":"384","name":"Edit Overtime","uid":"353"},{"id_application_action":"385","action":"385","name":"Validate Overtime","uid":"354"},{"id_application_action":"386","action":"386","name":"View Insentive","uid":"355"},{"id_application_action":"387","action":"387","name":"Create Request Insentive","uid":"356"},{"id_application_action":"388","action":"388","name":"Save\\/Edit Insentive","uid":"357"},{"id_application_action":"389","action":"389","name":"Delete Insentive","uid":"358"},{"id_application_action":"390","action":"390","name":"Edit Insentive","uid":"359"},{"id_application_action":"391","action":"391","name":"Delete Salary Type","uid":"360"},{"id_application_action":"392","action":"392","name":"Save\\/Edit Payroll Periode","uid":"361"},{"id_application_action":"393","action":"393","name":"View Detail Payroll","uid":"362"},{"id_application_action":"398","action":"398","name":"View Detail Customer","uid":"363"},{"id_application_action":"397","action":"397","name":"View Detail Work Order","uid":"364"},{"id_application_action":"396","action":"396","name":"View Detail Sales Order","uid":"365"},{"id_application_action":"395","action":"395","name":"View Detail Quotation","uid":"366"},{"id_application_action":"394","action":"394","name":"View Detail Inquiry","uid":"367"},{"id_application_action":"399","action":"399","name":"View Detail Product Definition","uid":"368"},{"id_application_action":"400","name":"View Timesheet Device Log","uid":"369","id":"369"}],"is_edit":"true","id_role":"1"}', '2015-04-07 21:43:21'),
(348, 'Save/Edit Side Menu', 'side_menu', NULL, 2, 'Save/Edit Side Menu', 9, '{}', '2015-04-07 21:43:47'),
(349, 'Save/Edit Side Menu', 'side_menu', NULL, 2, 'Save/Edit Side Menu', 9, '{}', '2015-04-07 21:44:22'),
(350, 'Save/Edit Side Menu', 'side_menu', NULL, 2, 'Save/Edit Side Menu', 9, '{}', '2015-04-07 22:36:29'),
(351, 'Save/Edit Side Menu', 'side_menu', NULL, 2, 'Save/Edit Side Menu', 9, '{}', '2015-04-07 22:36:40');
INSERT INTO `activity_log` (`id_log`, `activity`, `object`, `object_id`, `user`, `description`, `action`, `field_data`, `date_create`) VALUES
(352, 'Save/Edit Role', 'role', NULL, 2, 'Save/Edit Role', 20, '{"name":"administrator","action_detail":[{"id_application_action":"1","action":"1","name":"View Application Action","uid":"0"},{"id_application_action":"2","action":"2","name":"Create Application Action","uid":"1"},{"id_application_action":"3","action":"3","name":"Edit Application Action","uid":"2"},{"id_application_action":"4","action":"4","name":"Delete Application Action","uid":"3"},{"id_application_action":"5","action":"5","name":"View Side Menu","uid":"4"},{"id_application_action":"6","action":"6","name":"Create Side Menu","uid":"5"},{"id_application_action":"7","action":"7","name":"Edit Side Menu","uid":"6"},{"id_application_action":"8","action":"8","name":"Delete Side Menu","uid":"7"},{"id_application_action":"9","action":"9","name":"Save\\/Edit Side Menu","uid":"8"},{"id_application_action":"10","action":"10","name":"Save\\/Edit Action","uid":"9"},{"id_application_action":"11","action":"11","name":"View Division","uid":"10"},{"id_application_action":"12","action":"12","name":"Create Division","uid":"11"},{"id_application_action":"13","action":"13","name":"Save\\/Edit Division","uid":"12"},{"id_application_action":"14","action":"14","name":"Edit Division","uid":"13"},{"id_application_action":"15","action":"15","name":"Delete Division","uid":"14"},{"id_application_action":"16","action":"16","name":"View Role","uid":"15"},{"id_application_action":"17","action":"17","name":"View Create Role","uid":"16"},{"id_application_action":"18","action":"18","name":"View Edit Role","uid":"17"},{"id_application_action":"19","action":"19","name":"Delete Role","uid":"18"},{"id_application_action":"20","action":"20","name":"Save\\/Edit Role","uid":"19"},{"id_application_action":"21","action":"21","name":"View Product","uid":"20"},{"id_application_action":"22","action":"22","name":"Create Product","uid":"21"},{"id_application_action":"23","action":"23","name":"Edit Product","uid":"22"},{"id_application_action":"24","action":"24","name":"Delete Product","uid":"23"},{"id_application_action":"25","action":"25","name":"Save\\/Edit Product","uid":"24"},{"id_application_action":"26","action":"26","name":"View Supplier","uid":"25"},{"id_application_action":"27","action":"27","name":"Create Supplier","uid":"26"},{"id_application_action":"28","action":"28","name":"Edit Supplier","uid":"27"},{"id_application_action":"29","action":"29","name":"Delete Supplier","uid":"28"},{"id_application_action":"30","action":"30","name":"Save\\/Edit Supplier","uid":"29"},{"id_application_action":"31","action":"31","name":"View Product Category","uid":"30"},{"id_application_action":"32","action":"32","name":"Create Product Category","uid":"31"},{"id_application_action":"33","action":"33","name":"Edit Product Category","uid":"32"},{"id_application_action":"34","action":"34","name":"Delete Product Category","uid":"33"},{"id_application_action":"35","action":"35","name":"Save\\/Edit Product Category","uid":"34"},{"id_application_action":"36","action":"36","name":"View Merk","uid":"35"},{"id_application_action":"37","action":"37","name":"Create Merk","uid":"36"},{"id_application_action":"38","action":"38","name":"Edit Merk","uid":"37"},{"id_application_action":"39","action":"39","name":"Delete Merk","uid":"38"},{"id_application_action":"40","action":"40","name":"Save\\/Edit Merk","uid":"39"},{"id_application_action":"41","action":"41","name":"View Customer","uid":"40"},{"id_application_action":"43","action":"43","name":"Create Customer","uid":"41"},{"id_application_action":"44","action":"44","name":"Edit Customer","uid":"42"},{"id_application_action":"45","action":"45","name":"Delete Customer","uid":"43"},{"id_application_action":"46","action":"46","name":"Save\\/Edit Customer","uid":"44"},{"id_application_action":"47","action":"47","name":"View Warehouse","uid":"45"},{"id_application_action":"48","action":"48","name":"Create Warehouse","uid":"46"},{"id_application_action":"49","action":"49","name":"Edit Warehouse","uid":"47"},{"id_application_action":"50","action":"50","name":"Delete Warehouse","uid":"48"},{"id_application_action":"51","action":"51","name":"Save\\/Edit Warehouse","uid":"49"},{"id_application_action":"57","action":"57","name":"View PO","uid":"50"},{"id_application_action":"58","action":"58","name":"Create PO","uid":"51"},{"id_application_action":"59","action":"59","name":"Edit PO","uid":"52"},{"id_application_action":"60","action":"60","name":"Delete PO","uid":"53"},{"id_application_action":"61","action":"61","name":"Save\\/Edit PO","uid":"54"},{"id_application_action":"62","action":"62","name":"View User","uid":"55"},{"id_application_action":"63","action":"63","name":"Create User","uid":"56"},{"id_application_action":"64","action":"64","name":"Edit User","uid":"57"},{"id_application_action":"65","action":"65","name":"Delete User","uid":"58"},{"id_application_action":"66","action":"66","name":"Save\\/Edit User","uid":"59"},{"id_application_action":"67","action":"67","name":"View Good Receive","uid":"60"},{"id_application_action":"68","action":"68","name":"Create Good Receive","uid":"61"},{"id_application_action":"69","action":"69","name":"Edit Good Receive","uid":"62"},{"id_application_action":"70","action":"70","name":"Delete Good Receive","uid":"63"},{"id_application_action":"71","action":"71","name":"Save\\/Edit Good Receive","uid":"64"},{"id_application_action":"72","action":"72","name":"View Sales Order","uid":"65"},{"id_application_action":"73","action":"73","name":"Create Sales Order","uid":"66"},{"id_application_action":"74","action":"74","name":"Edit Sales Order","uid":"67"},{"id_application_action":"75","action":"75","name":"Delete Sales Order","uid":"68"},{"id_application_action":"76","action":"76","name":"Save Sales Order","uid":"69"},{"id_application_action":"77","action":"77","name":"View Material Request","uid":"70"},{"id_application_action":"78","action":"78","name":"Create Material Request","uid":"71"},{"id_application_action":"79","action":"79","name":"Edit Material Request","uid":"72"},{"id_application_action":"80","action":"80","name":"Delete Material Request","uid":"73"},{"id_application_action":"81","action":"81","name":"Save Material Request","uid":"74"},{"id_application_action":"82","action":"82","name":"Change User Password","uid":"75"},{"id_application_action":"83","action":"83","name":"View Delivery Note","uid":"76"},{"id_application_action":"84","action":"84","name":"Create Delivery Note","uid":"77"},{"id_application_action":"85","action":"85","name":"Edit Delivery Note","uid":"78"},{"id_application_action":"86","action":"86","name":"Delete Delivery Note","uid":"79"},{"id_application_action":"87","action":"87","name":"Save\\/Edit Delivery Note","uid":"80"},{"id_application_action":"88","action":"88","name":"View Unit Measure","uid":"81"},{"id_application_action":"89","action":"89","name":"Create Unit Measure","uid":"82"},{"id_application_action":"90","action":"90","name":"Edit Unit Measure","uid":"83"},{"id_application_action":"91","action":"91","name":"Delete Unit Measure","uid":"84"},{"id_application_action":"92","action":"92","name":"Save\\/Edit Unit Measure","uid":"85"},{"id_application_action":"93","action":"93","name":"View Stock","uid":"86"},{"id_application_action":"94","action":"94","name":"View Employee","uid":"87"},{"id_application_action":"95","action":"95","name":"Create Employee","uid":"88"},{"id_application_action":"96","action":"96","name":"Edit Employee","uid":"89"},{"id_application_action":"97","action":"97","name":"Delete Employee","uid":"90"},{"id_application_action":"98","action":"98","name":"Save\\/Edit Employee","uid":"91"},{"id_application_action":"99","action":"99","name":"Validate PO","uid":"92"},{"id_application_action":"100","action":"100","name":"Create Database Interface","uid":"93"},{"id_application_action":"101","action":"101","name":"Edit Database Interface","uid":"94"},{"id_application_action":"102","action":"102","name":"Delete Database Interface","uid":"95"},{"id_application_action":"103","action":"103","name":"Save \\/ Edit Database Interface","uid":"96"},{"id_application_action":"104","action":"104","name":"View Database Field Interface","uid":"97"},{"id_application_action":"105","action":"105","name":"Create Database Field Interface","uid":"98"},{"id_application_action":"106","action":"106","name":"Edit Database Field Interface","uid":"99"},{"id_application_action":"107","action":"107","name":"Delete Database Field Interface","uid":"100"},{"id_application_action":"108","action":"108","name":"Save \\/ Edit Database Field Interface","uid":"101"},{"id_application_action":"109","action":"109","name":"View Inquiry","uid":"102"},{"id_application_action":"110","action":"110","name":"Create Inquiry","uid":"103"},{"id_application_action":"111","action":"111","name":"Edit Inquiry","uid":"104"},{"id_application_action":"112","action":"112","name":"Delete Inquiry","uid":"105"},{"id_application_action":"113","action":"113","name":"Save\\/Edit Inquiry","uid":"106"},{"id_application_action":"114","action":"114","name":"View Survey \\/ Assessment","uid":"107"},{"id_application_action":"115","action":"115","name":"Create Survey \\/ Assessment","uid":"108"},{"id_application_action":"116","action":"116","name":"Edit Survey \\/ Assessment","uid":"109"},{"id_application_action":"117","action":"117","name":"Delete Survey \\/ Assessment","uid":"110"},{"id_application_action":"118","action":"118","name":"Save\\/Edit Survey \\/ Assessment","uid":"111"},{"id_application_action":"119","action":"119","name":"View Quotation","uid":"112"},{"id_application_action":"120","action":"120","name":"Create Quotation","uid":"113"},{"id_application_action":"121","action":"121","name":"Edit Quotation","uid":"114"},{"id_application_action":"122","action":"122","name":"Delete Quotation","uid":"115"},{"id_application_action":"123","action":"123","name":"Save\\/Edit Quotation","uid":"116"},{"id_application_action":"124","action":"124","name":"View Project Contract","uid":"117"},{"id_application_action":"125","action":"125","name":"Create Project Contract","uid":"118"},{"id_application_action":"126","action":"126","name":"Edit Project Contract","uid":"119"},{"id_application_action":"127","action":"127","name":"Delete Project Contract","uid":"120"},{"id_application_action":"128","action":"128","name":"Save\\/Edit Project Contract","uid":"121"},{"id_application_action":"129","action":"129","name":"View Work Order","uid":"122"},{"id_application_action":"130","action":"130","name":"Create Work Order","uid":"123"},{"id_application_action":"131","action":"131","name":"Edit Work Order","uid":"124"},{"id_application_action":"132","action":"132","name":"Delete Work Order","uid":"125"},{"id_application_action":"133","action":"133","name":"Save\\/Edit Work Order","uid":"126"},{"id_application_action":"134","action":"134","name":"View Assessment Template","uid":"127"},{"id_application_action":"135","action":"135","name":"Create Assessment Template","uid":"128"},{"id_application_action":"136","action":"136","name":"Edit Assessment Template","uid":"129"},{"id_application_action":"137","action":"137","name":"Delete Assessment Template","uid":"130"},{"id_application_action":"138","action":"138","name":"Save\\/Edit Assessment Template","uid":"131"},{"id_application_action":"139","action":"139","name":"View Contract Template","uid":"132"},{"id_application_action":"140","action":"140","name":"Create Contract Template","uid":"133"},{"id_application_action":"141","action":"141","name":"Edit Contract Template","uid":"134"},{"id_application_action":"142","action":"142","name":"Delete Contract Template","uid":"135"},{"id_application_action":"143","action":"143","name":"Save\\/Edit Contract Template","uid":"136"},{"id_application_action":"144","action":"144","name":"View Work Schedule","uid":"137"},{"id_application_action":"145","action":"145","name":"Create Work Schedule","uid":"138"},{"id_application_action":"146","action":"146","name":"Edit Work Schedule","uid":"139"},{"id_application_action":"147","action":"147","name":"Delete Work Schedule","uid":"140"},{"id_application_action":"148","action":"148","name":"Save\\/Edit Work Schedule","uid":"141"},{"id_application_action":"149","action":"149","name":"View SO Assignment","uid":"142"},{"id_application_action":"150","action":"150","name":"Create SO Assignment","uid":"143"},{"id_application_action":"151","action":"151","name":"Edit SO Assignment","uid":"144"},{"id_application_action":"152","action":"152","name":"Delete SO Assignment","uid":"145"},{"id_application_action":"153","action":"153","name":"Save\\/Edit SO Assignment","uid":"146"},{"id_application_action":"154","action":"154","name":"View Shift Change","uid":"147"},{"id_application_action":"155","action":"155","name":"Create Shift Change","uid":"148"},{"id_application_action":"156","action":"156","name":"Edit Shift Change","uid":"149"},{"id_application_action":"157","action":"157","name":"Delete Shift Change","uid":"150"},{"id_application_action":"158","action":"158","name":"Save\\/Edit Shift Change","uid":"151"},{"id_application_action":"159","action":"159","name":"View Leave Application","uid":"152"},{"id_application_action":"160","action":"160","name":"Create Leave Application","uid":"153"},{"id_application_action":"161","action":"161","name":"Edit Leave Application","uid":"154"},{"id_application_action":"162","action":"162","name":"Delete Leave Application","uid":"155"},{"id_application_action":"163","action":"163","name":"Save\\/Edit Leave Application","uid":"156"},{"id_application_action":"164","action":"164","name":"View Timesheet","uid":"157"},{"id_application_action":"165","action":"165","name":"Create Timesheet ","uid":"158"},{"id_application_action":"166","action":"166","name":"Edit Timesheet (Recap)","uid":"159"},{"id_application_action":"167","action":"167","name":"Delete Timesheet (Recap)","uid":"160"},{"id_application_action":"168","action":"168","name":"Save\\/Edit Timesheet (Recap)","uid":"161"},{"id_application_action":"169","action":"169","name":"View SO Timesheet","uid":"162"},{"id_application_action":"170","action":"170","name":"Create SO Timesheet","uid":"163"},{"id_application_action":"171","action":"171","name":"Edit SO Timesheet","uid":"164"},{"id_application_action":"172","action":"172","name":"Delete SO Timesheet","uid":"165"},{"id_application_action":"173","action":"173","name":"Save\\/Edit SO Timesheet","uid":"166"},{"id_application_action":"174","action":"174","name":"View Incident Report","uid":"167"},{"id_application_action":"175","action":"175","name":"Create Incident Report","uid":"168"},{"id_application_action":"176","action":"176","name":"Edit Incident Report","uid":"169"},{"id_application_action":"177","action":"177","name":"Delete Incident Report","uid":"170"},{"id_application_action":"178","action":"178","name":"Save\\/Edit Incident Report","uid":"171"},{"id_application_action":"179","action":"179","name":"View Payroll","uid":"172"},{"id_application_action":"180","action":"180","name":"Create Payroll","uid":"173"},{"id_application_action":"181","action":"181","name":"Edit Payroll","uid":"174"},{"id_application_action":"182","action":"182","name":"Delete Payroll","uid":"175"},{"id_application_action":"183","action":"183","name":"Save\\/Edit Payroll","uid":"176"},{"id_application_action":"184","action":"184","name":"View Supplier Invoice","uid":"177"},{"id_application_action":"185","action":"185","name":"Create Supplier Invoice","uid":"178"},{"id_application_action":"186","action":"186","name":"Edit Supplier Invoice","uid":"179"},{"id_application_action":"187","action":"187","name":"Delete Supplier Invoice","uid":"180"},{"id_application_action":"188","action":"188","name":"Save\\/Edit Supplier Invoice","uid":"181"},{"id_application_action":"189","action":"189","name":"View Customer Invoice","uid":"182"},{"id_application_action":"190","action":"190","name":"Create Customer Invoice","uid":"183"},{"id_application_action":"191","action":"191","name":"Edit Customer Invoice","uid":"184"},{"id_application_action":"192","action":"192","name":"Delete Customer Invoice","uid":"185"},{"id_application_action":"193","action":"193","name":"Save\\/Edit Customer Invoice","uid":"186"},{"id_application_action":"194","action":"194","name":"View Bank Statement","uid":"187"},{"id_application_action":"195","action":"195","name":"Create Bank Statement","uid":"188"},{"id_application_action":"196","action":"196","name":"Edit Bank Statement","uid":"189"},{"id_application_action":"197","action":"197","name":"Delete Bank Statement","uid":"190"},{"id_application_action":"198","action":"198","name":"Save\\/Edit Bank Statement","uid":"191"},{"id_application_action":"199","action":"199","name":"View Cash Register","uid":"192"},{"id_application_action":"200","action":"200","name":"Create Cash Register","uid":"193"},{"id_application_action":"201","action":"201","name":"Edit Cash Register","uid":"194"},{"id_application_action":"202","action":"202","name":"Delete Cash Register","uid":"195"},{"id_application_action":"203","action":"203","name":"Save\\/Edit Cash Register","uid":"196"},{"id_application_action":"204","action":"204","name":"View Tax","uid":"197"},{"id_application_action":"205","action":"205","name":"Create Tax","uid":"198"},{"id_application_action":"206","action":"206","name":"Edit Tax","uid":"199"},{"id_application_action":"207","action":"207","name":"Delete Tax","uid":"200"},{"id_application_action":"208","action":"208","name":"Save\\/Edit Tax","uid":"201"},{"id_application_action":"209","action":"209","name":"View Chart of Account","uid":"202"},{"id_application_action":"210","action":"210","name":"Create Chart of Account","uid":"203"},{"id_application_action":"211","action":"211","name":"Edit Chart of Account","uid":"204"},{"id_application_action":"212","action":"212","name":"Delete Chart of Account","uid":"205"},{"id_application_action":"213","action":"213","name":"Save\\/Edit Chart of Account","uid":"206"},{"id_application_action":"214","action":"214","name":"View Employee Salary","uid":"207"},{"id_application_action":"215","action":"215","name":"Create Employee Salary","uid":"208"},{"id_application_action":"216","action":"216","name":"Edit Employee Salary","uid":"209"},{"id_application_action":"217","action":"217","name":"Delete Employee Salary","uid":"210"},{"id_application_action":"218","action":"218","name":"Save\\/Edit Employee Salary","uid":"211"},{"id_application_action":"219","action":"219","name":"View Salary Setting","uid":"212"},{"id_application_action":"220","action":"220","name":"Create Salary Setting","uid":"213"},{"id_application_action":"221","action":"221","name":"Edit Salary Setting","uid":"214"},{"id_application_action":"222","action":"222","name":"Delete Salary Setting","uid":"215"},{"id_application_action":"223","action":"223","name":"Save\\/Edit Salary Setting","uid":"216"},{"id_application_action":"224","action":"224","name":"View Database Interface","uid":"217"},{"id_application_action":"225","action":"225","name":"Pick Assessment Template","uid":"218"},{"id_application_action":"226","action":"226","name":"View Organisation Structure","uid":"219"},{"id_application_action":"227","action":"227","name":"Create Organisation Structure","uid":"220"},{"id_application_action":"228","action":"228","name":"Edit Organisation Structure","uid":"221"},{"id_application_action":"229","action":"229","name":"Delete Organisation Structure","uid":"222"},{"id_application_action":"230","action":"230","name":"Save\\/Edit Organisation Structure","uid":"223"},{"id_application_action":"231","action":"231","name":"View Position Level","uid":"224"},{"id_application_action":"232","action":"232","name":"Create Position Level","uid":"225"},{"id_application_action":"233","action":"233","name":"Edit Position Level","uid":"226"},{"id_application_action":"234","action":"234","name":"Delete Position Level","uid":"227"},{"id_application_action":"235","action":"235","name":"Save\\/Edit Position Level","uid":"228"},{"id_application_action":"236","action":"236","name":"View Employee Contract Type","uid":"229"},{"id_application_action":"237","action":"237","name":"Create Employee Contract Type","uid":"230"},{"id_application_action":"238","action":"238","name":"Edit Employee Contract Type","uid":"231"},{"id_application_action":"239","action":"239","name":"Delete Employee Contract Type","uid":"232"},{"id_application_action":"240","action":"240","name":"Save\\/Edit Employee Contract","uid":"233"},{"id_application_action":"241","action":"241","name":"View Bank","uid":"234"},{"id_application_action":"242","action":"242","name":"Create Bank","uid":"235"},{"id_application_action":"243","action":"243","name":"Edit Bank","uid":"236"},{"id_application_action":"244","action":"244","name":"Delete Bank","uid":"237"},{"id_application_action":"245","action":"245","name":"Save\\/Edit Bank","uid":"238"},{"id_application_action":"246","action":"246","name":"View Payment Receipt","uid":"239"},{"id_application_action":"247","action":"247","name":"Create Payment Receipt","uid":"240"},{"id_application_action":"248","action":"248","name":"Edit Payment Receipt","uid":"241"},{"id_application_action":"249","action":"249","name":"Save\\/Edit Payment Receipt","uid":"242"},{"id_application_action":"250","action":"250","name":"Delete Payment Receipt","uid":"243"},{"id_application_action":"251","action":"251","name":"Receive Payment From PO","uid":"244"},{"id_application_action":"252","action":"252","name":"Make Payment Receipt","uid":"245"},{"id_application_action":"253","action":"253","name":"Cancel Payment Receipt","uid":"246"},{"id_application_action":"254","action":"254","name":"View Stock Transaction","uid":"247"},{"id_application_action":"255","action":"255","name":"Create Stock Transaction","uid":"248"},{"id_application_action":"256","action":"256","name":"Edit Stock Transaction","uid":"249"},{"id_application_action":"257","action":"257","name":"Delete Stock Transaction","uid":"250"},{"id_application_action":"258","action":"258","name":"Save\\/Edit Stock Transaction","uid":"251"},{"id_application_action":"259","action":"259","name":"Post Stock Transaction","uid":"252"},{"id_application_action":"260","action":"260","name":"Unpost Stock Transaction","uid":"253"},{"id_application_action":"261","action":"261","name":"Transfer Good Receive","uid":"254"},{"id_application_action":"262","action":"262","name":"View Activity","uid":"255"},{"id_application_action":"263","action":"263","name":"Make Working Schedule","uid":"256"},{"id_application_action":"264","action":"264","name":"Validate Inquiry","uid":"257"},{"id_application_action":"265","action":"265","name":"Validate Quotation","uid":"258"},{"id_application_action":"266","action":"266","name":"Validate Sales Order","uid":"259"},{"id_application_action":"267","action":"267","name":"Confirm Sales Order","uid":"260"},{"id_application_action":"268","action":"268","name":"View Fingerprint Device","uid":"261"},{"id_application_action":"269","action":"269","name":"Create Fingerprint Device","uid":"262"},{"id_application_action":"270","action":"270","name":"Edit Fingerprint Device","uid":"263"},{"id_application_action":"271","action":"271","name":"Delete Fingerprint Device","uid":"264"},{"id_application_action":"272","action":"272","name":"Save\\/Edit Fingerprint Device","uid":"265"},{"id_application_action":"273","action":"273","name":"Activate Fingerprint","uid":"266"},{"id_application_action":"274","action":"274","name":"Deactivate Fingerprint","uid":"267"},{"id_application_action":"275","action":"275","name":"View Fingerprint Assign","uid":"268"},{"id_application_action":"276","action":"276","name":"Create Fingerprint Assign","uid":"269"},{"id_application_action":"277","action":"277","name":"Edit Fingerprint Assign","uid":"270"},{"id_application_action":"278","action":"278","name":"Delete Fingerprint Assign","uid":"271"},{"id_application_action":"279","action":"279","name":"Save\\/Edit Fingerprint Assign","uid":"272"},{"id_application_action":"280","action":"280","name":"Make SO Assignment","uid":"273"},{"id_application_action":"281","action":"281","name":"Assign Fingerprint Device","uid":"274"},{"id_application_action":"282","action":"282","name":"Unassign Fingerprint","uid":"275"},{"id_application_action":"283","action":"283","name":"Fingerprint Enroll","uid":"276"},{"id_application_action":"284","action":"284","name":"Save Fingerprint Enroll","uid":"277"},{"id_application_action":"292","action":"292","name":"View BOM","uid":"278"},{"id_application_action":"293","action":"293","name":"Create BOM","uid":"279"},{"id_application_action":"294","action":"294","name":"Edit BOM","uid":"280"},{"id_application_action":"295","action":"295","name":"Delete BOM","uid":"281"},{"id_application_action":"296","action":"296","name":"Save\\/Edit BOM","uid":"282"},{"id_application_action":"297","action":"297","name":"Validate BOM","uid":"283"},{"id_application_action":"298","action":"298","name":"View Join item","uid":"284"},{"id_application_action":"299","action":"299","name":"Create Join Item","uid":"285"},{"id_application_action":"300","action":"300","name":"Edit Join Item","uid":"286"},{"id_application_action":"301","action":"301","name":"Delete Join Item","uid":"287"},{"id_application_action":"302","action":"302","name":"Save\\/Edit Joint Item","uid":"288"},{"id_application_action":"303","action":"303","name":"Transfer Join Item","uid":"289"},{"id_application_action":"304","action":"304","name":"View Group","uid":"290"},{"id_application_action":"305","action":"305","name":"Create Group","uid":"291"},{"id_application_action":"306","action":"306","name":"Edit Group","uid":"292"},{"id_application_action":"307","action":"307","name":"Delete Group","uid":"293"},{"id_application_action":"308","action":"308","name":"Save\\/Edit Group","uid":"294"},{"id_application_action":"309","action":"309","name":"View Configuration Parameter","uid":"295"},{"id_application_action":"310","action":"310","name":"Create Configuration Parameter","uid":"296"},{"id_application_action":"311","action":"311","name":"Edit Configuration Parameter","uid":"297"},{"id_application_action":"312","action":"312","name":"Delete Configuration Parameter","uid":"298"},{"id_application_action":"313","action":"313","name":"Save\\/Edit Configuration Parameter","uid":"299"},{"id_application_action":"314","action":"314","name":"VIew Notification Setting","uid":"300"},{"id_application_action":"315","action":"315","name":"Create Notification Setting","uid":"301"},{"id_application_action":"316","action":"316","name":"Edit Notification Setting","uid":"302"},{"id_application_action":"317","action":"317","name":"Delete Notification Setting","uid":"303"},{"id_application_action":"318","action":"318","name":"Save\\/Edit Notification Setting","uid":"304"},{"id_application_action":"319","action":"319","name":"View Product Definition","uid":"305"},{"id_application_action":"320","action":"320","name":"Create Product Definition","uid":"306"},{"id_application_action":"321","action":"321","name":"Edit Product Definition","uid":"307"},{"id_application_action":"322","action":"322","name":"Delete Product Definition","uid":"308"},{"id_application_action":"323","action":"323","name":"Save\\/Edit Product Definition","uid":"309"},{"id_application_action":"342","action":"342","name":"View Log Error","uid":"310"},{"id_application_action":"343","action":"343","name":"Create Log Error","uid":"311"},{"id_application_action":"344","action":"344","name":"Save \\/ Edit Log Error","uid":"312"},{"id_application_action":"345","action":"345","name":"Edit Log  Error","uid":"313"},{"id_application_action":"346","action":"346","name":"Delete Log Error","uid":"314"},{"id_application_action":"347","action":"347","name":"Copy Record","uid":"315"},{"id_application_action":"347","action":"347","name":"Copy Record","uid":"316"},{"id_application_action":"348","action":"348","name":"View Salary Type","uid":"317"},{"id_application_action":"349","action":"349","name":"Create Salary Type","uid":"318"},{"id_application_action":"350","action":"350","name":"Save \\/ Edit Salary Type","uid":"319"},{"id_application_action":"351","action":"351","name":"Edit Salary Type","uid":"320"},{"id_application_action":"352","action":"352","name":"Create Timesheet","uid":"321"},{"id_application_action":"353","action":"353","name":"View Salary Type","uid":"322"},{"id_application_action":"354","action":"354","name":"View Salary Type","uid":"323"},{"id_application_action":"355","action":"355","name":"Save \\/ Edit Timesheet ","uid":"324"},{"id_application_action":"356","action":"356","name":"View Payroll Periode","uid":"325"},{"id_application_action":"357","action":"357","name":"Create Payroll Periode","uid":"326"},{"id_application_action":"358","action":"358","name":"Save \\/ Edit Log Error","uid":"327"},{"id_application_action":"359","action":"359","name":"Edit Payroll Periode","uid":"328"},{"id_application_action":"360","action":"360","name":"Delete Payroll Periode","uid":"329"},{"id_application_action":"361","action":"361","name":"View Request Overtime","uid":"330"},{"id_application_action":"362","action":"362","name":"Create Request Overtime","uid":"331"},{"id_application_action":"363","action":"363","name":"Save \\/ Edit Overtime","uid":"332"},{"id_application_action":"364","action":"364","name":"Edit Overtime","uid":"333"},{"id_application_action":"365","action":"365","name":"Delete Overtime","uid":"334"},{"id_application_action":"366","action":"366","name":"Validate Overtime","uid":"335"},{"id_application_action":"367","action":"367","name":"View Insentive","uid":"336"},{"id_application_action":"368","action":"368","name":"View Monitoring Timesheet ","uid":"337"},{"id_application_action":"369","action":"369","name":"Create Insentive","uid":"338"},{"id_application_action":"370","action":"370","name":"Save \\/ Edit Insentive","uid":"339"},{"id_application_action":"371","action":"371","name":"Edit Overtime","uid":"340"},{"id_application_action":"372","action":"372","name":"Delete Insentive","uid":"341"},{"id_application_action":"373","action":"373","name":"Validate Work Order","uid":"342"},{"id_application_action":"374","action":"374","name":"Edit Timesheet","uid":"343"},{"id_application_action":"375","action":"375","name":"View Recruitment","uid":"344"},{"id_application_action":"376","action":"376","name":"Create Recruitment","uid":"345"},{"id_application_action":"377","action":"377","name":"Save\\/Edit Recruitment","uid":"346"},{"id_application_action":"378","action":"378","name":"Delete Recruitment","uid":"347"},{"id_application_action":"379","action":"379","name":"Edit Recruitment","uid":"348"},{"id_application_action":"380","action":"380","name":"View Request Overtime","uid":"349"},{"id_application_action":"381","action":"381","name":"Create Request Overtime","uid":"350"},{"id_application_action":"382","action":"382","name":"Save\\/Edit Overtime","uid":"351"},{"id_application_action":"383","action":"383","name":"Delete Overtime","uid":"352"},{"id_application_action":"384","action":"384","name":"Edit Overtime","uid":"353"},{"id_application_action":"385","action":"385","name":"Validate Overtime","uid":"354"},{"id_application_action":"386","action":"386","name":"View Insentive","uid":"355"},{"id_application_action":"387","action":"387","name":"Create Request Insentive","uid":"356"},{"id_application_action":"388","action":"388","name":"Save\\/Edit Insentive","uid":"357"},{"id_application_action":"389","action":"389","name":"Delete Insentive","uid":"358"},{"id_application_action":"390","action":"390","name":"Edit Insentive","uid":"359"},{"id_application_action":"391","action":"391","name":"Delete Salary Type","uid":"360"},{"id_application_action":"392","action":"392","name":"Save\\/Edit Payroll Periode","uid":"361"},{"id_application_action":"393","action":"393","name":"View Detail Payroll","uid":"362"},{"id_application_action":"398","action":"398","name":"View Detail Customer","uid":"363"},{"id_application_action":"397","action":"397","name":"View Detail Work Order","uid":"364"},{"id_application_action":"396","action":"396","name":"View Detail Sales Order","uid":"365"},{"id_application_action":"395","action":"395","name":"View Detail Quotation","uid":"366"},{"id_application_action":"394","action":"394","name":"View Detail Inquiry","uid":"367"},{"id_application_action":"399","action":"399","name":"View Detail Product Definition","uid":"368"},{"id_application_action":"400","action":"400","name":"View Timesheet Device Log","uid":"369"},{"id_application_action":"407","name":"Import Excel Recruitment","uid":"370","id":"370"},{"id_application_action":"406","name":"Save\\/Edit Invoice","uid":"371","id":"371"},{"id_application_action":"405","name":"Create Invoice","uid":"372","id":"372"},{"id_application_action":"404","name":"View Invoice","uid":"373","id":"373"},{"id_application_action":"403","name":"Create Cost Element Template","uid":"374","id":"374"},{"id_application_action":"402","name":"View Cost Element Template","uid":"375","id":"375"},{"id_application_action":"401","name":"View Cost Element","uid":"376","id":"376"},{"id_application_action":"410","name":"Validate Work Order","uid":"377","id":"377"}],"is_edit":"true","id_role":"1"}', '2015-04-08 00:10:33'),
(353, 'Save/Edit Side Menu', 'side_menu', NULL, 2, 'Save/Edit Side Menu', 9, '{}', '2015-04-08 00:12:24'),
(354, 'Save/Edit Customer', 'customer', NULL, 2, 'Save/Edit Customer', 46, '{}', '2015-04-08 00:15:53'),
(355, 'Save/Edit Inquiry', 'inquiry', NULL, 2, 'Save/Edit Inquiry', 113, '{}', '2015-04-08 00:16:07'),
(356, 'Validate Inquiry', 'inquiry', NULL, 2, 'Validate Inquiry', 264, '{"id_inquiry":"10","status":"open"}', '2015-04-08 00:16:14'),
(357, 'Save/Edit Quotation', 'quotation', NULL, 2, 'Save/Edit Quotation', 123, '{}', '2015-04-08 00:16:38'),
(358, 'Make Working Schedule', 'quotation', NULL, 2, 'Make Working Schedule', 263, '{}', '2015-04-08 00:16:50'),
(359, 'Save/Edit Work Schedule', 'work_schedule', NULL, 2, 'Save/Edit Work Schedule', 148, '{}', '2015-04-08 00:17:52'),
(360, 'Save/Edit Side Menu', 'side_menu', NULL, 2, 'Save/Edit Side Menu', 9, '{}', '2015-04-08 00:41:56'),
(361, 'Save/Edit Quotation', 'quotation', NULL, 2, 'Save/Edit Quotation', 123, '{}', '2015-04-08 00:43:56'),
(362, 'Validate Quotation', 'quotation', NULL, 2, 'Validate Quotation', 265, '{"id_quotation":"10","status":"open"}', '2015-04-08 00:44:01'),
(363, 'Save Sales Order', 'so', NULL, 2, 'Save Sales Order', 76, '{}', '2015-04-08 00:45:17'),
(364, 'Validate Sales Order', 'so', NULL, 2, 'Validate Sales Order', 266, '{"id_so":"6","status":"open"}', '2015-04-08 00:45:24'),
(365, 'Confirm Sales Order', 'so', NULL, 2, 'Confirm Sales Order', 267, '{"id_so":"6","id_work_order":9,"status":"close"}', '2015-04-08 00:45:27'),
(366, 'Save/Edit Action', 'action', NULL, 2, 'Save/Edit Action', 10, '{"name":"Edit Payroll Periode","uname":"edit_payroll_periode","controller":"payroll_periode","function_exec":"init_edit_payroll_periode","function_args":"id","view_type":"form","view_file":"payroll_periode_ce","prefix":"","action_type":"view","action_button":"save_discard_generate","target_action":"","use_log":"0","is_edit":"true","id_edit":"359"}', '2015-04-08 01:23:31'),
(367, 'Save/Edit Side Menu', 'side_menu', NULL, 2, 'Save/Edit Side Menu', 9, '{}', '2015-04-08 01:25:07'),
(368, 'Delete Side Menu', 'side_menu', NULL, 2, 'Delete Side Menu', 8, '{}', '2015-04-08 01:28:57'),
(369, 'Save/Edit Inquiry', 'inquiry', NULL, 2, 'Save/Edit Inquiry', 113, '{}', '2015-04-08 11:06:03'),
(370, 'Validate Inquiry', 'inquiry', NULL, 2, 'Validate Inquiry', 264, '{"id_inquiry":"11","status":"open"}', '2015-04-08 11:06:22'),
(371, 'Save/Edit Quotation', 'quotation', NULL, 2, 'Save/Edit Quotation', 123, '{}', '2015-04-08 11:07:17'),
(372, 'Make Working Schedule', 'quotation', NULL, 2, 'Make Working Schedule', 263, '{}', '2015-04-08 11:08:32'),
(373, 'Save/Edit Work Schedule', 'work_schedule', NULL, 2, 'Save/Edit Work Schedule', 148, '{}', '2015-04-08 11:09:48'),
(374, 'Save/Edit Action', 'action', NULL, 2, 'Save/Edit Action', 10, '{"name":"View Cost Element","uname":"view_cost_element","controller":"quotation","function_exec":"init_view_cost_element","function_args":"id_quote","view_type":"gridview","view_file":"cost_element_list","prefix":"","action_type":"view","action_button":"no_button","target_action":"","use_log":"0","is_edit":"true","id_edit":"401"}', '2015-04-08 11:57:02'),
(375, 'Save/Edit Action', 'action', NULL, 2, 'Save/Edit Action', 10, '{"name":"View Cost Element","uname":"view_cost_element","controller":"quotation","function_exec":"init_view_cost_element","function_args":"id_quote","view_type":"gridview","view_file":"cost_element_list","prefix":"","action_type":"view","action_button":"save","target_action":"","use_log":"0","is_edit":"true","id_edit":"401"}', '2015-04-08 12:10:35'),
(376, 'Save/Edit Action', 'action', NULL, 2, 'Save/Edit Action', 10, '{"name":"Save Cost Element","uname":"save_cost_element","controller":"quotation","function_exec":"","function_args":"","view_type":"no_view","view_file":"","prefix":"","action_type":"view","action_button":"no_button","target_action":"121","use_log":"1","is_edit":"false","id_edit":""}', '2015-04-08 12:44:10');
INSERT INTO `activity_log` (`id_log`, `activity`, `object`, `object_id`, `user`, `description`, `action`, `field_data`, `date_create`) VALUES
(377, 'Save/Edit Role', 'role', NULL, 2, 'Save/Edit Role', 20, '{"name":"administrator","action_detail":[{"id_application_action":"1","action":"1","name":"View Application Action","uid":"0"},{"id_application_action":"2","action":"2","name":"Create Application Action","uid":"1"},{"id_application_action":"3","action":"3","name":"Edit Application Action","uid":"2"},{"id_application_action":"4","action":"4","name":"Delete Application Action","uid":"3"},{"id_application_action":"5","action":"5","name":"View Side Menu","uid":"4"},{"id_application_action":"6","action":"6","name":"Create Side Menu","uid":"5"},{"id_application_action":"7","action":"7","name":"Edit Side Menu","uid":"6"},{"id_application_action":"8","action":"8","name":"Delete Side Menu","uid":"7"},{"id_application_action":"9","action":"9","name":"Save\\/Edit Side Menu","uid":"8"},{"id_application_action":"10","action":"10","name":"Save\\/Edit Action","uid":"9"},{"id_application_action":"11","action":"11","name":"View Division","uid":"10"},{"id_application_action":"12","action":"12","name":"Create Division","uid":"11"},{"id_application_action":"13","action":"13","name":"Save\\/Edit Division","uid":"12"},{"id_application_action":"14","action":"14","name":"Edit Division","uid":"13"},{"id_application_action":"15","action":"15","name":"Delete Division","uid":"14"},{"id_application_action":"16","action":"16","name":"View Role","uid":"15"},{"id_application_action":"17","action":"17","name":"View Create Role","uid":"16"},{"id_application_action":"18","action":"18","name":"View Edit Role","uid":"17"},{"id_application_action":"19","action":"19","name":"Delete Role","uid":"18"},{"id_application_action":"20","action":"20","name":"Save\\/Edit Role","uid":"19"},{"id_application_action":"21","action":"21","name":"View Product","uid":"20"},{"id_application_action":"22","action":"22","name":"Create Product","uid":"21"},{"id_application_action":"23","action":"23","name":"Edit Product","uid":"22"},{"id_application_action":"24","action":"24","name":"Delete Product","uid":"23"},{"id_application_action":"25","action":"25","name":"Save\\/Edit Product","uid":"24"},{"id_application_action":"26","action":"26","name":"View Supplier","uid":"25"},{"id_application_action":"27","action":"27","name":"Create Supplier","uid":"26"},{"id_application_action":"28","action":"28","name":"Edit Supplier","uid":"27"},{"id_application_action":"29","action":"29","name":"Delete Supplier","uid":"28"},{"id_application_action":"30","action":"30","name":"Save\\/Edit Supplier","uid":"29"},{"id_application_action":"31","action":"31","name":"View Product Category","uid":"30"},{"id_application_action":"32","action":"32","name":"Create Product Category","uid":"31"},{"id_application_action":"33","action":"33","name":"Edit Product Category","uid":"32"},{"id_application_action":"34","action":"34","name":"Delete Product Category","uid":"33"},{"id_application_action":"35","action":"35","name":"Save\\/Edit Product Category","uid":"34"},{"id_application_action":"36","action":"36","name":"View Merk","uid":"35"},{"id_application_action":"37","action":"37","name":"Create Merk","uid":"36"},{"id_application_action":"38","action":"38","name":"Edit Merk","uid":"37"},{"id_application_action":"39","action":"39","name":"Delete Merk","uid":"38"},{"id_application_action":"40","action":"40","name":"Save\\/Edit Merk","uid":"39"},{"id_application_action":"41","action":"41","name":"View Customer","uid":"40"},{"id_application_action":"43","action":"43","name":"Create Customer","uid":"41"},{"id_application_action":"44","action":"44","name":"Edit Customer","uid":"42"},{"id_application_action":"45","action":"45","name":"Delete Customer","uid":"43"},{"id_application_action":"46","action":"46","name":"Save\\/Edit Customer","uid":"44"},{"id_application_action":"47","action":"47","name":"View Warehouse","uid":"45"},{"id_application_action":"48","action":"48","name":"Create Warehouse","uid":"46"},{"id_application_action":"49","action":"49","name":"Edit Warehouse","uid":"47"},{"id_application_action":"50","action":"50","name":"Delete Warehouse","uid":"48"},{"id_application_action":"51","action":"51","name":"Save\\/Edit Warehouse","uid":"49"},{"id_application_action":"57","action":"57","name":"View PO","uid":"50"},{"id_application_action":"58","action":"58","name":"Create PO","uid":"51"},{"id_application_action":"59","action":"59","name":"Edit PO","uid":"52"},{"id_application_action":"60","action":"60","name":"Delete PO","uid":"53"},{"id_application_action":"61","action":"61","name":"Save\\/Edit PO","uid":"54"},{"id_application_action":"62","action":"62","name":"View User","uid":"55"},{"id_application_action":"63","action":"63","name":"Create User","uid":"56"},{"id_application_action":"64","action":"64","name":"Edit User","uid":"57"},{"id_application_action":"65","action":"65","name":"Delete User","uid":"58"},{"id_application_action":"66","action":"66","name":"Save\\/Edit User","uid":"59"},{"id_application_action":"67","action":"67","name":"View Good Receive","uid":"60"},{"id_application_action":"68","action":"68","name":"Create Good Receive","uid":"61"},{"id_application_action":"69","action":"69","name":"Edit Good Receive","uid":"62"},{"id_application_action":"70","action":"70","name":"Delete Good Receive","uid":"63"},{"id_application_action":"71","action":"71","name":"Save\\/Edit Good Receive","uid":"64"},{"id_application_action":"72","action":"72","name":"View Sales Order","uid":"65"},{"id_application_action":"73","action":"73","name":"Create Sales Order","uid":"66"},{"id_application_action":"74","action":"74","name":"Edit Sales Order","uid":"67"},{"id_application_action":"75","action":"75","name":"Delete Sales Order","uid":"68"},{"id_application_action":"76","action":"76","name":"Save Sales Order","uid":"69"},{"id_application_action":"77","action":"77","name":"View Material Request","uid":"70"},{"id_application_action":"78","action":"78","name":"Create Material Request","uid":"71"},{"id_application_action":"79","action":"79","name":"Edit Material Request","uid":"72"},{"id_application_action":"80","action":"80","name":"Delete Material Request","uid":"73"},{"id_application_action":"81","action":"81","name":"Save Material Request","uid":"74"},{"id_application_action":"82","action":"82","name":"Change User Password","uid":"75"},{"id_application_action":"83","action":"83","name":"View Delivery Note","uid":"76"},{"id_application_action":"84","action":"84","name":"Create Delivery Note","uid":"77"},{"id_application_action":"85","action":"85","name":"Edit Delivery Note","uid":"78"},{"id_application_action":"86","action":"86","name":"Delete Delivery Note","uid":"79"},{"id_application_action":"87","action":"87","name":"Save\\/Edit Delivery Note","uid":"80"},{"id_application_action":"88","action":"88","name":"View Unit Measure","uid":"81"},{"id_application_action":"89","action":"89","name":"Create Unit Measure","uid":"82"},{"id_application_action":"90","action":"90","name":"Edit Unit Measure","uid":"83"},{"id_application_action":"91","action":"91","name":"Delete Unit Measure","uid":"84"},{"id_application_action":"92","action":"92","name":"Save\\/Edit Unit Measure","uid":"85"},{"id_application_action":"93","action":"93","name":"View Stock","uid":"86"},{"id_application_action":"94","action":"94","name":"View Employee","uid":"87"},{"id_application_action":"95","action":"95","name":"Create Employee","uid":"88"},{"id_application_action":"96","action":"96","name":"Edit Employee","uid":"89"},{"id_application_action":"97","action":"97","name":"Delete Employee","uid":"90"},{"id_application_action":"98","action":"98","name":"Save\\/Edit Employee","uid":"91"},{"id_application_action":"99","action":"99","name":"Validate PO","uid":"92"},{"id_application_action":"100","action":"100","name":"Create Database Interface","uid":"93"},{"id_application_action":"101","action":"101","name":"Edit Database Interface","uid":"94"},{"id_application_action":"102","action":"102","name":"Delete Database Interface","uid":"95"},{"id_application_action":"103","action":"103","name":"Save \\/ Edit Database Interface","uid":"96"},{"id_application_action":"104","action":"104","name":"View Database Field Interface","uid":"97"},{"id_application_action":"105","action":"105","name":"Create Database Field Interface","uid":"98"},{"id_application_action":"106","action":"106","name":"Edit Database Field Interface","uid":"99"},{"id_application_action":"107","action":"107","name":"Delete Database Field Interface","uid":"100"},{"id_application_action":"108","action":"108","name":"Save \\/ Edit Database Field Interface","uid":"101"},{"id_application_action":"109","action":"109","name":"View Inquiry","uid":"102"},{"id_application_action":"110","action":"110","name":"Create Inquiry","uid":"103"},{"id_application_action":"111","action":"111","name":"Edit Inquiry","uid":"104"},{"id_application_action":"112","action":"112","name":"Delete Inquiry","uid":"105"},{"id_application_action":"113","action":"113","name":"Save\\/Edit Inquiry","uid":"106"},{"id_application_action":"114","action":"114","name":"View Survey \\/ Assessment","uid":"107"},{"id_application_action":"115","action":"115","name":"Create Survey \\/ Assessment","uid":"108"},{"id_application_action":"116","action":"116","name":"Edit Survey \\/ Assessment","uid":"109"},{"id_application_action":"117","action":"117","name":"Delete Survey \\/ Assessment","uid":"110"},{"id_application_action":"118","action":"118","name":"Save\\/Edit Survey \\/ Assessment","uid":"111"},{"id_application_action":"119","action":"119","name":"View Quotation","uid":"112"},{"id_application_action":"120","action":"120","name":"Create Quotation","uid":"113"},{"id_application_action":"121","action":"121","name":"Edit Quotation","uid":"114"},{"id_application_action":"122","action":"122","name":"Delete Quotation","uid":"115"},{"id_application_action":"123","action":"123","name":"Save\\/Edit Quotation","uid":"116"},{"id_application_action":"124","action":"124","name":"View Project Contract","uid":"117"},{"id_application_action":"125","action":"125","name":"Create Project Contract","uid":"118"},{"id_application_action":"126","action":"126","name":"Edit Project Contract","uid":"119"},{"id_application_action":"127","action":"127","name":"Delete Project Contract","uid":"120"},{"id_application_action":"128","action":"128","name":"Save\\/Edit Project Contract","uid":"121"},{"id_application_action":"129","action":"129","name":"View Work Order","uid":"122"},{"id_application_action":"130","action":"130","name":"Create Work Order","uid":"123"},{"id_application_action":"131","action":"131","name":"Edit Work Order","uid":"124"},{"id_application_action":"132","action":"132","name":"Delete Work Order","uid":"125"},{"id_application_action":"133","action":"133","name":"Save\\/Edit Work Order","uid":"126"},{"id_application_action":"134","action":"134","name":"View Assessment Template","uid":"127"},{"id_application_action":"135","action":"135","name":"Create Assessment Template","uid":"128"},{"id_application_action":"136","action":"136","name":"Edit Assessment Template","uid":"129"},{"id_application_action":"137","action":"137","name":"Delete Assessment Template","uid":"130"},{"id_application_action":"138","action":"138","name":"Save\\/Edit Assessment Template","uid":"131"},{"id_application_action":"139","action":"139","name":"View Contract Template","uid":"132"},{"id_application_action":"140","action":"140","name":"Create Contract Template","uid":"133"},{"id_application_action":"141","action":"141","name":"Edit Contract Template","uid":"134"},{"id_application_action":"142","action":"142","name":"Delete Contract Template","uid":"135"},{"id_application_action":"143","action":"143","name":"Save\\/Edit Contract Template","uid":"136"},{"id_application_action":"144","action":"144","name":"View Work Schedule","uid":"137"},{"id_application_action":"145","action":"145","name":"Create Work Schedule","uid":"138"},{"id_application_action":"146","action":"146","name":"Edit Work Schedule","uid":"139"},{"id_application_action":"147","action":"147","name":"Delete Work Schedule","uid":"140"},{"id_application_action":"148","action":"148","name":"Save\\/Edit Work Schedule","uid":"141"},{"id_application_action":"149","action":"149","name":"View SO Assignment","uid":"142"},{"id_application_action":"150","action":"150","name":"Create SO Assignment","uid":"143"},{"id_application_action":"151","action":"151","name":"Edit SO Assignment","uid":"144"},{"id_application_action":"152","action":"152","name":"Delete SO Assignment","uid":"145"},{"id_application_action":"153","action":"153","name":"Save\\/Edit SO Assignment","uid":"146"},{"id_application_action":"154","action":"154","name":"View Shift Change","uid":"147"},{"id_application_action":"155","action":"155","name":"Create Shift Change","uid":"148"},{"id_application_action":"156","action":"156","name":"Edit Shift Change","uid":"149"},{"id_application_action":"157","action":"157","name":"Delete Shift Change","uid":"150"},{"id_application_action":"158","action":"158","name":"Save\\/Edit Shift Change","uid":"151"},{"id_application_action":"159","action":"159","name":"View Leave Application","uid":"152"},{"id_application_action":"160","action":"160","name":"Create Leave Application","uid":"153"},{"id_application_action":"161","action":"161","name":"Edit Leave Application","uid":"154"},{"id_application_action":"162","action":"162","name":"Delete Leave Application","uid":"155"},{"id_application_action":"163","action":"163","name":"Save\\/Edit Leave Application","uid":"156"},{"id_application_action":"164","action":"164","name":"View Timesheet","uid":"157"},{"id_application_action":"165","action":"165","name":"Create Timesheet ","uid":"158"},{"id_application_action":"166","action":"166","name":"Edit Timesheet (Recap)","uid":"159"},{"id_application_action":"167","action":"167","name":"Delete Timesheet (Recap)","uid":"160"},{"id_application_action":"168","action":"168","name":"Save\\/Edit Timesheet (Recap)","uid":"161"},{"id_application_action":"169","action":"169","name":"View SO Timesheet","uid":"162"},{"id_application_action":"170","action":"170","name":"Create SO Timesheet","uid":"163"},{"id_application_action":"171","action":"171","name":"Edit SO Timesheet","uid":"164"},{"id_application_action":"172","action":"172","name":"Delete SO Timesheet","uid":"165"},{"id_application_action":"173","action":"173","name":"Save\\/Edit SO Timesheet","uid":"166"},{"id_application_action":"174","action":"174","name":"View Incident Report","uid":"167"},{"id_application_action":"175","action":"175","name":"Create Incident Report","uid":"168"},{"id_application_action":"176","action":"176","name":"Edit Incident Report","uid":"169"},{"id_application_action":"177","action":"177","name":"Delete Incident Report","uid":"170"},{"id_application_action":"178","action":"178","name":"Save\\/Edit Incident Report","uid":"171"},{"id_application_action":"179","action":"179","name":"View Payroll","uid":"172"},{"id_application_action":"180","action":"180","name":"Create Payroll","uid":"173"},{"id_application_action":"181","action":"181","name":"Edit Payroll","uid":"174"},{"id_application_action":"182","action":"182","name":"Delete Payroll","uid":"175"},{"id_application_action":"183","action":"183","name":"Save\\/Edit Payroll","uid":"176"},{"id_application_action":"184","action":"184","name":"View Supplier Invoice","uid":"177"},{"id_application_action":"185","action":"185","name":"Create Supplier Invoice","uid":"178"},{"id_application_action":"186","action":"186","name":"Edit Supplier Invoice","uid":"179"},{"id_application_action":"187","action":"187","name":"Delete Supplier Invoice","uid":"180"},{"id_application_action":"188","action":"188","name":"Save\\/Edit Supplier Invoice","uid":"181"},{"id_application_action":"189","action":"189","name":"View Customer Invoice","uid":"182"},{"id_application_action":"190","action":"190","name":"Create Customer Invoice","uid":"183"},{"id_application_action":"191","action":"191","name":"Edit Customer Invoice","uid":"184"},{"id_application_action":"192","action":"192","name":"Delete Customer Invoice","uid":"185"},{"id_application_action":"193","action":"193","name":"Save\\/Edit Customer Invoice","uid":"186"},{"id_application_action":"194","action":"194","name":"View Bank Statement","uid":"187"},{"id_application_action":"195","action":"195","name":"Create Bank Statement","uid":"188"},{"id_application_action":"196","action":"196","name":"Edit Bank Statement","uid":"189"},{"id_application_action":"197","action":"197","name":"Delete Bank Statement","uid":"190"},{"id_application_action":"198","action":"198","name":"Save\\/Edit Bank Statement","uid":"191"},{"id_application_action":"199","action":"199","name":"View Cash Register","uid":"192"},{"id_application_action":"200","action":"200","name":"Create Cash Register","uid":"193"},{"id_application_action":"201","action":"201","name":"Edit Cash Register","uid":"194"},{"id_application_action":"202","action":"202","name":"Delete Cash Register","uid":"195"},{"id_application_action":"203","action":"203","name":"Save\\/Edit Cash Register","uid":"196"},{"id_application_action":"204","action":"204","name":"View Tax","uid":"197"},{"id_application_action":"205","action":"205","name":"Create Tax","uid":"198"},{"id_application_action":"206","action":"206","name":"Edit Tax","uid":"199"},{"id_application_action":"207","action":"207","name":"Delete Tax","uid":"200"},{"id_application_action":"208","action":"208","name":"Save\\/Edit Tax","uid":"201"},{"id_application_action":"209","action":"209","name":"View Chart of Account","uid":"202"},{"id_application_action":"210","action":"210","name":"Create Chart of Account","uid":"203"},{"id_application_action":"211","action":"211","name":"Edit Chart of Account","uid":"204"},{"id_application_action":"212","action":"212","name":"Delete Chart of Account","uid":"205"},{"id_application_action":"213","action":"213","name":"Save\\/Edit Chart of Account","uid":"206"},{"id_application_action":"214","action":"214","name":"View Employee Salary","uid":"207"},{"id_application_action":"215","action":"215","name":"Create Employee Salary","uid":"208"},{"id_application_action":"216","action":"216","name":"Edit Employee Salary","uid":"209"},{"id_application_action":"217","action":"217","name":"Delete Employee Salary","uid":"210"},{"id_application_action":"218","action":"218","name":"Save\\/Edit Employee Salary","uid":"211"},{"id_application_action":"219","action":"219","name":"View Salary Setting","uid":"212"},{"id_application_action":"220","action":"220","name":"Create Salary Setting","uid":"213"},{"id_application_action":"221","action":"221","name":"Edit Salary Setting","uid":"214"},{"id_application_action":"222","action":"222","name":"Delete Salary Setting","uid":"215"},{"id_application_action":"223","action":"223","name":"Save\\/Edit Salary Setting","uid":"216"},{"id_application_action":"224","action":"224","name":"View Database Interface","uid":"217"},{"id_application_action":"225","action":"225","name":"Pick Assessment Template","uid":"218"},{"id_application_action":"226","action":"226","name":"View Organisation Structure","uid":"219"},{"id_application_action":"227","action":"227","name":"Create Organisation Structure","uid":"220"},{"id_application_action":"228","action":"228","name":"Edit Organisation Structure","uid":"221"},{"id_application_action":"229","action":"229","name":"Delete Organisation Structure","uid":"222"},{"id_application_action":"230","action":"230","name":"Save\\/Edit Organisation Structure","uid":"223"},{"id_application_action":"231","action":"231","name":"View Position Level","uid":"224"},{"id_application_action":"232","action":"232","name":"Create Position Level","uid":"225"},{"id_application_action":"233","action":"233","name":"Edit Position Level","uid":"226"},{"id_application_action":"234","action":"234","name":"Delete Position Level","uid":"227"},{"id_application_action":"235","action":"235","name":"Save\\/Edit Position Level","uid":"228"},{"id_application_action":"236","action":"236","name":"View Employee Contract Type","uid":"229"},{"id_application_action":"237","action":"237","name":"Create Employee Contract Type","uid":"230"},{"id_application_action":"238","action":"238","name":"Edit Employee Contract Type","uid":"231"},{"id_application_action":"239","action":"239","name":"Delete Employee Contract Type","uid":"232"},{"id_application_action":"240","action":"240","name":"Save\\/Edit Employee Contract","uid":"233"},{"id_application_action":"241","action":"241","name":"View Bank","uid":"234"},{"id_application_action":"242","action":"242","name":"Create Bank","uid":"235"},{"id_application_action":"243","action":"243","name":"Edit Bank","uid":"236"},{"id_application_action":"244","action":"244","name":"Delete Bank","uid":"237"},{"id_application_action":"245","action":"245","name":"Save\\/Edit Bank","uid":"238"},{"id_application_action":"246","action":"246","name":"View Payment Receipt","uid":"239"},{"id_application_action":"247","action":"247","name":"Create Payment Receipt","uid":"240"},{"id_application_action":"248","action":"248","name":"Edit Payment Receipt","uid":"241"},{"id_application_action":"249","action":"249","name":"Save\\/Edit Payment Receipt","uid":"242"},{"id_application_action":"250","action":"250","name":"Delete Payment Receipt","uid":"243"},{"id_application_action":"251","action":"251","name":"Receive Payment From PO","uid":"244"},{"id_application_action":"252","action":"252","name":"Make Payment Receipt","uid":"245"},{"id_application_action":"253","action":"253","name":"Cancel Payment Receipt","uid":"246"},{"id_application_action":"254","action":"254","name":"View Stock Transaction","uid":"247"},{"id_application_action":"255","action":"255","name":"Create Stock Transaction","uid":"248"},{"id_application_action":"256","action":"256","name":"Edit Stock Transaction","uid":"249"},{"id_application_action":"257","action":"257","name":"Delete Stock Transaction","uid":"250"},{"id_application_action":"258","action":"258","name":"Save\\/Edit Stock Transaction","uid":"251"},{"id_application_action":"259","action":"259","name":"Post Stock Transaction","uid":"252"},{"id_application_action":"260","action":"260","name":"Unpost Stock Transaction","uid":"253"},{"id_application_action":"261","action":"261","name":"Transfer Good Receive","uid":"254"},{"id_application_action":"262","action":"262","name":"View Activity","uid":"255"},{"id_application_action":"263","action":"263","name":"Make Working Schedule","uid":"256"},{"id_application_action":"264","action":"264","name":"Validate Inquiry","uid":"257"},{"id_application_action":"265","action":"265","name":"Validate Quotation","uid":"258"},{"id_application_action":"266","action":"266","name":"Validate Sales Order","uid":"259"},{"id_application_action":"267","action":"267","name":"Confirm Sales Order","uid":"260"},{"id_application_action":"268","action":"268","name":"View Fingerprint Device","uid":"261"},{"id_application_action":"269","action":"269","name":"Create Fingerprint Device","uid":"262"},{"id_application_action":"270","action":"270","name":"Edit Fingerprint Device","uid":"263"},{"id_application_action":"271","action":"271","name":"Delete Fingerprint Device","uid":"264"},{"id_application_action":"272","action":"272","name":"Save\\/Edit Fingerprint Device","uid":"265"},{"id_application_action":"273","action":"273","name":"Activate Fingerprint","uid":"266"},{"id_application_action":"274","action":"274","name":"Deactivate Fingerprint","uid":"267"},{"id_application_action":"275","action":"275","name":"View Fingerprint Assign","uid":"268"},{"id_application_action":"276","action":"276","name":"Create Fingerprint Assign","uid":"269"},{"id_application_action":"277","action":"277","name":"Edit Fingerprint Assign","uid":"270"},{"id_application_action":"278","action":"278","name":"Delete Fingerprint Assign","uid":"271"},{"id_application_action":"279","action":"279","name":"Save\\/Edit Fingerprint Assign","uid":"272"},{"id_application_action":"280","action":"280","name":"Make SO Assignment","uid":"273"},{"id_application_action":"281","action":"281","name":"Assign Fingerprint Device","uid":"274"},{"id_application_action":"282","action":"282","name":"Unassign Fingerprint","uid":"275"},{"id_application_action":"283","action":"283","name":"Fingerprint Enroll","uid":"276"},{"id_application_action":"284","action":"284","name":"Save Fingerprint Enroll","uid":"277"},{"id_application_action":"292","action":"292","name":"View BOM","uid":"278"},{"id_application_action":"293","action":"293","name":"Create BOM","uid":"279"},{"id_application_action":"294","action":"294","name":"Edit BOM","uid":"280"},{"id_application_action":"295","action":"295","name":"Delete BOM","uid":"281"},{"id_application_action":"296","action":"296","name":"Save\\/Edit BOM","uid":"282"},{"id_application_action":"297","action":"297","name":"Validate BOM","uid":"283"},{"id_application_action":"298","action":"298","name":"View Join item","uid":"284"},{"id_application_action":"299","action":"299","name":"Create Join Item","uid":"285"},{"id_application_action":"300","action":"300","name":"Edit Join Item","uid":"286"},{"id_application_action":"301","action":"301","name":"Delete Join Item","uid":"287"},{"id_application_action":"302","action":"302","name":"Save\\/Edit Joint Item","uid":"288"},{"id_application_action":"303","action":"303","name":"Transfer Join Item","uid":"289"},{"id_application_action":"304","action":"304","name":"View Group","uid":"290"},{"id_application_action":"305","action":"305","name":"Create Group","uid":"291"},{"id_application_action":"306","action":"306","name":"Edit Group","uid":"292"},{"id_application_action":"307","action":"307","name":"Delete Group","uid":"293"},{"id_application_action":"308","action":"308","name":"Save\\/Edit Group","uid":"294"},{"id_application_action":"309","action":"309","name":"View Configuration Parameter","uid":"295"},{"id_application_action":"310","action":"310","name":"Create Configuration Parameter","uid":"296"},{"id_application_action":"311","action":"311","name":"Edit Configuration Parameter","uid":"297"},{"id_application_action":"312","action":"312","name":"Delete Configuration Parameter","uid":"298"},{"id_application_action":"313","action":"313","name":"Save\\/Edit Configuration Parameter","uid":"299"},{"id_application_action":"314","action":"314","name":"VIew Notification Setting","uid":"300"},{"id_application_action":"315","action":"315","name":"Create Notification Setting","uid":"301"},{"id_application_action":"316","action":"316","name":"Edit Notification Setting","uid":"302"},{"id_application_action":"317","action":"317","name":"Delete Notification Setting","uid":"303"},{"id_application_action":"318","action":"318","name":"Save\\/Edit Notification Setting","uid":"304"},{"id_application_action":"319","action":"319","name":"View Product Definition","uid":"305"},{"id_application_action":"320","action":"320","name":"Create Product Definition","uid":"306"},{"id_application_action":"321","action":"321","name":"Edit Product Definition","uid":"307"},{"id_application_action":"322","action":"322","name":"Delete Product Definition","uid":"308"},{"id_application_action":"323","action":"323","name":"Save\\/Edit Product Definition","uid":"309"},{"id_application_action":"342","action":"342","name":"View Log Error","uid":"310"},{"id_application_action":"343","action":"343","name":"Create Log Error","uid":"311"},{"id_application_action":"344","action":"344","name":"Save \\/ Edit Log Error","uid":"312"},{"id_application_action":"345","action":"345","name":"Edit Log  Error","uid":"313"},{"id_application_action":"346","action":"346","name":"Delete Log Error","uid":"314"},{"id_application_action":"347","action":"347","name":"Copy Record","uid":"315"},{"id_application_action":"347","action":"347","name":"Copy Record","uid":"316"},{"id_application_action":"348","action":"348","name":"View Salary Type","uid":"317"},{"id_application_action":"349","action":"349","name":"Create Salary Type","uid":"318"},{"id_application_action":"350","action":"350","name":"Save \\/ Edit Salary Type","uid":"319"},{"id_application_action":"351","action":"351","name":"Edit Salary Type","uid":"320"},{"id_application_action":"352","action":"352","name":"Create Timesheet","uid":"321"},{"id_application_action":"353","action":"353","name":"View Salary Type","uid":"322"},{"id_application_action":"354","action":"354","name":"View Salary Type","uid":"323"},{"id_application_action":"355","action":"355","name":"Save \\/ Edit Timesheet ","uid":"324"},{"id_application_action":"356","action":"356","name":"View Payroll Periode","uid":"325"},{"id_application_action":"357","action":"357","name":"Create Payroll Periode","uid":"326"},{"id_application_action":"358","action":"358","name":"Save \\/ Edit Log Error","uid":"327"},{"id_application_action":"359","action":"359","name":"Edit Payroll Periode","uid":"328"},{"id_application_action":"360","action":"360","name":"Delete Payroll Periode","uid":"329"},{"id_application_action":"361","action":"361","name":"View Request Overtime","uid":"330"},{"id_application_action":"362","action":"362","name":"Create Request Overtime","uid":"331"},{"id_application_action":"363","action":"363","name":"Save \\/ Edit Overtime","uid":"332"},{"id_application_action":"364","action":"364","name":"Edit Overtime","uid":"333"},{"id_application_action":"365","action":"365","name":"Delete Overtime","uid":"334"},{"id_application_action":"366","action":"366","name":"Validate Overtime","uid":"335"},{"id_application_action":"367","action":"367","name":"View Insentive","uid":"336"},{"id_application_action":"368","action":"368","name":"View Monitoring Timesheet ","uid":"337"},{"id_application_action":"369","action":"369","name":"Create Insentive","uid":"338"},{"id_application_action":"370","action":"370","name":"Save \\/ Edit Insentive","uid":"339"},{"id_application_action":"371","action":"371","name":"Edit Overtime","uid":"340"},{"id_application_action":"372","action":"372","name":"Delete Insentive","uid":"341"},{"id_application_action":"373","action":"373","name":"Validate Work Order","uid":"342"},{"id_application_action":"374","action":"374","name":"Edit Timesheet","uid":"343"},{"id_application_action":"375","action":"375","name":"View Recruitment","uid":"344"},{"id_application_action":"376","action":"376","name":"Create Recruitment","uid":"345"},{"id_application_action":"377","action":"377","name":"Save\\/Edit Recruitment","uid":"346"},{"id_application_action":"378","action":"378","name":"Delete Recruitment","uid":"347"},{"id_application_action":"379","action":"379","name":"Edit Recruitment","uid":"348"},{"id_application_action":"380","action":"380","name":"View Request Overtime","uid":"349"},{"id_application_action":"381","action":"381","name":"Create Request Overtime","uid":"350"},{"id_application_action":"382","action":"382","name":"Save\\/Edit Overtime","uid":"351"},{"id_application_action":"383","action":"383","name":"Delete Overtime","uid":"352"},{"id_application_action":"384","action":"384","name":"Edit Overtime","uid":"353"},{"id_application_action":"385","action":"385","name":"Validate Overtime","uid":"354"},{"id_application_action":"386","action":"386","name":"View Insentive","uid":"355"},{"id_application_action":"387","action":"387","name":"Create Request Insentive","uid":"356"},{"id_application_action":"388","action":"388","name":"Save\\/Edit Insentive","uid":"357"},{"id_application_action":"389","action":"389","name":"Delete Insentive","uid":"358"},{"id_application_action":"390","action":"390","name":"Edit Insentive","uid":"359"},{"id_application_action":"391","action":"391","name":"Delete Salary Type","uid":"360"},{"id_application_action":"392","action":"392","name":"Save\\/Edit Payroll Periode","uid":"361"},{"id_application_action":"393","action":"393","name":"View Detail Payroll","uid":"362"},{"id_application_action":"394","action":"394","name":"View Detail Inquiry","uid":"363"},{"id_application_action":"395","action":"395","name":"View Detail Quotation","uid":"364"},{"id_application_action":"396","action":"396","name":"View Detail Sales Order","uid":"365"},{"id_application_action":"397","action":"397","name":"View Detail Work Order","uid":"366"},{"id_application_action":"398","action":"398","name":"View Detail Customer","uid":"367"},{"id_application_action":"399","action":"399","name":"View Detail Product Definition","uid":"368"},{"id_application_action":"400","action":"400","name":"View Timesheet Device Log","uid":"369"},{"id_application_action":"401","action":"401","name":"View Cost Element","uid":"370"},{"id_application_action":"402","action":"402","name":"View Cost Element Template","uid":"371"},{"id_application_action":"403","action":"403","name":"Create Cost Element Template","uid":"372"},{"id_application_action":"404","action":"404","name":"View Invoice","uid":"373"},{"id_application_action":"405","action":"405","name":"Create Invoice","uid":"374"},{"id_application_action":"406","action":"406","name":"Save\\/Edit Invoice","uid":"375"},{"id_application_action":"407","action":"407","name":"Import Excel Recruitment","uid":"376"},{"id_application_action":"410","action":"410","name":"Validate Work Order","uid":"377"},{"id_application_action":"411","name":"Save Cost Element","uid":"378","id":"378"}],"is_edit":"true","id_role":"1"}', '2015-04-08 12:51:40'),
(378, 'Save Cost Element', 'quotation', NULL, 2, 'Save Cost Element', 411, '{}', '2015-04-08 12:52:09'),
(379, 'Save/Edit Action', 'action', NULL, 2, 'Save/Edit Action', 10, '{"name":"View Cost Element","uname":"view_cost_element_2","controller":"cost_element","function_exec":"","function_args":"","view_type":"gridview","view_file":"","prefix":"","action_type":"view","action_button":"crud","target_action":"","use_log":"0","is_edit":"false","id_edit":""}', '2015-04-09 15:03:54'),
(380, 'Save/Edit Action', 'action', NULL, 2, 'Save/Edit Action', 10, '{"name":"View Cost Element","uname":"view_cost_element_2","controller":"cost_element","function_exec":"","function_args":"","view_type":"gridview","view_file":"","prefix":"","action_type":"view","action_button":"crud","target_action":"","use_log":"0","is_edit":"true","id_edit":"412"}', '2015-04-09 15:04:07'),
(381, 'Save/Edit Action', 'action', NULL, 2, 'Save/Edit Action', 10, '{"name":"Create Cost Element","uname":"create_cost_element","controller":"cost_element","function_exec":"","function_args":"","view_type":"form","view_file":"","prefix":"","action_type":"view","action_button":"save_discard","target_action":"","use_log":"0","is_edit":"false","id_edit":""}', '2015-04-09 15:04:53'),
(382, 'Save/Edit Action', 'action', NULL, 2, 'Save/Edit Action', 10, '{"name":"Edit Cost Element","uname":"edit_cost_element","controller":"cost_element","function_exec":"init_edit_cost_element","function_args":"id","view_type":"form","view_file":"cost_element_ce","prefix":"","action_type":"view","action_button":"save_discard","target_action":"","use_log":"0","is_edit":"false","id_edit":""}', '2015-04-09 15:05:42'),
(383, 'Save/Edit Action', 'action', NULL, 2, 'Save/Edit Action', 10, '{"name":"View Cost Element","uname":"view_cost_element_2","controller":"cost_element","function_exec":"","function_args":"","view_type":"gridview","view_file":"cost_element_list","prefix":"","action_type":"view","action_button":"crud","target_action":"","use_log":"0","is_edit":"true","id_edit":"412"}', '2015-04-09 15:05:53'),
(384, 'Save/Edit Action', 'action', NULL, 2, 'Save/Edit Action', 10, '{"name":"Create Cost Element","uname":"create_cost_element","controller":"cost_element","function_exec":"","function_args":"","view_type":"form","view_file":"cost_element_ce","prefix":"","action_type":"view","action_button":"save_discard","target_action":"","use_log":"0","is_edit":"true","id_edit":"413"}', '2015-04-09 15:06:00'),
(385, 'Save/Edit Action', 'action', NULL, 2, 'Save/Edit Action', 10, '{"name":"Edit Cost Element","uname":"edit_cost_element","controller":"cost_element","function_exec":"init_edit_cost_element","function_args":"id","view_type":"form","view_file":"cost_element_ce","prefix":"","action_type":"view","action_button":"save_discard","target_action":"","use_log":"0","is_edit":"true","id_edit":"414"}', '2015-04-09 15:06:06'),
(386, 'Save/Edit Action', 'action', NULL, 2, 'Save/Edit Action', 10, '{"name":"Delete Cost Element","uname":"delete_cost_element","controller":"cost_element","function_exec":"delete_cost_element","function_args":"","view_type":"no_view","view_file":"","prefix":"","action_type":"delete","action_button":"no_button","target_action":"412","use_log":"1","is_edit":"false","id_edit":""}', '2015-04-09 15:08:17'),
(387, 'Save/Edit Action', 'action', NULL, 2, 'Save/Edit Action', 10, '{"name":"Save\\/Edit Cost Element","uname":"save_edit_cost_element","controller":"cost_element","function_exec":"","function_args":"","view_type":"no_view","view_file":"","prefix":"","action_type":"create","action_button":"no_button","target_action":"412","use_log":"1","is_edit":"false","id_edit":""}', '2015-04-09 15:08:57');
INSERT INTO `activity_log` (`id_log`, `activity`, `object`, `object_id`, `user`, `description`, `action`, `field_data`, `date_create`) VALUES
(388, 'Save/Edit Role', 'role', NULL, 2, 'Save/Edit Role', 20, '{"name":"administrator","action_detail":[{"id_application_action":"1","action":"1","name":"View Application Action","uid":"0"},{"id_application_action":"2","action":"2","name":"Create Application Action","uid":"1"},{"id_application_action":"3","action":"3","name":"Edit Application Action","uid":"2"},{"id_application_action":"4","action":"4","name":"Delete Application Action","uid":"3"},{"id_application_action":"5","action":"5","name":"View Side Menu","uid":"4"},{"id_application_action":"6","action":"6","name":"Create Side Menu","uid":"5"},{"id_application_action":"7","action":"7","name":"Edit Side Menu","uid":"6"},{"id_application_action":"8","action":"8","name":"Delete Side Menu","uid":"7"},{"id_application_action":"9","action":"9","name":"Save\\/Edit Side Menu","uid":"8"},{"id_application_action":"10","action":"10","name":"Save\\/Edit Action","uid":"9"},{"id_application_action":"11","action":"11","name":"View Division","uid":"10"},{"id_application_action":"12","action":"12","name":"Create Division","uid":"11"},{"id_application_action":"13","action":"13","name":"Save\\/Edit Division","uid":"12"},{"id_application_action":"14","action":"14","name":"Edit Division","uid":"13"},{"id_application_action":"15","action":"15","name":"Delete Division","uid":"14"},{"id_application_action":"16","action":"16","name":"View Role","uid":"15"},{"id_application_action":"17","action":"17","name":"View Create Role","uid":"16"},{"id_application_action":"18","action":"18","name":"View Edit Role","uid":"17"},{"id_application_action":"19","action":"19","name":"Delete Role","uid":"18"},{"id_application_action":"20","action":"20","name":"Save\\/Edit Role","uid":"19"},{"id_application_action":"21","action":"21","name":"View Product","uid":"20"},{"id_application_action":"22","action":"22","name":"Create Product","uid":"21"},{"id_application_action":"23","action":"23","name":"Edit Product","uid":"22"},{"id_application_action":"24","action":"24","name":"Delete Product","uid":"23"},{"id_application_action":"25","action":"25","name":"Save\\/Edit Product","uid":"24"},{"id_application_action":"26","action":"26","name":"View Supplier","uid":"25"},{"id_application_action":"27","action":"27","name":"Create Supplier","uid":"26"},{"id_application_action":"28","action":"28","name":"Edit Supplier","uid":"27"},{"id_application_action":"29","action":"29","name":"Delete Supplier","uid":"28"},{"id_application_action":"30","action":"30","name":"Save\\/Edit Supplier","uid":"29"},{"id_application_action":"31","action":"31","name":"View Product Category","uid":"30"},{"id_application_action":"32","action":"32","name":"Create Product Category","uid":"31"},{"id_application_action":"33","action":"33","name":"Edit Product Category","uid":"32"},{"id_application_action":"34","action":"34","name":"Delete Product Category","uid":"33"},{"id_application_action":"35","action":"35","name":"Save\\/Edit Product Category","uid":"34"},{"id_application_action":"36","action":"36","name":"View Merk","uid":"35"},{"id_application_action":"37","action":"37","name":"Create Merk","uid":"36"},{"id_application_action":"38","action":"38","name":"Edit Merk","uid":"37"},{"id_application_action":"39","action":"39","name":"Delete Merk","uid":"38"},{"id_application_action":"40","action":"40","name":"Save\\/Edit Merk","uid":"39"},{"id_application_action":"41","action":"41","name":"View Customer","uid":"40"},{"id_application_action":"43","action":"43","name":"Create Customer","uid":"41"},{"id_application_action":"44","action":"44","name":"Edit Customer","uid":"42"},{"id_application_action":"45","action":"45","name":"Delete Customer","uid":"43"},{"id_application_action":"46","action":"46","name":"Save\\/Edit Customer","uid":"44"},{"id_application_action":"47","action":"47","name":"View Warehouse","uid":"45"},{"id_application_action":"48","action":"48","name":"Create Warehouse","uid":"46"},{"id_application_action":"49","action":"49","name":"Edit Warehouse","uid":"47"},{"id_application_action":"50","action":"50","name":"Delete Warehouse","uid":"48"},{"id_application_action":"51","action":"51","name":"Save\\/Edit Warehouse","uid":"49"},{"id_application_action":"57","action":"57","name":"View PO","uid":"50"},{"id_application_action":"58","action":"58","name":"Create PO","uid":"51"},{"id_application_action":"59","action":"59","name":"Edit PO","uid":"52"},{"id_application_action":"60","action":"60","name":"Delete PO","uid":"53"},{"id_application_action":"61","action":"61","name":"Save\\/Edit PO","uid":"54"},{"id_application_action":"62","action":"62","name":"View User","uid":"55"},{"id_application_action":"63","action":"63","name":"Create User","uid":"56"},{"id_application_action":"64","action":"64","name":"Edit User","uid":"57"},{"id_application_action":"65","action":"65","name":"Delete User","uid":"58"},{"id_application_action":"66","action":"66","name":"Save\\/Edit User","uid":"59"},{"id_application_action":"67","action":"67","name":"View Good Receive","uid":"60"},{"id_application_action":"68","action":"68","name":"Create Good Receive","uid":"61"},{"id_application_action":"69","action":"69","name":"Edit Good Receive","uid":"62"},{"id_application_action":"70","action":"70","name":"Delete Good Receive","uid":"63"},{"id_application_action":"71","action":"71","name":"Save\\/Edit Good Receive","uid":"64"},{"id_application_action":"72","action":"72","name":"View Sales Order","uid":"65"},{"id_application_action":"73","action":"73","name":"Create Sales Order","uid":"66"},{"id_application_action":"74","action":"74","name":"Edit Sales Order","uid":"67"},{"id_application_action":"75","action":"75","name":"Delete Sales Order","uid":"68"},{"id_application_action":"76","action":"76","name":"Save Sales Order","uid":"69"},{"id_application_action":"77","action":"77","name":"View Material Request","uid":"70"},{"id_application_action":"78","action":"78","name":"Create Material Request","uid":"71"},{"id_application_action":"79","action":"79","name":"Edit Material Request","uid":"72"},{"id_application_action":"80","action":"80","name":"Delete Material Request","uid":"73"},{"id_application_action":"81","action":"81","name":"Save Material Request","uid":"74"},{"id_application_action":"82","action":"82","name":"Change User Password","uid":"75"},{"id_application_action":"83","action":"83","name":"View Delivery Note","uid":"76"},{"id_application_action":"84","action":"84","name":"Create Delivery Note","uid":"77"},{"id_application_action":"85","action":"85","name":"Edit Delivery Note","uid":"78"},{"id_application_action":"86","action":"86","name":"Delete Delivery Note","uid":"79"},{"id_application_action":"87","action":"87","name":"Save\\/Edit Delivery Note","uid":"80"},{"id_application_action":"88","action":"88","name":"View Unit Measure","uid":"81"},{"id_application_action":"89","action":"89","name":"Create Unit Measure","uid":"82"},{"id_application_action":"90","action":"90","name":"Edit Unit Measure","uid":"83"},{"id_application_action":"91","action":"91","name":"Delete Unit Measure","uid":"84"},{"id_application_action":"92","action":"92","name":"Save\\/Edit Unit Measure","uid":"85"},{"id_application_action":"93","action":"93","name":"View Stock","uid":"86"},{"id_application_action":"94","action":"94","name":"View Employee","uid":"87"},{"id_application_action":"95","action":"95","name":"Create Employee","uid":"88"},{"id_application_action":"96","action":"96","name":"Edit Employee","uid":"89"},{"id_application_action":"97","action":"97","name":"Delete Employee","uid":"90"},{"id_application_action":"98","action":"98","name":"Save\\/Edit Employee","uid":"91"},{"id_application_action":"99","action":"99","name":"Validate PO","uid":"92"},{"id_application_action":"100","action":"100","name":"Create Database Interface","uid":"93"},{"id_application_action":"101","action":"101","name":"Edit Database Interface","uid":"94"},{"id_application_action":"102","action":"102","name":"Delete Database Interface","uid":"95"},{"id_application_action":"103","action":"103","name":"Save \\/ Edit Database Interface","uid":"96"},{"id_application_action":"104","action":"104","name":"View Database Field Interface","uid":"97"},{"id_application_action":"105","action":"105","name":"Create Database Field Interface","uid":"98"},{"id_application_action":"106","action":"106","name":"Edit Database Field Interface","uid":"99"},{"id_application_action":"107","action":"107","name":"Delete Database Field Interface","uid":"100"},{"id_application_action":"108","action":"108","name":"Save \\/ Edit Database Field Interface","uid":"101"},{"id_application_action":"109","action":"109","name":"View Inquiry","uid":"102"},{"id_application_action":"110","action":"110","name":"Create Inquiry","uid":"103"},{"id_application_action":"111","action":"111","name":"Edit Inquiry","uid":"104"},{"id_application_action":"112","action":"112","name":"Delete Inquiry","uid":"105"},{"id_application_action":"113","action":"113","name":"Save\\/Edit Inquiry","uid":"106"},{"id_application_action":"114","action":"114","name":"View Survey \\/ Assessment","uid":"107"},{"id_application_action":"115","action":"115","name":"Create Survey \\/ Assessment","uid":"108"},{"id_application_action":"116","action":"116","name":"Edit Survey \\/ Assessment","uid":"109"},{"id_application_action":"117","action":"117","name":"Delete Survey \\/ Assessment","uid":"110"},{"id_application_action":"118","action":"118","name":"Save\\/Edit Survey \\/ Assessment","uid":"111"},{"id_application_action":"119","action":"119","name":"View Quotation","uid":"112"},{"id_application_action":"120","action":"120","name":"Create Quotation","uid":"113"},{"id_application_action":"121","action":"121","name":"Edit Quotation","uid":"114"},{"id_application_action":"122","action":"122","name":"Delete Quotation","uid":"115"},{"id_application_action":"123","action":"123","name":"Save\\/Edit Quotation","uid":"116"},{"id_application_action":"124","action":"124","name":"View Project Contract","uid":"117"},{"id_application_action":"125","action":"125","name":"Create Project Contract","uid":"118"},{"id_application_action":"126","action":"126","name":"Edit Project Contract","uid":"119"},{"id_application_action":"127","action":"127","name":"Delete Project Contract","uid":"120"},{"id_application_action":"128","action":"128","name":"Save\\/Edit Project Contract","uid":"121"},{"id_application_action":"129","action":"129","name":"View Work Order","uid":"122"},{"id_application_action":"130","action":"130","name":"Create Work Order","uid":"123"},{"id_application_action":"131","action":"131","name":"Edit Work Order","uid":"124"},{"id_application_action":"132","action":"132","name":"Delete Work Order","uid":"125"},{"id_application_action":"133","action":"133","name":"Save\\/Edit Work Order","uid":"126"},{"id_application_action":"134","action":"134","name":"View Assessment Template","uid":"127"},{"id_application_action":"135","action":"135","name":"Create Assessment Template","uid":"128"},{"id_application_action":"136","action":"136","name":"Edit Assessment Template","uid":"129"},{"id_application_action":"137","action":"137","name":"Delete Assessment Template","uid":"130"},{"id_application_action":"138","action":"138","name":"Save\\/Edit Assessment Template","uid":"131"},{"id_application_action":"139","action":"139","name":"View Contract Template","uid":"132"},{"id_application_action":"140","action":"140","name":"Create Contract Template","uid":"133"},{"id_application_action":"141","action":"141","name":"Edit Contract Template","uid":"134"},{"id_application_action":"142","action":"142","name":"Delete Contract Template","uid":"135"},{"id_application_action":"143","action":"143","name":"Save\\/Edit Contract Template","uid":"136"},{"id_application_action":"144","action":"144","name":"View Work Schedule","uid":"137"},{"id_application_action":"145","action":"145","name":"Create Work Schedule","uid":"138"},{"id_application_action":"146","action":"146","name":"Edit Work Schedule","uid":"139"},{"id_application_action":"147","action":"147","name":"Delete Work Schedule","uid":"140"},{"id_application_action":"148","action":"148","name":"Save\\/Edit Work Schedule","uid":"141"},{"id_application_action":"149","action":"149","name":"View SO Assignment","uid":"142"},{"id_application_action":"150","action":"150","name":"Create SO Assignment","uid":"143"},{"id_application_action":"151","action":"151","name":"Edit SO Assignment","uid":"144"},{"id_application_action":"152","action":"152","name":"Delete SO Assignment","uid":"145"},{"id_application_action":"153","action":"153","name":"Save\\/Edit SO Assignment","uid":"146"},{"id_application_action":"154","action":"154","name":"View Shift Change","uid":"147"},{"id_application_action":"155","action":"155","name":"Create Shift Change","uid":"148"},{"id_application_action":"156","action":"156","name":"Edit Shift Change","uid":"149"},{"id_application_action":"157","action":"157","name":"Delete Shift Change","uid":"150"},{"id_application_action":"158","action":"158","name":"Save\\/Edit Shift Change","uid":"151"},{"id_application_action":"159","action":"159","name":"View Leave Application","uid":"152"},{"id_application_action":"160","action":"160","name":"Create Leave Application","uid":"153"},{"id_application_action":"161","action":"161","name":"Edit Leave Application","uid":"154"},{"id_application_action":"162","action":"162","name":"Delete Leave Application","uid":"155"},{"id_application_action":"163","action":"163","name":"Save\\/Edit Leave Application","uid":"156"},{"id_application_action":"164","action":"164","name":"View Timesheet","uid":"157"},{"id_application_action":"165","action":"165","name":"Create Timesheet ","uid":"158"},{"id_application_action":"166","action":"166","name":"Edit Timesheet (Recap)","uid":"159"},{"id_application_action":"167","action":"167","name":"Delete Timesheet (Recap)","uid":"160"},{"id_application_action":"168","action":"168","name":"Save\\/Edit Timesheet (Recap)","uid":"161"},{"id_application_action":"169","action":"169","name":"View SO Timesheet","uid":"162"},{"id_application_action":"170","action":"170","name":"Create SO Timesheet","uid":"163"},{"id_application_action":"171","action":"171","name":"Edit SO Timesheet","uid":"164"},{"id_application_action":"172","action":"172","name":"Delete SO Timesheet","uid":"165"},{"id_application_action":"173","action":"173","name":"Save\\/Edit SO Timesheet","uid":"166"},{"id_application_action":"174","action":"174","name":"View Incident Report","uid":"167"},{"id_application_action":"175","action":"175","name":"Create Incident Report","uid":"168"},{"id_application_action":"176","action":"176","name":"Edit Incident Report","uid":"169"},{"id_application_action":"177","action":"177","name":"Delete Incident Report","uid":"170"},{"id_application_action":"178","action":"178","name":"Save\\/Edit Incident Report","uid":"171"},{"id_application_action":"179","action":"179","name":"View Payroll","uid":"172"},{"id_application_action":"180","action":"180","name":"Create Payroll","uid":"173"},{"id_application_action":"181","action":"181","name":"Edit Payroll","uid":"174"},{"id_application_action":"182","action":"182","name":"Delete Payroll","uid":"175"},{"id_application_action":"183","action":"183","name":"Save\\/Edit Payroll","uid":"176"},{"id_application_action":"184","action":"184","name":"View Supplier Invoice","uid":"177"},{"id_application_action":"185","action":"185","name":"Create Supplier Invoice","uid":"178"},{"id_application_action":"186","action":"186","name":"Edit Supplier Invoice","uid":"179"},{"id_application_action":"187","action":"187","name":"Delete Supplier Invoice","uid":"180"},{"id_application_action":"188","action":"188","name":"Save\\/Edit Supplier Invoice","uid":"181"},{"id_application_action":"189","action":"189","name":"View Customer Invoice","uid":"182"},{"id_application_action":"190","action":"190","name":"Create Customer Invoice","uid":"183"},{"id_application_action":"191","action":"191","name":"Edit Customer Invoice","uid":"184"},{"id_application_action":"192","action":"192","name":"Delete Customer Invoice","uid":"185"},{"id_application_action":"193","action":"193","name":"Save\\/Edit Customer Invoice","uid":"186"},{"id_application_action":"194","action":"194","name":"View Bank Statement","uid":"187"},{"id_application_action":"195","action":"195","name":"Create Bank Statement","uid":"188"},{"id_application_action":"196","action":"196","name":"Edit Bank Statement","uid":"189"},{"id_application_action":"197","action":"197","name":"Delete Bank Statement","uid":"190"},{"id_application_action":"198","action":"198","name":"Save\\/Edit Bank Statement","uid":"191"},{"id_application_action":"199","action":"199","name":"View Cash Register","uid":"192"},{"id_application_action":"200","action":"200","name":"Create Cash Register","uid":"193"},{"id_application_action":"201","action":"201","name":"Edit Cash Register","uid":"194"},{"id_application_action":"202","action":"202","name":"Delete Cash Register","uid":"195"},{"id_application_action":"203","action":"203","name":"Save\\/Edit Cash Register","uid":"196"},{"id_application_action":"204","action":"204","name":"View Tax","uid":"197"},{"id_application_action":"205","action":"205","name":"Create Tax","uid":"198"},{"id_application_action":"206","action":"206","name":"Edit Tax","uid":"199"},{"id_application_action":"207","action":"207","name":"Delete Tax","uid":"200"},{"id_application_action":"208","action":"208","name":"Save\\/Edit Tax","uid":"201"},{"id_application_action":"209","action":"209","name":"View Chart of Account","uid":"202"},{"id_application_action":"210","action":"210","name":"Create Chart of Account","uid":"203"},{"id_application_action":"211","action":"211","name":"Edit Chart of Account","uid":"204"},{"id_application_action":"212","action":"212","name":"Delete Chart of Account","uid":"205"},{"id_application_action":"213","action":"213","name":"Save\\/Edit Chart of Account","uid":"206"},{"id_application_action":"214","action":"214","name":"View Employee Salary","uid":"207"},{"id_application_action":"215","action":"215","name":"Create Employee Salary","uid":"208"},{"id_application_action":"216","action":"216","name":"Edit Employee Salary","uid":"209"},{"id_application_action":"217","action":"217","name":"Delete Employee Salary","uid":"210"},{"id_application_action":"218","action":"218","name":"Save\\/Edit Employee Salary","uid":"211"},{"id_application_action":"219","action":"219","name":"View Salary Setting","uid":"212"},{"id_application_action":"220","action":"220","name":"Create Salary Setting","uid":"213"},{"id_application_action":"221","action":"221","name":"Edit Salary Setting","uid":"214"},{"id_application_action":"222","action":"222","name":"Delete Salary Setting","uid":"215"},{"id_application_action":"223","action":"223","name":"Save\\/Edit Salary Setting","uid":"216"},{"id_application_action":"224","action":"224","name":"View Database Interface","uid":"217"},{"id_application_action":"225","action":"225","name":"Pick Assessment Template","uid":"218"},{"id_application_action":"226","action":"226","name":"View Organisation Structure","uid":"219"},{"id_application_action":"227","action":"227","name":"Create Organisation Structure","uid":"220"},{"id_application_action":"228","action":"228","name":"Edit Organisation Structure","uid":"221"},{"id_application_action":"229","action":"229","name":"Delete Organisation Structure","uid":"222"},{"id_application_action":"230","action":"230","name":"Save\\/Edit Organisation Structure","uid":"223"},{"id_application_action":"231","action":"231","name":"View Position Level","uid":"224"},{"id_application_action":"232","action":"232","name":"Create Position Level","uid":"225"},{"id_application_action":"233","action":"233","name":"Edit Position Level","uid":"226"},{"id_application_action":"234","action":"234","name":"Delete Position Level","uid":"227"},{"id_application_action":"235","action":"235","name":"Save\\/Edit Position Level","uid":"228"},{"id_application_action":"236","action":"236","name":"View Employee Contract Type","uid":"229"},{"id_application_action":"237","action":"237","name":"Create Employee Contract Type","uid":"230"},{"id_application_action":"238","action":"238","name":"Edit Employee Contract Type","uid":"231"},{"id_application_action":"239","action":"239","name":"Delete Employee Contract Type","uid":"232"},{"id_application_action":"240","action":"240","name":"Save\\/Edit Employee Contract","uid":"233"},{"id_application_action":"241","action":"241","name":"View Bank","uid":"234"},{"id_application_action":"242","action":"242","name":"Create Bank","uid":"235"},{"id_application_action":"243","action":"243","name":"Edit Bank","uid":"236"},{"id_application_action":"244","action":"244","name":"Delete Bank","uid":"237"},{"id_application_action":"245","action":"245","name":"Save\\/Edit Bank","uid":"238"},{"id_application_action":"246","action":"246","name":"View Payment Receipt","uid":"239"},{"id_application_action":"247","action":"247","name":"Create Payment Receipt","uid":"240"},{"id_application_action":"248","action":"248","name":"Edit Payment Receipt","uid":"241"},{"id_application_action":"249","action":"249","name":"Save\\/Edit Payment Receipt","uid":"242"},{"id_application_action":"250","action":"250","name":"Delete Payment Receipt","uid":"243"},{"id_application_action":"251","action":"251","name":"Receive Payment From PO","uid":"244"},{"id_application_action":"252","action":"252","name":"Make Payment Receipt","uid":"245"},{"id_application_action":"253","action":"253","name":"Cancel Payment Receipt","uid":"246"},{"id_application_action":"254","action":"254","name":"View Stock Transaction","uid":"247"},{"id_application_action":"255","action":"255","name":"Create Stock Transaction","uid":"248"},{"id_application_action":"256","action":"256","name":"Edit Stock Transaction","uid":"249"},{"id_application_action":"257","action":"257","name":"Delete Stock Transaction","uid":"250"},{"id_application_action":"258","action":"258","name":"Save\\/Edit Stock Transaction","uid":"251"},{"id_application_action":"259","action":"259","name":"Post Stock Transaction","uid":"252"},{"id_application_action":"260","action":"260","name":"Unpost Stock Transaction","uid":"253"},{"id_application_action":"261","action":"261","name":"Transfer Good Receive","uid":"254"},{"id_application_action":"262","action":"262","name":"View Activity","uid":"255"},{"id_application_action":"263","action":"263","name":"Make Working Schedule","uid":"256"},{"id_application_action":"264","action":"264","name":"Validate Inquiry","uid":"257"},{"id_application_action":"265","action":"265","name":"Validate Quotation","uid":"258"},{"id_application_action":"266","action":"266","name":"Validate Sales Order","uid":"259"},{"id_application_action":"267","action":"267","name":"Confirm Sales Order","uid":"260"},{"id_application_action":"268","action":"268","name":"View Fingerprint Device","uid":"261"},{"id_application_action":"269","action":"269","name":"Create Fingerprint Device","uid":"262"},{"id_application_action":"270","action":"270","name":"Edit Fingerprint Device","uid":"263"},{"id_application_action":"271","action":"271","name":"Delete Fingerprint Device","uid":"264"},{"id_application_action":"272","action":"272","name":"Save\\/Edit Fingerprint Device","uid":"265"},{"id_application_action":"273","action":"273","name":"Activate Fingerprint","uid":"266"},{"id_application_action":"274","action":"274","name":"Deactivate Fingerprint","uid":"267"},{"id_application_action":"275","action":"275","name":"View Fingerprint Assign","uid":"268"},{"id_application_action":"276","action":"276","name":"Create Fingerprint Assign","uid":"269"},{"id_application_action":"277","action":"277","name":"Edit Fingerprint Assign","uid":"270"},{"id_application_action":"278","action":"278","name":"Delete Fingerprint Assign","uid":"271"},{"id_application_action":"279","action":"279","name":"Save\\/Edit Fingerprint Assign","uid":"272"},{"id_application_action":"280","action":"280","name":"Make SO Assignment","uid":"273"},{"id_application_action":"281","action":"281","name":"Assign Fingerprint Device","uid":"274"},{"id_application_action":"282","action":"282","name":"Unassign Fingerprint","uid":"275"},{"id_application_action":"283","action":"283","name":"Fingerprint Enroll","uid":"276"},{"id_application_action":"284","action":"284","name":"Save Fingerprint Enroll","uid":"277"},{"id_application_action":"292","action":"292","name":"View BOM","uid":"278"},{"id_application_action":"293","action":"293","name":"Create BOM","uid":"279"},{"id_application_action":"294","action":"294","name":"Edit BOM","uid":"280"},{"id_application_action":"295","action":"295","name":"Delete BOM","uid":"281"},{"id_application_action":"296","action":"296","name":"Save\\/Edit BOM","uid":"282"},{"id_application_action":"297","action":"297","name":"Validate BOM","uid":"283"},{"id_application_action":"298","action":"298","name":"View Join item","uid":"284"},{"id_application_action":"299","action":"299","name":"Create Join Item","uid":"285"},{"id_application_action":"300","action":"300","name":"Edit Join Item","uid":"286"},{"id_application_action":"301","action":"301","name":"Delete Join Item","uid":"287"},{"id_application_action":"302","action":"302","name":"Save\\/Edit Joint Item","uid":"288"},{"id_application_action":"303","action":"303","name":"Transfer Join Item","uid":"289"},{"id_application_action":"304","action":"304","name":"View Group","uid":"290"},{"id_application_action":"305","action":"305","name":"Create Group","uid":"291"},{"id_application_action":"306","action":"306","name":"Edit Group","uid":"292"},{"id_application_action":"307","action":"307","name":"Delete Group","uid":"293"},{"id_application_action":"308","action":"308","name":"Save\\/Edit Group","uid":"294"},{"id_application_action":"309","action":"309","name":"View Configuration Parameter","uid":"295"},{"id_application_action":"310","action":"310","name":"Create Configuration Parameter","uid":"296"},{"id_application_action":"311","action":"311","name":"Edit Configuration Parameter","uid":"297"},{"id_application_action":"312","action":"312","name":"Delete Configuration Parameter","uid":"298"},{"id_application_action":"313","action":"313","name":"Save\\/Edit Configuration Parameter","uid":"299"},{"id_application_action":"314","action":"314","name":"VIew Notification Setting","uid":"300"},{"id_application_action":"315","action":"315","name":"Create Notification Setting","uid":"301"},{"id_application_action":"316","action":"316","name":"Edit Notification Setting","uid":"302"},{"id_application_action":"317","action":"317","name":"Delete Notification Setting","uid":"303"},{"id_application_action":"318","action":"318","name":"Save\\/Edit Notification Setting","uid":"304"},{"id_application_action":"319","action":"319","name":"View Product Definition","uid":"305"},{"id_application_action":"320","action":"320","name":"Create Product Definition","uid":"306"},{"id_application_action":"321","action":"321","name":"Edit Product Definition","uid":"307"},{"id_application_action":"322","action":"322","name":"Delete Product Definition","uid":"308"},{"id_application_action":"323","action":"323","name":"Save\\/Edit Product Definition","uid":"309"},{"id_application_action":"342","action":"342","name":"View Log Error","uid":"310"},{"id_application_action":"343","action":"343","name":"Create Log Error","uid":"311"},{"id_application_action":"344","action":"344","name":"Save \\/ Edit Log Error","uid":"312"},{"id_application_action":"345","action":"345","name":"Edit Log  Error","uid":"313"},{"id_application_action":"346","action":"346","name":"Delete Log Error","uid":"314"},{"id_application_action":"347","action":"347","name":"Copy Record","uid":"315"},{"id_application_action":"347","action":"347","name":"Copy Record","uid":"316"},{"id_application_action":"348","action":"348","name":"View Salary Type","uid":"317"},{"id_application_action":"349","action":"349","name":"Create Salary Type","uid":"318"},{"id_application_action":"350","action":"350","name":"Save \\/ Edit Salary Type","uid":"319"},{"id_application_action":"351","action":"351","name":"Edit Salary Type","uid":"320"},{"id_application_action":"352","action":"352","name":"Create Timesheet","uid":"321"},{"id_application_action":"353","action":"353","name":"View Salary Type","uid":"322"},{"id_application_action":"354","action":"354","name":"View Salary Type","uid":"323"},{"id_application_action":"355","action":"355","name":"Save \\/ Edit Timesheet ","uid":"324"},{"id_application_action":"356","action":"356","name":"View Payroll Periode","uid":"325"},{"id_application_action":"357","action":"357","name":"Create Payroll Periode","uid":"326"},{"id_application_action":"358","action":"358","name":"Save \\/ Edit Log Error","uid":"327"},{"id_application_action":"359","action":"359","name":"Edit Payroll Periode","uid":"328"},{"id_application_action":"360","action":"360","name":"Delete Payroll Periode","uid":"329"},{"id_application_action":"361","action":"361","name":"View Request Overtime","uid":"330"},{"id_application_action":"362","action":"362","name":"Create Request Overtime","uid":"331"},{"id_application_action":"363","action":"363","name":"Save \\/ Edit Overtime","uid":"332"},{"id_application_action":"364","action":"364","name":"Edit Overtime","uid":"333"},{"id_application_action":"365","action":"365","name":"Delete Overtime","uid":"334"},{"id_application_action":"366","action":"366","name":"Validate Overtime","uid":"335"},{"id_application_action":"367","action":"367","name":"View Insentive","uid":"336"},{"id_application_action":"368","action":"368","name":"View Monitoring Timesheet ","uid":"337"},{"id_application_action":"369","action":"369","name":"Create Insentive","uid":"338"},{"id_application_action":"370","action":"370","name":"Save \\/ Edit Insentive","uid":"339"},{"id_application_action":"371","action":"371","name":"Edit Overtime","uid":"340"},{"id_application_action":"372","action":"372","name":"Delete Insentive","uid":"341"},{"id_application_action":"373","action":"373","name":"Validate Work Order","uid":"342"},{"id_application_action":"374","action":"374","name":"Edit Timesheet","uid":"343"},{"id_application_action":"375","action":"375","name":"View Recruitment","uid":"344"},{"id_application_action":"376","action":"376","name":"Create Recruitment","uid":"345"},{"id_application_action":"377","action":"377","name":"Save\\/Edit Recruitment","uid":"346"},{"id_application_action":"378","action":"378","name":"Delete Recruitment","uid":"347"},{"id_application_action":"379","action":"379","name":"Edit Recruitment","uid":"348"},{"id_application_action":"380","action":"380","name":"View Request Overtime","uid":"349"},{"id_application_action":"381","action":"381","name":"Create Request Overtime","uid":"350"},{"id_application_action":"382","action":"382","name":"Save\\/Edit Overtime","uid":"351"},{"id_application_action":"383","action":"383","name":"Delete Overtime","uid":"352"},{"id_application_action":"384","action":"384","name":"Edit Overtime","uid":"353"},{"id_application_action":"385","action":"385","name":"Validate Overtime","uid":"354"},{"id_application_action":"386","action":"386","name":"View Insentive","uid":"355"},{"id_application_action":"387","action":"387","name":"Create Request Insentive","uid":"356"},{"id_application_action":"388","action":"388","name":"Save\\/Edit Insentive","uid":"357"},{"id_application_action":"389","action":"389","name":"Delete Insentive","uid":"358"},{"id_application_action":"390","action":"390","name":"Edit Insentive","uid":"359"},{"id_application_action":"391","action":"391","name":"Delete Salary Type","uid":"360"},{"id_application_action":"392","action":"392","name":"Save\\/Edit Payroll Periode","uid":"361"},{"id_application_action":"393","action":"393","name":"View Detail Payroll","uid":"362"},{"id_application_action":"394","action":"394","name":"View Detail Inquiry","uid":"363"},{"id_application_action":"395","action":"395","name":"View Detail Quotation","uid":"364"},{"id_application_action":"396","action":"396","name":"View Detail Sales Order","uid":"365"},{"id_application_action":"397","action":"397","name":"View Detail Work Order","uid":"366"},{"id_application_action":"398","action":"398","name":"View Detail Customer","uid":"367"},{"id_application_action":"399","action":"399","name":"View Detail Product Definition","uid":"368"},{"id_application_action":"400","action":"400","name":"View Timesheet Device Log","uid":"369"},{"id_application_action":"401","action":"401","name":"View Cost Element","uid":"370"},{"id_application_action":"402","action":"402","name":"View Cost Element Template","uid":"371"},{"id_application_action":"403","action":"403","name":"Create Cost Element Template","uid":"372"},{"id_application_action":"404","action":"404","name":"View Invoice","uid":"373"},{"id_application_action":"405","action":"405","name":"Create Invoice","uid":"374"},{"id_application_action":"406","action":"406","name":"Save\\/Edit Invoice","uid":"375"},{"id_application_action":"407","action":"407","name":"Import Excel Recruitment","uid":"376"},{"id_application_action":"410","action":"410","name":"Validate Work Order","uid":"377"},{"id_application_action":"411","action":"411","name":"Save Cost Element","uid":"378"},{"id_application_action":"415","name":"Delete Cost Element","uid":"379","id":"379"},{"id_application_action":"414","name":"Edit Cost Element","uid":"380","id":"380"},{"id_application_action":"413","name":"Create Cost Element","uid":"381","id":"381"},{"id_application_action":"412","name":"View Cost Element","uid":"382","id":"382"},{"id_application_action":"416","name":"Save\\/Edit Cost Element","uid":"383","id":"383"}],"is_edit":"true","id_role":"1"}', '2015-04-09 15:10:45'),
(389, 'Save/Edit Side Menu', 'side_menu', NULL, 2, 'Save/Edit Side Menu', 9, '{}', '2015-04-09 15:11:50'),
(390, 'Save/Edit Action', 'action', NULL, 2, 'Save/Edit Action', 10, '{"name":"View Cost Element","uname":"view_cost_element_2","controller":"cost_element","function_exec":"","function_args":"","view_type":"gridview","view_file":"cost_element_master_list","prefix":"","action_type":"view","action_button":"crud","target_action":"","use_log":"0","is_edit":"true","id_edit":"412"}', '2015-04-09 15:14:11'),
(391, 'Save/Edit Action', 'action', NULL, 2, 'Save/Edit Action', 10, '{"name":"Create Cost Element","uname":"create_cost_element","controller":"cost_element","function_exec":"","function_args":"","view_type":"form","view_file":"cost_element_master_ce","prefix":"","action_type":"view","action_button":"save_discard","target_action":"","use_log":"0","is_edit":"true","id_edit":"413"}', '2015-04-09 15:14:19'),
(392, 'Save/Edit Action', 'action', NULL, 2, 'Save/Edit Action', 10, '{"name":"Edit Cost Element","uname":"edit_cost_element","controller":"cost_element","function_exec":"init_edit_cost_element","function_args":"id","view_type":"form","view_file":"cost_element_master_ce","prefix":"","action_type":"view","action_button":"save_discard","target_action":"","use_log":"0","is_edit":"true","id_edit":"414"}', '2015-04-09 15:14:28'),
(393, 'Save/Edit Action', 'action', NULL, 2, 'Save/Edit Action', 10, '{"name":"Create Cost Element","uname":"create_cost_element_2","controller":"cost_element","function_exec":"","function_args":"","view_type":"form","view_file":"cost_element_master_ce","prefix":"","action_type":"view","action_button":"save_discard","target_action":"","use_log":"0","is_edit":"true","id_edit":"413"}', '2015-04-09 15:15:46'),
(394, 'Save/Edit Cost Element', 'cost_element', NULL, 2, 'Save/Edit Cost Element', 416, '{}', '2015-04-09 17:01:37'),
(395, 'Save/Edit Cost Element', 'cost_element', NULL, 2, 'Save/Edit Cost Element', 416, '{}', '2015-04-09 17:15:27'),
(396, 'Save/Edit Cost Element', 'cost_element', NULL, 2, 'Save/Edit Cost Element', 416, '{}', '2015-04-09 17:17:18'),
(397, 'Save/Edit Action', 'action', NULL, 2, 'Save/Edit Action', 10, '{"name":"Save\\/Edit Cost Element","uname":"save_edit_cost_element","controller":"cost_element","function_exec":"save_cost_element","function_args":"","view_type":"no_view","view_file":"","prefix":"","action_type":"create","action_button":"no_button","target_action":"412","use_log":"1","is_edit":"true","id_edit":"416"}', '2015-04-09 17:20:44'),
(398, 'Save/Edit Cost Element', 'cost_element', NULL, 2, 'Save/Edit Cost Element', 416, '{}', '2015-04-09 17:32:07'),
(399, 'Save/Edit Cost Element', 'cost_element', NULL, 2, 'Save/Edit Cost Element', 416, '{}', '2015-04-09 18:14:48'),
(400, 'Save/Edit Cost Element', 'cost_element', NULL, 2, 'Save/Edit Cost Element', 416, '{}', '2015-04-09 20:40:57'),
(401, 'Save/Edit Cost Element', 'cost_element', NULL, 2, 'Save/Edit Cost Element', 416, '{}', '2015-04-09 20:56:36'),
(402, 'Save/Edit Cost Element', 'cost_element', NULL, 2, 'Save/Edit Cost Element', 416, '{}', '2015-04-09 21:08:36'),
(403, 'Save/Edit Cost Element', 'cost_element', NULL, 2, 'Save/Edit Cost Element', 416, '{}', '2015-04-09 22:48:22'),
(404, 'Save/Edit Cost Element', 'cost_element', NULL, 2, 'Save/Edit Cost Element', 416, '{}', '2015-04-09 22:51:32'),
(405, 'Save/Edit Cost Element', 'cost_element', NULL, 2, 'Save/Edit Cost Element', 416, '{}', '2015-04-10 00:20:41'),
(406, 'Save/Edit Cost Element', 'cost_element', NULL, 2, 'Save/Edit Cost Element', 416, '{}', '2015-04-10 00:23:08'),
(407, 'Save/Edit Cost Element', 'cost_element', NULL, 2, 'Save/Edit Cost Element', 416, '{}', '2015-04-10 01:22:14'),
(408, 'Save/Edit Cost Element', 'cost_element', NULL, 2, 'Save/Edit Cost Element', 416, '{}', '2015-04-10 01:22:35'),
(409, 'Save Cost Element', 'quotation', NULL, 2, 'Save Cost Element', 411, '{}', '2015-04-10 01:33:11'),
(410, 'Save/Edit Cost Element', 'cost_element', NULL, 2, 'Save/Edit Cost Element', 416, '{}', '2015-04-10 10:44:22'),
(411, 'Save/Edit Cost Element', 'cost_element', NULL, 2, 'Save/Edit Cost Element', 416, '{}', '2015-04-10 10:46:07'),
(412, 'Save/Edit Cost Element', 'cost_element', NULL, 2, 'Save/Edit Cost Element', 416, '{}', '2015-04-10 10:47:45'),
(413, 'Save/Edit Action', 'action', NULL, 2, 'Save/Edit Action', 10, '{"name":"View Detail Cost Element","uname":"view_detail_cost_element","controller":"cost_element","function_exec":"init_view_detail_cost_element","function_args":"id","view_type":"form","view_file":"cost_element_master_ce","prefix":"","action_type":"view","action_button":"no_button","target_action":"","use_log":"0","is_edit":"false","id_edit":""}', '2015-04-10 11:23:23');
INSERT INTO `activity_log` (`id_log`, `activity`, `object`, `object_id`, `user`, `description`, `action`, `field_data`, `date_create`) VALUES
(414, 'Save/Edit Role', 'role', NULL, 2, 'Save/Edit Role', 20, '{"name":"administrator","action_detail":[{"id_application_action":"1","action":"1","name":"View Application Action","uid":"0"},{"id_application_action":"2","action":"2","name":"Create Application Action","uid":"1"},{"id_application_action":"3","action":"3","name":"Edit Application Action","uid":"2"},{"id_application_action":"4","action":"4","name":"Delete Application Action","uid":"3"},{"id_application_action":"5","action":"5","name":"View Side Menu","uid":"4"},{"id_application_action":"6","action":"6","name":"Create Side Menu","uid":"5"},{"id_application_action":"7","action":"7","name":"Edit Side Menu","uid":"6"},{"id_application_action":"8","action":"8","name":"Delete Side Menu","uid":"7"},{"id_application_action":"9","action":"9","name":"Save\\/Edit Side Menu","uid":"8"},{"id_application_action":"10","action":"10","name":"Save\\/Edit Action","uid":"9"},{"id_application_action":"11","action":"11","name":"View Division","uid":"10"},{"id_application_action":"12","action":"12","name":"Create Division","uid":"11"},{"id_application_action":"13","action":"13","name":"Save\\/Edit Division","uid":"12"},{"id_application_action":"14","action":"14","name":"Edit Division","uid":"13"},{"id_application_action":"15","action":"15","name":"Delete Division","uid":"14"},{"id_application_action":"16","action":"16","name":"View Role","uid":"15"},{"id_application_action":"17","action":"17","name":"View Create Role","uid":"16"},{"id_application_action":"18","action":"18","name":"View Edit Role","uid":"17"},{"id_application_action":"19","action":"19","name":"Delete Role","uid":"18"},{"id_application_action":"20","action":"20","name":"Save\\/Edit Role","uid":"19"},{"id_application_action":"21","action":"21","name":"View Product","uid":"20"},{"id_application_action":"22","action":"22","name":"Create Product","uid":"21"},{"id_application_action":"23","action":"23","name":"Edit Product","uid":"22"},{"id_application_action":"24","action":"24","name":"Delete Product","uid":"23"},{"id_application_action":"25","action":"25","name":"Save\\/Edit Product","uid":"24"},{"id_application_action":"26","action":"26","name":"View Supplier","uid":"25"},{"id_application_action":"27","action":"27","name":"Create Supplier","uid":"26"},{"id_application_action":"28","action":"28","name":"Edit Supplier","uid":"27"},{"id_application_action":"29","action":"29","name":"Delete Supplier","uid":"28"},{"id_application_action":"30","action":"30","name":"Save\\/Edit Supplier","uid":"29"},{"id_application_action":"31","action":"31","name":"View Product Category","uid":"30"},{"id_application_action":"32","action":"32","name":"Create Product Category","uid":"31"},{"id_application_action":"33","action":"33","name":"Edit Product Category","uid":"32"},{"id_application_action":"34","action":"34","name":"Delete Product Category","uid":"33"},{"id_application_action":"35","action":"35","name":"Save\\/Edit Product Category","uid":"34"},{"id_application_action":"36","action":"36","name":"View Merk","uid":"35"},{"id_application_action":"37","action":"37","name":"Create Merk","uid":"36"},{"id_application_action":"38","action":"38","name":"Edit Merk","uid":"37"},{"id_application_action":"39","action":"39","name":"Delete Merk","uid":"38"},{"id_application_action":"40","action":"40","name":"Save\\/Edit Merk","uid":"39"},{"id_application_action":"41","action":"41","name":"View Customer","uid":"40"},{"id_application_action":"43","action":"43","name":"Create Customer","uid":"41"},{"id_application_action":"44","action":"44","name":"Edit Customer","uid":"42"},{"id_application_action":"45","action":"45","name":"Delete Customer","uid":"43"},{"id_application_action":"46","action":"46","name":"Save\\/Edit Customer","uid":"44"},{"id_application_action":"47","action":"47","name":"View Warehouse","uid":"45"},{"id_application_action":"48","action":"48","name":"Create Warehouse","uid":"46"},{"id_application_action":"49","action":"49","name":"Edit Warehouse","uid":"47"},{"id_application_action":"50","action":"50","name":"Delete Warehouse","uid":"48"},{"id_application_action":"51","action":"51","name":"Save\\/Edit Warehouse","uid":"49"},{"id_application_action":"57","action":"57","name":"View PO","uid":"50"},{"id_application_action":"58","action":"58","name":"Create PO","uid":"51"},{"id_application_action":"59","action":"59","name":"Edit PO","uid":"52"},{"id_application_action":"60","action":"60","name":"Delete PO","uid":"53"},{"id_application_action":"61","action":"61","name":"Save\\/Edit PO","uid":"54"},{"id_application_action":"62","action":"62","name":"View User","uid":"55"},{"id_application_action":"63","action":"63","name":"Create User","uid":"56"},{"id_application_action":"64","action":"64","name":"Edit User","uid":"57"},{"id_application_action":"65","action":"65","name":"Delete User","uid":"58"},{"id_application_action":"66","action":"66","name":"Save\\/Edit User","uid":"59"},{"id_application_action":"67","action":"67","name":"View Good Receive","uid":"60"},{"id_application_action":"68","action":"68","name":"Create Good Receive","uid":"61"},{"id_application_action":"69","action":"69","name":"Edit Good Receive","uid":"62"},{"id_application_action":"70","action":"70","name":"Delete Good Receive","uid":"63"},{"id_application_action":"71","action":"71","name":"Save\\/Edit Good Receive","uid":"64"},{"id_application_action":"72","action":"72","name":"View Sales Order","uid":"65"},{"id_application_action":"73","action":"73","name":"Create Sales Order","uid":"66"},{"id_application_action":"74","action":"74","name":"Edit Sales Order","uid":"67"},{"id_application_action":"75","action":"75","name":"Delete Sales Order","uid":"68"},{"id_application_action":"76","action":"76","name":"Save Sales Order","uid":"69"},{"id_application_action":"77","action":"77","name":"View Material Request","uid":"70"},{"id_application_action":"78","action":"78","name":"Create Material Request","uid":"71"},{"id_application_action":"79","action":"79","name":"Edit Material Request","uid":"72"},{"id_application_action":"80","action":"80","name":"Delete Material Request","uid":"73"},{"id_application_action":"81","action":"81","name":"Save Material Request","uid":"74"},{"id_application_action":"82","action":"82","name":"Change User Password","uid":"75"},{"id_application_action":"83","action":"83","name":"View Delivery Note","uid":"76"},{"id_application_action":"84","action":"84","name":"Create Delivery Note","uid":"77"},{"id_application_action":"85","action":"85","name":"Edit Delivery Note","uid":"78"},{"id_application_action":"86","action":"86","name":"Delete Delivery Note","uid":"79"},{"id_application_action":"87","action":"87","name":"Save\\/Edit Delivery Note","uid":"80"},{"id_application_action":"88","action":"88","name":"View Unit Measure","uid":"81"},{"id_application_action":"89","action":"89","name":"Create Unit Measure","uid":"82"},{"id_application_action":"90","action":"90","name":"Edit Unit Measure","uid":"83"},{"id_application_action":"91","action":"91","name":"Delete Unit Measure","uid":"84"},{"id_application_action":"92","action":"92","name":"Save\\/Edit Unit Measure","uid":"85"},{"id_application_action":"93","action":"93","name":"View Stock","uid":"86"},{"id_application_action":"94","action":"94","name":"View Employee","uid":"87"},{"id_application_action":"95","action":"95","name":"Create Employee","uid":"88"},{"id_application_action":"96","action":"96","name":"Edit Employee","uid":"89"},{"id_application_action":"97","action":"97","name":"Delete Employee","uid":"90"},{"id_application_action":"98","action":"98","name":"Save\\/Edit Employee","uid":"91"},{"id_application_action":"99","action":"99","name":"Validate PO","uid":"92"},{"id_application_action":"100","action":"100","name":"Create Database Interface","uid":"93"},{"id_application_action":"101","action":"101","name":"Edit Database Interface","uid":"94"},{"id_application_action":"102","action":"102","name":"Delete Database Interface","uid":"95"},{"id_application_action":"103","action":"103","name":"Save \\/ Edit Database Interface","uid":"96"},{"id_application_action":"104","action":"104","name":"View Database Field Interface","uid":"97"},{"id_application_action":"105","action":"105","name":"Create Database Field Interface","uid":"98"},{"id_application_action":"106","action":"106","name":"Edit Database Field Interface","uid":"99"},{"id_application_action":"107","action":"107","name":"Delete Database Field Interface","uid":"100"},{"id_application_action":"108","action":"108","name":"Save \\/ Edit Database Field Interface","uid":"101"},{"id_application_action":"109","action":"109","name":"View Inquiry","uid":"102"},{"id_application_action":"110","action":"110","name":"Create Inquiry","uid":"103"},{"id_application_action":"111","action":"111","name":"Edit Inquiry","uid":"104"},{"id_application_action":"112","action":"112","name":"Delete Inquiry","uid":"105"},{"id_application_action":"113","action":"113","name":"Save\\/Edit Inquiry","uid":"106"},{"id_application_action":"114","action":"114","name":"View Survey \\/ Assessment","uid":"107"},{"id_application_action":"115","action":"115","name":"Create Survey \\/ Assessment","uid":"108"},{"id_application_action":"116","action":"116","name":"Edit Survey \\/ Assessment","uid":"109"},{"id_application_action":"117","action":"117","name":"Delete Survey \\/ Assessment","uid":"110"},{"id_application_action":"118","action":"118","name":"Save\\/Edit Survey \\/ Assessment","uid":"111"},{"id_application_action":"119","action":"119","name":"View Quotation","uid":"112"},{"id_application_action":"120","action":"120","name":"Create Quotation","uid":"113"},{"id_application_action":"121","action":"121","name":"Edit Quotation","uid":"114"},{"id_application_action":"122","action":"122","name":"Delete Quotation","uid":"115"},{"id_application_action":"123","action":"123","name":"Save\\/Edit Quotation","uid":"116"},{"id_application_action":"124","action":"124","name":"View Project Contract","uid":"117"},{"id_application_action":"125","action":"125","name":"Create Project Contract","uid":"118"},{"id_application_action":"126","action":"126","name":"Edit Project Contract","uid":"119"},{"id_application_action":"127","action":"127","name":"Delete Project Contract","uid":"120"},{"id_application_action":"128","action":"128","name":"Save\\/Edit Project Contract","uid":"121"},{"id_application_action":"129","action":"129","name":"View Work Order","uid":"122"},{"id_application_action":"130","action":"130","name":"Create Work Order","uid":"123"},{"id_application_action":"131","action":"131","name":"Edit Work Order","uid":"124"},{"id_application_action":"132","action":"132","name":"Delete Work Order","uid":"125"},{"id_application_action":"133","action":"133","name":"Save\\/Edit Work Order","uid":"126"},{"id_application_action":"134","action":"134","name":"View Assessment Template","uid":"127"},{"id_application_action":"135","action":"135","name":"Create Assessment Template","uid":"128"},{"id_application_action":"136","action":"136","name":"Edit Assessment Template","uid":"129"},{"id_application_action":"137","action":"137","name":"Delete Assessment Template","uid":"130"},{"id_application_action":"138","action":"138","name":"Save\\/Edit Assessment Template","uid":"131"},{"id_application_action":"139","action":"139","name":"View Contract Template","uid":"132"},{"id_application_action":"140","action":"140","name":"Create Contract Template","uid":"133"},{"id_application_action":"141","action":"141","name":"Edit Contract Template","uid":"134"},{"id_application_action":"142","action":"142","name":"Delete Contract Template","uid":"135"},{"id_application_action":"143","action":"143","name":"Save\\/Edit Contract Template","uid":"136"},{"id_application_action":"144","action":"144","name":"View Work Schedule","uid":"137"},{"id_application_action":"145","action":"145","name":"Create Work Schedule","uid":"138"},{"id_application_action":"146","action":"146","name":"Edit Work Schedule","uid":"139"},{"id_application_action":"147","action":"147","name":"Delete Work Schedule","uid":"140"},{"id_application_action":"148","action":"148","name":"Save\\/Edit Work Schedule","uid":"141"},{"id_application_action":"149","action":"149","name":"View SO Assignment","uid":"142"},{"id_application_action":"150","action":"150","name":"Create SO Assignment","uid":"143"},{"id_application_action":"151","action":"151","name":"Edit SO Assignment","uid":"144"},{"id_application_action":"152","action":"152","name":"Delete SO Assignment","uid":"145"},{"id_application_action":"153","action":"153","name":"Save\\/Edit SO Assignment","uid":"146"},{"id_application_action":"154","action":"154","name":"View Shift Change","uid":"147"},{"id_application_action":"155","action":"155","name":"Create Shift Change","uid":"148"},{"id_application_action":"156","action":"156","name":"Edit Shift Change","uid":"149"},{"id_application_action":"157","action":"157","name":"Delete Shift Change","uid":"150"},{"id_application_action":"158","action":"158","name":"Save\\/Edit Shift Change","uid":"151"},{"id_application_action":"159","action":"159","name":"View Leave Application","uid":"152"},{"id_application_action":"160","action":"160","name":"Create Leave Application","uid":"153"},{"id_application_action":"161","action":"161","name":"Edit Leave Application","uid":"154"},{"id_application_action":"162","action":"162","name":"Delete Leave Application","uid":"155"},{"id_application_action":"163","action":"163","name":"Save\\/Edit Leave Application","uid":"156"},{"id_application_action":"164","action":"164","name":"View Timesheet","uid":"157"},{"id_application_action":"165","action":"165","name":"Create Timesheet ","uid":"158"},{"id_application_action":"166","action":"166","name":"Edit Timesheet (Recap)","uid":"159"},{"id_application_action":"167","action":"167","name":"Delete Timesheet (Recap)","uid":"160"},{"id_application_action":"168","action":"168","name":"Save\\/Edit Timesheet (Recap)","uid":"161"},{"id_application_action":"169","action":"169","name":"View SO Timesheet","uid":"162"},{"id_application_action":"170","action":"170","name":"Create SO Timesheet","uid":"163"},{"id_application_action":"171","action":"171","name":"Edit SO Timesheet","uid":"164"},{"id_application_action":"172","action":"172","name":"Delete SO Timesheet","uid":"165"},{"id_application_action":"173","action":"173","name":"Save\\/Edit SO Timesheet","uid":"166"},{"id_application_action":"174","action":"174","name":"View Incident Report","uid":"167"},{"id_application_action":"175","action":"175","name":"Create Incident Report","uid":"168"},{"id_application_action":"176","action":"176","name":"Edit Incident Report","uid":"169"},{"id_application_action":"177","action":"177","name":"Delete Incident Report","uid":"170"},{"id_application_action":"178","action":"178","name":"Save\\/Edit Incident Report","uid":"171"},{"id_application_action":"179","action":"179","name":"View Payroll","uid":"172"},{"id_application_action":"180","action":"180","name":"Create Payroll","uid":"173"},{"id_application_action":"181","action":"181","name":"Edit Payroll","uid":"174"},{"id_application_action":"182","action":"182","name":"Delete Payroll","uid":"175"},{"id_application_action":"183","action":"183","name":"Save\\/Edit Payroll","uid":"176"},{"id_application_action":"184","action":"184","name":"View Supplier Invoice","uid":"177"},{"id_application_action":"185","action":"185","name":"Create Supplier Invoice","uid":"178"},{"id_application_action":"186","action":"186","name":"Edit Supplier Invoice","uid":"179"},{"id_application_action":"187","action":"187","name":"Delete Supplier Invoice","uid":"180"},{"id_application_action":"188","action":"188","name":"Save\\/Edit Supplier Invoice","uid":"181"},{"id_application_action":"189","action":"189","name":"View Customer Invoice","uid":"182"},{"id_application_action":"190","action":"190","name":"Create Customer Invoice","uid":"183"},{"id_application_action":"191","action":"191","name":"Edit Customer Invoice","uid":"184"},{"id_application_action":"192","action":"192","name":"Delete Customer Invoice","uid":"185"},{"id_application_action":"193","action":"193","name":"Save\\/Edit Customer Invoice","uid":"186"},{"id_application_action":"194","action":"194","name":"View Bank Statement","uid":"187"},{"id_application_action":"195","action":"195","name":"Create Bank Statement","uid":"188"},{"id_application_action":"196","action":"196","name":"Edit Bank Statement","uid":"189"},{"id_application_action":"197","action":"197","name":"Delete Bank Statement","uid":"190"},{"id_application_action":"198","action":"198","name":"Save\\/Edit Bank Statement","uid":"191"},{"id_application_action":"199","action":"199","name":"View Cash Register","uid":"192"},{"id_application_action":"200","action":"200","name":"Create Cash Register","uid":"193"},{"id_application_action":"201","action":"201","name":"Edit Cash Register","uid":"194"},{"id_application_action":"202","action":"202","name":"Delete Cash Register","uid":"195"},{"id_application_action":"203","action":"203","name":"Save\\/Edit Cash Register","uid":"196"},{"id_application_action":"204","action":"204","name":"View Tax","uid":"197"},{"id_application_action":"205","action":"205","name":"Create Tax","uid":"198"},{"id_application_action":"206","action":"206","name":"Edit Tax","uid":"199"},{"id_application_action":"207","action":"207","name":"Delete Tax","uid":"200"},{"id_application_action":"208","action":"208","name":"Save\\/Edit Tax","uid":"201"},{"id_application_action":"209","action":"209","name":"View Chart of Account","uid":"202"},{"id_application_action":"210","action":"210","name":"Create Chart of Account","uid":"203"},{"id_application_action":"211","action":"211","name":"Edit Chart of Account","uid":"204"},{"id_application_action":"212","action":"212","name":"Delete Chart of Account","uid":"205"},{"id_application_action":"213","action":"213","name":"Save\\/Edit Chart of Account","uid":"206"},{"id_application_action":"214","action":"214","name":"View Employee Salary","uid":"207"},{"id_application_action":"215","action":"215","name":"Create Employee Salary","uid":"208"},{"id_application_action":"216","action":"216","name":"Edit Employee Salary","uid":"209"},{"id_application_action":"217","action":"217","name":"Delete Employee Salary","uid":"210"},{"id_application_action":"218","action":"218","name":"Save\\/Edit Employee Salary","uid":"211"},{"id_application_action":"219","action":"219","name":"View Salary Setting","uid":"212"},{"id_application_action":"220","action":"220","name":"Create Salary Setting","uid":"213"},{"id_application_action":"221","action":"221","name":"Edit Salary Setting","uid":"214"},{"id_application_action":"222","action":"222","name":"Delete Salary Setting","uid":"215"},{"id_application_action":"223","action":"223","name":"Save\\/Edit Salary Setting","uid":"216"},{"id_application_action":"224","action":"224","name":"View Database Interface","uid":"217"},{"id_application_action":"225","action":"225","name":"Pick Assessment Template","uid":"218"},{"id_application_action":"226","action":"226","name":"View Organisation Structure","uid":"219"},{"id_application_action":"227","action":"227","name":"Create Organisation Structure","uid":"220"},{"id_application_action":"228","action":"228","name":"Edit Organisation Structure","uid":"221"},{"id_application_action":"229","action":"229","name":"Delete Organisation Structure","uid":"222"},{"id_application_action":"230","action":"230","name":"Save\\/Edit Organisation Structure","uid":"223"},{"id_application_action":"231","action":"231","name":"View Position Level","uid":"224"},{"id_application_action":"232","action":"232","name":"Create Position Level","uid":"225"},{"id_application_action":"233","action":"233","name":"Edit Position Level","uid":"226"},{"id_application_action":"234","action":"234","name":"Delete Position Level","uid":"227"},{"id_application_action":"235","action":"235","name":"Save\\/Edit Position Level","uid":"228"},{"id_application_action":"236","action":"236","name":"View Employee Contract Type","uid":"229"},{"id_application_action":"237","action":"237","name":"Create Employee Contract Type","uid":"230"},{"id_application_action":"238","action":"238","name":"Edit Employee Contract Type","uid":"231"},{"id_application_action":"239","action":"239","name":"Delete Employee Contract Type","uid":"232"},{"id_application_action":"240","action":"240","name":"Save\\/Edit Employee Contract","uid":"233"},{"id_application_action":"241","action":"241","name":"View Bank","uid":"234"},{"id_application_action":"242","action":"242","name":"Create Bank","uid":"235"},{"id_application_action":"243","action":"243","name":"Edit Bank","uid":"236"},{"id_application_action":"244","action":"244","name":"Delete Bank","uid":"237"},{"id_application_action":"245","action":"245","name":"Save\\/Edit Bank","uid":"238"},{"id_application_action":"246","action":"246","name":"View Payment Receipt","uid":"239"},{"id_application_action":"247","action":"247","name":"Create Payment Receipt","uid":"240"},{"id_application_action":"248","action":"248","name":"Edit Payment Receipt","uid":"241"},{"id_application_action":"249","action":"249","name":"Save\\/Edit Payment Receipt","uid":"242"},{"id_application_action":"250","action":"250","name":"Delete Payment Receipt","uid":"243"},{"id_application_action":"251","action":"251","name":"Receive Payment From PO","uid":"244"},{"id_application_action":"252","action":"252","name":"Make Payment Receipt","uid":"245"},{"id_application_action":"253","action":"253","name":"Cancel Payment Receipt","uid":"246"},{"id_application_action":"254","action":"254","name":"View Stock Transaction","uid":"247"},{"id_application_action":"255","action":"255","name":"Create Stock Transaction","uid":"248"},{"id_application_action":"256","action":"256","name":"Edit Stock Transaction","uid":"249"},{"id_application_action":"257","action":"257","name":"Delete Stock Transaction","uid":"250"},{"id_application_action":"258","action":"258","name":"Save\\/Edit Stock Transaction","uid":"251"},{"id_application_action":"259","action":"259","name":"Post Stock Transaction","uid":"252"},{"id_application_action":"260","action":"260","name":"Unpost Stock Transaction","uid":"253"},{"id_application_action":"261","action":"261","name":"Transfer Good Receive","uid":"254"},{"id_application_action":"262","action":"262","name":"View Activity","uid":"255"},{"id_application_action":"263","action":"263","name":"Make Working Schedule","uid":"256"},{"id_application_action":"264","action":"264","name":"Validate Inquiry","uid":"257"},{"id_application_action":"265","action":"265","name":"Validate Quotation","uid":"258"},{"id_application_action":"266","action":"266","name":"Validate Sales Order","uid":"259"},{"id_application_action":"267","action":"267","name":"Confirm Sales Order","uid":"260"},{"id_application_action":"268","action":"268","name":"View Fingerprint Device","uid":"261"},{"id_application_action":"269","action":"269","name":"Create Fingerprint Device","uid":"262"},{"id_application_action":"270","action":"270","name":"Edit Fingerprint Device","uid":"263"},{"id_application_action":"271","action":"271","name":"Delete Fingerprint Device","uid":"264"},{"id_application_action":"272","action":"272","name":"Save\\/Edit Fingerprint Device","uid":"265"},{"id_application_action":"273","action":"273","name":"Activate Fingerprint","uid":"266"},{"id_application_action":"274","action":"274","name":"Deactivate Fingerprint","uid":"267"},{"id_application_action":"275","action":"275","name":"View Fingerprint Assign","uid":"268"},{"id_application_action":"276","action":"276","name":"Create Fingerprint Assign","uid":"269"},{"id_application_action":"277","action":"277","name":"Edit Fingerprint Assign","uid":"270"},{"id_application_action":"278","action":"278","name":"Delete Fingerprint Assign","uid":"271"},{"id_application_action":"279","action":"279","name":"Save\\/Edit Fingerprint Assign","uid":"272"},{"id_application_action":"280","action":"280","name":"Make SO Assignment","uid":"273"},{"id_application_action":"281","action":"281","name":"Assign Fingerprint Device","uid":"274"},{"id_application_action":"282","action":"282","name":"Unassign Fingerprint","uid":"275"},{"id_application_action":"283","action":"283","name":"Fingerprint Enroll","uid":"276"},{"id_application_action":"284","action":"284","name":"Save Fingerprint Enroll","uid":"277"},{"id_application_action":"292","action":"292","name":"View BOM","uid":"278"},{"id_application_action":"293","action":"293","name":"Create BOM","uid":"279"},{"id_application_action":"294","action":"294","name":"Edit BOM","uid":"280"},{"id_application_action":"295","action":"295","name":"Delete BOM","uid":"281"},{"id_application_action":"296","action":"296","name":"Save\\/Edit BOM","uid":"282"},{"id_application_action":"297","action":"297","name":"Validate BOM","uid":"283"},{"id_application_action":"298","action":"298","name":"View Join item","uid":"284"},{"id_application_action":"299","action":"299","name":"Create Join Item","uid":"285"},{"id_application_action":"300","action":"300","name":"Edit Join Item","uid":"286"},{"id_application_action":"301","action":"301","name":"Delete Join Item","uid":"287"},{"id_application_action":"302","action":"302","name":"Save\\/Edit Joint Item","uid":"288"},{"id_application_action":"303","action":"303","name":"Transfer Join Item","uid":"289"},{"id_application_action":"304","action":"304","name":"View Group","uid":"290"},{"id_application_action":"305","action":"305","name":"Create Group","uid":"291"},{"id_application_action":"306","action":"306","name":"Edit Group","uid":"292"},{"id_application_action":"307","action":"307","name":"Delete Group","uid":"293"},{"id_application_action":"308","action":"308","name":"Save\\/Edit Group","uid":"294"},{"id_application_action":"309","action":"309","name":"View Configuration Parameter","uid":"295"},{"id_application_action":"310","action":"310","name":"Create Configuration Parameter","uid":"296"},{"id_application_action":"311","action":"311","name":"Edit Configuration Parameter","uid":"297"},{"id_application_action":"312","action":"312","name":"Delete Configuration Parameter","uid":"298"},{"id_application_action":"313","action":"313","name":"Save\\/Edit Configuration Parameter","uid":"299"},{"id_application_action":"314","action":"314","name":"VIew Notification Setting","uid":"300"},{"id_application_action":"315","action":"315","name":"Create Notification Setting","uid":"301"},{"id_application_action":"316","action":"316","name":"Edit Notification Setting","uid":"302"},{"id_application_action":"317","action":"317","name":"Delete Notification Setting","uid":"303"},{"id_application_action":"318","action":"318","name":"Save\\/Edit Notification Setting","uid":"304"},{"id_application_action":"319","action":"319","name":"View Product Definition","uid":"305"},{"id_application_action":"320","action":"320","name":"Create Product Definition","uid":"306"},{"id_application_action":"321","action":"321","name":"Edit Product Definition","uid":"307"},{"id_application_action":"322","action":"322","name":"Delete Product Definition","uid":"308"},{"id_application_action":"323","action":"323","name":"Save\\/Edit Product Definition","uid":"309"},{"id_application_action":"342","action":"342","name":"View Log Error","uid":"310"},{"id_application_action":"343","action":"343","name":"Create Log Error","uid":"311"},{"id_application_action":"344","action":"344","name":"Save \\/ Edit Log Error","uid":"312"},{"id_application_action":"345","action":"345","name":"Edit Log  Error","uid":"313"},{"id_application_action":"346","action":"346","name":"Delete Log Error","uid":"314"},{"id_application_action":"347","action":"347","name":"Copy Record","uid":"315"},{"id_application_action":"347","action":"347","name":"Copy Record","uid":"316"},{"id_application_action":"348","action":"348","name":"View Salary Type","uid":"317"},{"id_application_action":"349","action":"349","name":"Create Salary Type","uid":"318"},{"id_application_action":"350","action":"350","name":"Save \\/ Edit Salary Type","uid":"319"},{"id_application_action":"351","action":"351","name":"Edit Salary Type","uid":"320"},{"id_application_action":"352","action":"352","name":"Create Timesheet","uid":"321"},{"id_application_action":"353","action":"353","name":"View Salary Type","uid":"322"},{"id_application_action":"354","action":"354","name":"View Salary Type","uid":"323"},{"id_application_action":"355","action":"355","name":"Save \\/ Edit Timesheet ","uid":"324"},{"id_application_action":"356","action":"356","name":"View Payroll Periode","uid":"325"},{"id_application_action":"357","action":"357","name":"Create Payroll Periode","uid":"326"},{"id_application_action":"358","action":"358","name":"Save \\/ Edit Log Error","uid":"327"},{"id_application_action":"359","action":"359","name":"Edit Payroll Periode","uid":"328"},{"id_application_action":"360","action":"360","name":"Delete Payroll Periode","uid":"329"},{"id_application_action":"361","action":"361","name":"View Request Overtime","uid":"330"},{"id_application_action":"362","action":"362","name":"Create Request Overtime","uid":"331"},{"id_application_action":"363","action":"363","name":"Save \\/ Edit Overtime","uid":"332"},{"id_application_action":"364","action":"364","name":"Edit Overtime","uid":"333"},{"id_application_action":"365","action":"365","name":"Delete Overtime","uid":"334"},{"id_application_action":"366","action":"366","name":"Validate Overtime","uid":"335"},{"id_application_action":"367","action":"367","name":"View Insentive","uid":"336"},{"id_application_action":"368","action":"368","name":"View Monitoring Timesheet ","uid":"337"},{"id_application_action":"369","action":"369","name":"Create Insentive","uid":"338"},{"id_application_action":"370","action":"370","name":"Save \\/ Edit Insentive","uid":"339"},{"id_application_action":"371","action":"371","name":"Edit Overtime","uid":"340"},{"id_application_action":"372","action":"372","name":"Delete Insentive","uid":"341"},{"id_application_action":"373","action":"373","name":"Validate Work Order","uid":"342"},{"id_application_action":"374","action":"374","name":"Edit Timesheet","uid":"343"},{"id_application_action":"375","action":"375","name":"View Recruitment","uid":"344"},{"id_application_action":"376","action":"376","name":"Create Recruitment","uid":"345"},{"id_application_action":"377","action":"377","name":"Save\\/Edit Recruitment","uid":"346"},{"id_application_action":"378","action":"378","name":"Delete Recruitment","uid":"347"},{"id_application_action":"379","action":"379","name":"Edit Recruitment","uid":"348"},{"id_application_action":"380","action":"380","name":"View Request Overtime","uid":"349"},{"id_application_action":"381","action":"381","name":"Create Request Overtime","uid":"350"},{"id_application_action":"382","action":"382","name":"Save\\/Edit Overtime","uid":"351"},{"id_application_action":"383","action":"383","name":"Delete Overtime","uid":"352"},{"id_application_action":"384","action":"384","name":"Edit Overtime","uid":"353"},{"id_application_action":"385","action":"385","name":"Validate Overtime","uid":"354"},{"id_application_action":"386","action":"386","name":"View Insentive","uid":"355"},{"id_application_action":"387","action":"387","name":"Create Request Insentive","uid":"356"},{"id_application_action":"388","action":"388","name":"Save\\/Edit Insentive","uid":"357"},{"id_application_action":"389","action":"389","name":"Delete Insentive","uid":"358"},{"id_application_action":"390","action":"390","name":"Edit Insentive","uid":"359"},{"id_application_action":"391","action":"391","name":"Delete Salary Type","uid":"360"},{"id_application_action":"392","action":"392","name":"Save\\/Edit Payroll Periode","uid":"361"},{"id_application_action":"393","action":"393","name":"View Detail Payroll","uid":"362"},{"id_application_action":"394","action":"394","name":"View Detail Inquiry","uid":"363"},{"id_application_action":"395","action":"395","name":"View Detail Quotation","uid":"364"},{"id_application_action":"396","action":"396","name":"View Detail Sales Order","uid":"365"},{"id_application_action":"397","action":"397","name":"View Detail Work Order","uid":"366"},{"id_application_action":"398","action":"398","name":"View Detail Customer","uid":"367"},{"id_application_action":"399","action":"399","name":"View Detail Product Definition","uid":"368"},{"id_application_action":"400","action":"400","name":"View Timesheet Device Log","uid":"369"},{"id_application_action":"401","action":"401","name":"View Cost Element","uid":"370"},{"id_application_action":"402","action":"402","name":"View Cost Element Template","uid":"371"},{"id_application_action":"403","action":"403","name":"Create Cost Element Template","uid":"372"},{"id_application_action":"404","action":"404","name":"View Invoice","uid":"373"},{"id_application_action":"405","action":"405","name":"Create Invoice","uid":"374"},{"id_application_action":"406","action":"406","name":"Save\\/Edit Invoice","uid":"375"},{"id_application_action":"407","action":"407","name":"Import Excel Recruitment","uid":"376"},{"id_application_action":"410","action":"410","name":"Validate Work Order","uid":"377"},{"id_application_action":"411","action":"411","name":"Save Cost Element","uid":"378"},{"id_application_action":"415","action":"415","name":"Delete Cost Element","uid":"379"},{"id_application_action":"414","action":"414","name":"Edit Cost Element","uid":"380"},{"id_application_action":"413","action":"413","name":"Create Cost Element","uid":"381"},{"id_application_action":"412","action":"412","name":"View Cost Element","uid":"382"},{"id_application_action":"416","action":"416","name":"Save\\/Edit Cost Element","uid":"383"},{"id_application_action":"417","name":"View Detail Cost Element","uid":"384","id":"384"}],"is_edit":"true","id_role":"1"}', '2015-04-10 11:23:44'),
(415, 'Save/Edit Quotation', 'quotation', NULL, 2, 'Save/Edit Quotation', 123, '{}', '2015-04-10 16:26:12'),
(416, 'Make Working Schedule', 'quotation', NULL, 2, 'Make Working Schedule', 263, '{}', '2015-04-10 16:26:21'),
(417, 'Validate Quotation', 'quotation', NULL, 2, 'Validate Quotation', 265, '{"id_quotation":"11","status":"open"}', '2015-04-11 02:59:38'),
(418, 'Save/Edit Cost Element', 'cost_element', NULL, 2, 'Save/Edit Cost Element', 416, '{}', '2015-04-11 22:43:10'),
(419, 'Save Sales Order', 'so', NULL, 2, 'Save Sales Order', 76, '{}', '2015-04-12 15:08:22'),
(420, 'Save Sales Order', 'so', NULL, 2, 'Save Sales Order', 76, '{}', '2015-04-12 15:25:50'),
(421, 'Save/Edit Quotation', 'quotation', NULL, 2, 'Save/Edit Quotation', 123, '{}', '2015-04-12 15:37:00'),
(422, 'Make Working Schedule', 'quotation', NULL, 2, 'Make Working Schedule', 263, '{}', '2015-04-12 15:37:06'),
(423, 'Save/Edit Work Schedule', 'work_schedule', NULL, 2, 'Save/Edit Work Schedule', 148, '{}', '2015-04-12 15:38:28'),
(424, 'Save/Edit Quotation', 'quotation', NULL, 2, 'Save/Edit Quotation', 123, '{}', '2015-04-12 15:45:45'),
(425, 'Make Working Schedule', 'quotation', NULL, 2, 'Make Working Schedule', 263, '{}', '2015-04-12 15:45:52'),
(426, 'Save/Edit Work Schedule', 'work_schedule', NULL, 2, 'Save/Edit Work Schedule', 148, '{}', '2015-04-12 15:46:44'),
(427, 'Validate Quotation', 'quotation', NULL, 2, 'Validate Quotation', 265, '{"id_quotation":"14","status":"open"}', '2015-04-12 15:51:05'),
(428, 'Save/Edit Quotation', 'quotation', NULL, 2, 'Save/Edit Quotation', 123, '{}', '2015-04-12 16:20:01'),
(429, 'Make Working Schedule', 'quotation', NULL, 2, 'Make Working Schedule', 263, '{}', '2015-04-12 16:20:08'),
(430, 'Save/Edit Work Schedule', 'work_schedule', NULL, 2, 'Save/Edit Work Schedule', 148, '{}', '2015-04-12 16:27:16'),
(431, 'Save/Edit Work Schedule', 'work_schedule', NULL, 2, 'Save/Edit Work Schedule', 148, '{}', '2015-04-12 16:28:21'),
(432, 'Validate Quotation', 'quotation', NULL, 2, 'Validate Quotation', 265, '{"id_quotation":"15","status":"open"}', '2015-04-12 20:28:03'),
(433, 'Validate Quotation', 'quotation', NULL, 2, 'Validate Quotation', 265, '{"id_quotation":"15","status":"open"}', '2015-04-12 20:38:11'),
(434, 'Save Sales Order', 'so', NULL, 2, 'Save Sales Order', 76, '{}', '2015-04-12 20:40:07'),
(435, 'Validate Sales Order', 'so', NULL, 2, 'Validate Sales Order', 266, '{"id_so":"9","status":"open"}', '2015-04-12 20:43:29'),
(436, 'Confirm Sales Order', 'so', NULL, 2, 'Confirm Sales Order', 267, '{"id_so":"9","id_work_order":10,"status":"close"}', '2015-04-12 20:43:41'),
(437, 'Save/Edit Cost Element', 'cost_element', NULL, 2, 'Save/Edit Cost Element', 416, '{}', '2015-04-12 23:11:29'),
(438, 'Save/Edit Cost Element', 'cost_element', NULL, 2, 'Save/Edit Cost Element', 416, '{}', '2015-04-12 23:11:57'),
(439, 'Save/Edit Cost Element', 'cost_element', NULL, 2, 'Save/Edit Cost Element', 416, '{}', '2015-04-12 23:14:34'),
(440, 'Save/Edit Cost Element', 'cost_element', NULL, 2, 'Save/Edit Cost Element', 416, '{}', '2015-04-12 23:17:47'),
(441, 'Save/Edit Cost Element', 'cost_element', NULL, 2, 'Save/Edit Cost Element', 416, '{}', '2015-04-12 23:18:30'),
(442, 'Save/Edit Cost Element', 'cost_element', NULL, 2, 'Save/Edit Cost Element', 416, '{}', '2015-04-12 23:19:06'),
(443, 'Save/Edit Cost Element', 'cost_element', NULL, 2, 'Save/Edit Cost Element', 416, '{}', '2015-04-13 00:10:29'),
(444, 'Save/Edit Action', 'action', NULL, 2, 'Save/Edit Action', 10, '{"name":"Edit Work Order","uname":"edit_work_order","controller":"work_order","function_exec":"init_edit_work_order","function_args":"id","view_type":"form","view_file":"work_order_ce","prefix":"","action_type":"view","action_button":"save_discard","target_action":"","use_log":"0","is_edit":"true","id_edit":"131"}', '2015-04-13 15:53:35'),
(445, 'Save/Edit Action', 'action', NULL, 2, 'Save/Edit Action', 10, '{"name":"Edit Work Order","uname":"edit_work_order","controller":"work_order","function_exec":"init_edit_work_order","function_args":"id","view_type":"form","view_file":"work_order_ce","prefix":"","action_type":"view","action_button":"save_discard","target_action":"","use_log":"1","is_edit":"true","id_edit":"131"}', '2015-04-13 15:53:52'),
(446, 'Edit Work Order', 'work_order', NULL, 2, 'Edit Work Order', 131, '{}', '2015-04-13 15:53:55'),
(447, 'Edit Work Order', 'work_order', NULL, 2, 'Edit Work Order', 131, '{}', '2015-04-13 16:00:58'),
(448, 'Edit Work Order', 'work_order', NULL, 2, 'Edit Work Order', 131, '{}', '2015-04-13 16:02:36'),
(449, 'Edit Work Order', 'work_order', NULL, 2, 'Edit Work Order', 131, '{}', '2015-04-13 16:02:43'),
(450, 'Edit Work Order', 'work_order', NULL, 2, 'Edit Work Order', 131, '{}', '2015-04-13 16:03:25'),
(451, 'Edit Work Order', 'work_order', NULL, 2, 'Edit Work Order', 131, '{}', '2015-04-13 17:08:47'),
(452, 'Edit Work Order', 'work_order', NULL, 2, 'Edit Work Order', 131, '{}', '2015-04-13 17:09:14'),
(453, 'Edit Work Order', 'work_order', NULL, 2, 'Edit Work Order', 131, '{}', '2015-04-13 17:10:13'),
(454, 'Edit Work Order', 'work_order', NULL, 2, 'Edit Work Order', 131, '{}', '2015-04-13 17:13:21'),
(455, 'Edit Work Order', 'work_order', NULL, 2, 'Edit Work Order', 131, '{}', '2015-04-13 17:13:34'),
(456, 'Edit Work Order', 'work_order', NULL, 2, 'Edit Work Order', 131, '{}', '2015-04-13 17:14:19'),
(457, 'Edit Work Order', 'work_order', NULL, 2, 'Edit Work Order', 131, '{}', '2015-04-13 17:15:53'),
(458, 'Save/Edit Product Definition', 'product_definition', NULL, 2, 'Save/Edit Product Definition', 323, '{"product":"10","organisation_structure":"8","position_level":null}', '2015-04-13 17:16:23'),
(459, 'Edit Work Order', 'work_order', NULL, 2, 'Edit Work Order', 131, '{}', '2015-04-13 17:18:31'),
(460, 'Edit Work Order', 'work_order', NULL, 2, 'Edit Work Order', 131, '{}', '2015-04-13 17:19:36'),
(461, 'Edit Work Order', 'work_order', NULL, 2, 'Edit Work Order', 131, '{}', '2015-04-13 17:19:52'),
(462, 'Edit Work Order', 'work_order', NULL, 2, 'Edit Work Order', 131, '{}', '2015-04-13 17:20:18'),
(463, 'Edit Work Order', 'work_order', NULL, 2, 'Edit Work Order', 131, '{}', '2015-04-13 17:21:04'),
(464, 'Save/Edit Group', 'group', NULL, 2, 'Save/Edit Group', 308, '{"name":"Busdev","description":"Busdev Group","administrator":"2","is_edit":"false","id_group":"","group_member":[{"id_user":"42","user_name":"test","full_name":"Test Account","uid":"0","0":"0"},{"id_user":"43","user_name":"userdemo","full_name":"Demo User","uid":"1","0":"1"},{"id_user":"46","user_name":"devteam","full_name":"Development Team","uid":"2","0":"2"}]}', '2015-04-13 17:22:07'),
(465, 'Save/Edit Group', 'group', NULL, 2, 'Save/Edit Group', 308, '{"name":"Busdev","description":"Busdev Group Edit","administrator":"2","is_edit":"true","id_group":"2","group_member":[{"id_user":"42","user_name":"test","full_name":"Test Account","uid":"0"},{"id_user":"43","user_name":"userdemo","full_name":"Demo User","uid":"1"},{"id_user":"46","user_name":"devteam","full_name":"Development Team","uid":"2"}]}', '2015-04-13 17:22:19'),
(466, 'Save/Edit Role', 'role', NULL, 2, 'Save/Edit Role', 20, '{"name":"administrator","action_detail":[{"dataindex":"290","id_application_action":"304","action":"304","name":"View Group","uid":"290"},{"dataindex":"291","id_application_action":"305","action":"305","name":"Create Group","uid":"291"},{"dataindex":"292","id_application_action":"306","action":"306","name":"Edit Group","uid":"292"},{"dataindex":"293","id_application_action":"307","action":"307","name":"Delete Group","uid":"293"},{"dataindex":"294","id_application_action":"308","action":"308","name":"Save\\/Edit Group","uid":"294"}],"is_edit":"true","id_role":"1"}', '2015-04-13 17:22:46');
INSERT INTO `activity_log` (`id_log`, `activity`, `object`, `object_id`, `user`, `description`, `action`, `field_data`, `date_create`) VALUES
(467, 'Save/Edit Role', 'role', NULL, 2, 'Save/Edit Role', 20, '{"name":"administrator","action_detail":[{"id_application_action":"1","action":"1","name":"View Application Action","uid":"0"},{"id_application_action":"2","action":"2","name":"Create Application Action","uid":"1"},{"id_application_action":"3","action":"3","name":"Edit Application Action","uid":"2"},{"id_application_action":"4","action":"4","name":"Delete Application Action","uid":"3"},{"id_application_action":"5","action":"5","name":"View Side Menu","uid":"4"},{"id_application_action":"6","action":"6","name":"Create Side Menu","uid":"5"},{"id_application_action":"7","action":"7","name":"Edit Side Menu","uid":"6"},{"id_application_action":"8","action":"8","name":"Delete Side Menu","uid":"7"},{"id_application_action":"9","action":"9","name":"Save\\/Edit Side Menu","uid":"8"},{"id_application_action":"10","action":"10","name":"Save\\/Edit Action","uid":"9"},{"id_application_action":"11","action":"11","name":"View Division","uid":"10"},{"id_application_action":"12","action":"12","name":"Create Division","uid":"11"},{"id_application_action":"13","action":"13","name":"Save\\/Edit Division","uid":"12"},{"id_application_action":"14","action":"14","name":"Edit Division","uid":"13"},{"id_application_action":"15","action":"15","name":"Delete Division","uid":"14"},{"id_application_action":"16","action":"16","name":"View Role","uid":"15"},{"id_application_action":"17","action":"17","name":"View Create Role","uid":"16"},{"id_application_action":"18","action":"18","name":"View Edit Role","uid":"17"},{"id_application_action":"19","action":"19","name":"Delete Role","uid":"18"},{"id_application_action":"20","action":"20","name":"Save\\/Edit Role","uid":"19"},{"id_application_action":"21","action":"21","name":"View Product","uid":"20"},{"id_application_action":"22","action":"22","name":"Create Product","uid":"21"},{"id_application_action":"23","action":"23","name":"Edit Product","uid":"22"},{"id_application_action":"24","action":"24","name":"Delete Product","uid":"23"},{"id_application_action":"25","action":"25","name":"Save\\/Edit Product","uid":"24"},{"id_application_action":"26","action":"26","name":"View Supplier","uid":"25"},{"id_application_action":"27","action":"27","name":"Create Supplier","uid":"26"},{"id_application_action":"28","action":"28","name":"Edit Supplier","uid":"27"},{"id_application_action":"29","action":"29","name":"Delete Supplier","uid":"28"},{"id_application_action":"30","action":"30","name":"Save\\/Edit Supplier","uid":"29"},{"id_application_action":"31","action":"31","name":"View Product Category","uid":"30"},{"id_application_action":"32","action":"32","name":"Create Product Category","uid":"31"},{"id_application_action":"33","action":"33","name":"Edit Product Category","uid":"32"},{"id_application_action":"34","action":"34","name":"Delete Product Category","uid":"33"},{"id_application_action":"35","action":"35","name":"Save\\/Edit Product Category","uid":"34"},{"id_application_action":"36","action":"36","name":"View Merk","uid":"35"},{"id_application_action":"37","action":"37","name":"Create Merk","uid":"36"},{"id_application_action":"38","action":"38","name":"Edit Merk","uid":"37"},{"id_application_action":"39","action":"39","name":"Delete Merk","uid":"38"},{"id_application_action":"40","action":"40","name":"Save\\/Edit Merk","uid":"39"},{"id_application_action":"41","action":"41","name":"View Customer","uid":"40"},{"id_application_action":"43","action":"43","name":"Create Customer","uid":"41"},{"id_application_action":"44","action":"44","name":"Edit Customer","uid":"42"},{"id_application_action":"45","action":"45","name":"Delete Customer","uid":"43"},{"id_application_action":"46","action":"46","name":"Save\\/Edit Customer","uid":"44"},{"id_application_action":"47","action":"47","name":"View Warehouse","uid":"45"},{"id_application_action":"48","action":"48","name":"Create Warehouse","uid":"46"},{"id_application_action":"49","action":"49","name":"Edit Warehouse","uid":"47"},{"id_application_action":"50","action":"50","name":"Delete Warehouse","uid":"48"},{"id_application_action":"51","action":"51","name":"Save\\/Edit Warehouse","uid":"49"},{"id_application_action":"57","action":"57","name":"View PO","uid":"50"},{"id_application_action":"58","action":"58","name":"Create PO","uid":"51"},{"id_application_action":"59","action":"59","name":"Edit PO","uid":"52"},{"id_application_action":"60","action":"60","name":"Delete PO","uid":"53"},{"id_application_action":"61","action":"61","name":"Save\\/Edit PO","uid":"54"},{"id_application_action":"62","action":"62","name":"View User","uid":"55"},{"id_application_action":"63","action":"63","name":"Create User","uid":"56"},{"id_application_action":"64","action":"64","name":"Edit User","uid":"57"},{"id_application_action":"65","action":"65","name":"Delete User","uid":"58"},{"id_application_action":"66","action":"66","name":"Save\\/Edit User","uid":"59"},{"id_application_action":"67","action":"67","name":"View Good Receive","uid":"60"},{"id_application_action":"68","action":"68","name":"Create Good Receive","uid":"61"},{"id_application_action":"69","action":"69","name":"Edit Good Receive","uid":"62"},{"id_application_action":"70","action":"70","name":"Delete Good Receive","uid":"63"},{"id_application_action":"71","action":"71","name":"Save\\/Edit Good Receive","uid":"64"},{"id_application_action":"72","action":"72","name":"View Sales Order","uid":"65"},{"id_application_action":"73","action":"73","name":"Create Sales Order","uid":"66"},{"id_application_action":"74","action":"74","name":"Edit Sales Order","uid":"67"},{"id_application_action":"75","action":"75","name":"Delete Sales Order","uid":"68"},{"id_application_action":"76","action":"76","name":"Save Sales Order","uid":"69"},{"id_application_action":"77","action":"77","name":"View Material Request","uid":"70"},{"id_application_action":"78","action":"78","name":"Create Material Request","uid":"71"},{"id_application_action":"79","action":"79","name":"Edit Material Request","uid":"72"},{"id_application_action":"80","action":"80","name":"Delete Material Request","uid":"73"},{"id_application_action":"81","action":"81","name":"Save Material Request","uid":"74"},{"id_application_action":"82","action":"82","name":"Change User Password","uid":"75"},{"id_application_action":"83","action":"83","name":"View Delivery Note","uid":"76"},{"id_application_action":"84","action":"84","name":"Create Delivery Note","uid":"77"},{"id_application_action":"85","action":"85","name":"Edit Delivery Note","uid":"78"},{"id_application_action":"86","action":"86","name":"Delete Delivery Note","uid":"79"},{"id_application_action":"87","action":"87","name":"Save\\/Edit Delivery Note","uid":"80"},{"id_application_action":"88","action":"88","name":"View Unit Measure","uid":"81"},{"id_application_action":"89","action":"89","name":"Create Unit Measure","uid":"82"},{"id_application_action":"90","action":"90","name":"Edit Unit Measure","uid":"83"},{"id_application_action":"91","action":"91","name":"Delete Unit Measure","uid":"84"},{"id_application_action":"92","action":"92","name":"Save\\/Edit Unit Measure","uid":"85"},{"id_application_action":"93","action":"93","name":"View Stock","uid":"86"},{"id_application_action":"94","action":"94","name":"View Employee","uid":"87"},{"id_application_action":"95","action":"95","name":"Create Employee","uid":"88"},{"id_application_action":"96","action":"96","name":"Edit Employee","uid":"89"},{"id_application_action":"97","action":"97","name":"Delete Employee","uid":"90"},{"id_application_action":"98","action":"98","name":"Save\\/Edit Employee","uid":"91"},{"id_application_action":"99","action":"99","name":"Validate PO","uid":"92"},{"id_application_action":"100","action":"100","name":"Create Database Interface","uid":"93"},{"id_application_action":"101","action":"101","name":"Edit Database Interface","uid":"94"},{"id_application_action":"102","action":"102","name":"Delete Database Interface","uid":"95"},{"id_application_action":"103","action":"103","name":"Save \\/ Edit Database Interface","uid":"96"},{"id_application_action":"104","action":"104","name":"View Database Field Interface","uid":"97"},{"id_application_action":"105","action":"105","name":"Create Database Field Interface","uid":"98"},{"id_application_action":"106","action":"106","name":"Edit Database Field Interface","uid":"99"},{"id_application_action":"107","action":"107","name":"Delete Database Field Interface","uid":"100"},{"id_application_action":"108","action":"108","name":"Save \\/ Edit Database Field Interface","uid":"101"},{"id_application_action":"109","action":"109","name":"View Inquiry","uid":"102"},{"id_application_action":"110","action":"110","name":"Create Inquiry","uid":"103"},{"id_application_action":"111","action":"111","name":"Edit Inquiry","uid":"104"},{"id_application_action":"112","action":"112","name":"Delete Inquiry","uid":"105"},{"id_application_action":"113","action":"113","name":"Save\\/Edit Inquiry","uid":"106"},{"id_application_action":"114","action":"114","name":"View Survey \\/ Assessment","uid":"107"},{"id_application_action":"115","action":"115","name":"Create Survey \\/ Assessment","uid":"108"},{"id_application_action":"116","action":"116","name":"Edit Survey \\/ Assessment","uid":"109"},{"id_application_action":"117","action":"117","name":"Delete Survey \\/ Assessment","uid":"110"},{"id_application_action":"118","action":"118","name":"Save\\/Edit Survey \\/ Assessment","uid":"111"},{"id_application_action":"119","action":"119","name":"View Quotation","uid":"112"},{"id_application_action":"120","action":"120","name":"Create Quotation","uid":"113"},{"id_application_action":"121","action":"121","name":"Edit Quotation","uid":"114"},{"id_application_action":"122","action":"122","name":"Delete Quotation","uid":"115"},{"id_application_action":"123","action":"123","name":"Save\\/Edit Quotation","uid":"116"},{"id_application_action":"124","action":"124","name":"View Project Contract","uid":"117"},{"id_application_action":"125","action":"125","name":"Create Project Contract","uid":"118"},{"id_application_action":"126","action":"126","name":"Edit Project Contract","uid":"119"},{"id_application_action":"127","action":"127","name":"Delete Project Contract","uid":"120"},{"id_application_action":"128","action":"128","name":"Save\\/Edit Project Contract","uid":"121"},{"id_application_action":"129","action":"129","name":"View Work Order","uid":"122"},{"id_application_action":"130","action":"130","name":"Create Work Order","uid":"123"},{"id_application_action":"131","action":"131","name":"Edit Work Order","uid":"124"},{"id_application_action":"132","action":"132","name":"Delete Work Order","uid":"125"},{"id_application_action":"133","action":"133","name":"Save\\/Edit Work Order","uid":"126"},{"id_application_action":"134","action":"134","name":"View Assessment Template","uid":"127"},{"id_application_action":"135","action":"135","name":"Create Assessment Template","uid":"128"},{"id_application_action":"136","action":"136","name":"Edit Assessment Template","uid":"129"},{"id_application_action":"137","action":"137","name":"Delete Assessment Template","uid":"130"},{"id_application_action":"138","action":"138","name":"Save\\/Edit Assessment Template","uid":"131"},{"id_application_action":"139","action":"139","name":"View Contract Template","uid":"132"},{"id_application_action":"140","action":"140","name":"Create Contract Template","uid":"133"},{"id_application_action":"141","action":"141","name":"Edit Contract Template","uid":"134"},{"id_application_action":"142","action":"142","name":"Delete Contract Template","uid":"135"},{"id_application_action":"143","action":"143","name":"Save\\/Edit Contract Template","uid":"136"},{"id_application_action":"144","action":"144","name":"View Work Schedule","uid":"137"},{"id_application_action":"145","action":"145","name":"Create Work Schedule","uid":"138"},{"id_application_action":"146","action":"146","name":"Edit Work Schedule","uid":"139"},{"id_application_action":"147","action":"147","name":"Delete Work Schedule","uid":"140"},{"id_application_action":"148","action":"148","name":"Save\\/Edit Work Schedule","uid":"141"},{"id_application_action":"149","action":"149","name":"View SO Assignment","uid":"142"},{"id_application_action":"150","action":"150","name":"Create SO Assignment","uid":"143"},{"id_application_action":"151","action":"151","name":"Edit SO Assignment","uid":"144"},{"id_application_action":"152","action":"152","name":"Delete SO Assignment","uid":"145"},{"id_application_action":"153","action":"153","name":"Save\\/Edit SO Assignment","uid":"146"},{"id_application_action":"154","action":"154","name":"View Shift Change","uid":"147"},{"id_application_action":"155","action":"155","name":"Create Shift Change","uid":"148"},{"id_application_action":"156","action":"156","name":"Edit Shift Change","uid":"149"},{"id_application_action":"157","action":"157","name":"Delete Shift Change","uid":"150"},{"id_application_action":"158","action":"158","name":"Save\\/Edit Shift Change","uid":"151"},{"id_application_action":"159","action":"159","name":"View Leave Application","uid":"152"},{"id_application_action":"160","action":"160","name":"Create Leave Application","uid":"153"},{"id_application_action":"161","action":"161","name":"Edit Leave Application","uid":"154"},{"id_application_action":"162","action":"162","name":"Delete Leave Application","uid":"155"},{"id_application_action":"163","action":"163","name":"Save\\/Edit Leave Application","uid":"156"},{"id_application_action":"164","action":"164","name":"View Timesheet","uid":"157"},{"id_application_action":"165","action":"165","name":"Create Timesheet ","uid":"158"},{"id_application_action":"166","action":"166","name":"Edit Timesheet (Recap)","uid":"159"},{"id_application_action":"167","action":"167","name":"Delete Timesheet (Recap)","uid":"160"},{"id_application_action":"168","action":"168","name":"Save\\/Edit Timesheet (Recap)","uid":"161"},{"id_application_action":"169","action":"169","name":"View SO Timesheet","uid":"162"},{"id_application_action":"170","action":"170","name":"Create SO Timesheet","uid":"163"},{"id_application_action":"171","action":"171","name":"Edit SO Timesheet","uid":"164"},{"id_application_action":"172","action":"172","name":"Delete SO Timesheet","uid":"165"},{"id_application_action":"173","action":"173","name":"Save\\/Edit SO Timesheet","uid":"166"},{"id_application_action":"174","action":"174","name":"View Incident Report","uid":"167"},{"id_application_action":"175","action":"175","name":"Create Incident Report","uid":"168"},{"id_application_action":"176","action":"176","name":"Edit Incident Report","uid":"169"},{"id_application_action":"177","action":"177","name":"Delete Incident Report","uid":"170"},{"id_application_action":"178","action":"178","name":"Save\\/Edit Incident Report","uid":"171"},{"id_application_action":"179","action":"179","name":"View Payroll","uid":"172"},{"id_application_action":"180","action":"180","name":"Create Payroll","uid":"173"},{"id_application_action":"181","action":"181","name":"Edit Payroll","uid":"174"},{"id_application_action":"182","action":"182","name":"Delete Payroll","uid":"175"},{"id_application_action":"183","action":"183","name":"Save\\/Edit Payroll","uid":"176"},{"id_application_action":"184","action":"184","name":"View Supplier Invoice","uid":"177"},{"id_application_action":"185","action":"185","name":"Create Supplier Invoice","uid":"178"},{"id_application_action":"186","action":"186","name":"Edit Supplier Invoice","uid":"179"},{"id_application_action":"187","action":"187","name":"Delete Supplier Invoice","uid":"180"},{"id_application_action":"188","action":"188","name":"Save\\/Edit Supplier Invoice","uid":"181"},{"id_application_action":"189","action":"189","name":"View Customer Invoice","uid":"182"},{"id_application_action":"190","action":"190","name":"Create Customer Invoice","uid":"183"},{"id_application_action":"191","action":"191","name":"Edit Customer Invoice","uid":"184"},{"id_application_action":"192","action":"192","name":"Delete Customer Invoice","uid":"185"},{"id_application_action":"193","action":"193","name":"Save\\/Edit Customer Invoice","uid":"186"},{"id_application_action":"194","action":"194","name":"View Bank Statement","uid":"187"},{"id_application_action":"195","action":"195","name":"Create Bank Statement","uid":"188"},{"id_application_action":"196","action":"196","name":"Edit Bank Statement","uid":"189"},{"id_application_action":"197","action":"197","name":"Delete Bank Statement","uid":"190"},{"id_application_action":"198","action":"198","name":"Save\\/Edit Bank Statement","uid":"191"},{"id_application_action":"199","action":"199","name":"View Cash Register","uid":"192"},{"id_application_action":"200","action":"200","name":"Create Cash Register","uid":"193"},{"id_application_action":"201","action":"201","name":"Edit Cash Register","uid":"194"},{"id_application_action":"202","action":"202","name":"Delete Cash Register","uid":"195"},{"id_application_action":"203","action":"203","name":"Save\\/Edit Cash Register","uid":"196"},{"id_application_action":"204","action":"204","name":"View Tax","uid":"197"},{"id_application_action":"205","action":"205","name":"Create Tax","uid":"198"},{"id_application_action":"206","action":"206","name":"Edit Tax","uid":"199"},{"id_application_action":"207","action":"207","name":"Delete Tax","uid":"200"},{"id_application_action":"208","action":"208","name":"Save\\/Edit Tax","uid":"201"},{"id_application_action":"209","action":"209","name":"View Chart of Account","uid":"202"},{"id_application_action":"210","action":"210","name":"Create Chart of Account","uid":"203"},{"id_application_action":"211","action":"211","name":"Edit Chart of Account","uid":"204"},{"id_application_action":"212","action":"212","name":"Delete Chart of Account","uid":"205"},{"id_application_action":"213","action":"213","name":"Save\\/Edit Chart of Account","uid":"206"},{"id_application_action":"214","action":"214","name":"View Employee Salary","uid":"207"},{"id_application_action":"215","action":"215","name":"Create Employee Salary","uid":"208"},{"id_application_action":"216","action":"216","name":"Edit Employee Salary","uid":"209"},{"id_application_action":"217","action":"217","name":"Delete Employee Salary","uid":"210"},{"id_application_action":"218","action":"218","name":"Save\\/Edit Employee Salary","uid":"211"},{"id_application_action":"219","action":"219","name":"View Salary Setting","uid":"212"},{"id_application_action":"220","action":"220","name":"Create Salary Setting","uid":"213"},{"id_application_action":"221","action":"221","name":"Edit Salary Setting","uid":"214"},{"id_application_action":"222","action":"222","name":"Delete Salary Setting","uid":"215"},{"id_application_action":"223","action":"223","name":"Save\\/Edit Salary Setting","uid":"216"},{"id_application_action":"224","action":"224","name":"View Database Interface","uid":"217"},{"id_application_action":"225","action":"225","name":"Pick Assessment Template","uid":"218"},{"id_application_action":"226","action":"226","name":"View Organisation Structure","uid":"219"},{"id_application_action":"227","action":"227","name":"Create Organisation Structure","uid":"220"},{"id_application_action":"228","action":"228","name":"Edit Organisation Structure","uid":"221"},{"id_application_action":"229","action":"229","name":"Delete Organisation Structure","uid":"222"},{"id_application_action":"230","action":"230","name":"Save\\/Edit Organisation Structure","uid":"223"},{"id_application_action":"231","action":"231","name":"View Position Level","uid":"224"},{"id_application_action":"232","action":"232","name":"Create Position Level","uid":"225"},{"id_application_action":"233","action":"233","name":"Edit Position Level","uid":"226"},{"id_application_action":"234","action":"234","name":"Delete Position Level","uid":"227"},{"id_application_action":"235","action":"235","name":"Save\\/Edit Position Level","uid":"228"},{"id_application_action":"236","action":"236","name":"View Employee Contract Type","uid":"229"},{"id_application_action":"237","action":"237","name":"Create Employee Contract Type","uid":"230"},{"id_application_action":"238","action":"238","name":"Edit Employee Contract Type","uid":"231"},{"id_application_action":"239","action":"239","name":"Delete Employee Contract Type","uid":"232"},{"id_application_action":"240","action":"240","name":"Save\\/Edit Employee Contract","uid":"233"},{"id_application_action":"241","action":"241","name":"View Bank","uid":"234"},{"id_application_action":"242","action":"242","name":"Create Bank","uid":"235"},{"id_application_action":"243","action":"243","name":"Edit Bank","uid":"236"},{"id_application_action":"244","action":"244","name":"Delete Bank","uid":"237"},{"id_application_action":"245","action":"245","name":"Save\\/Edit Bank","uid":"238"},{"id_application_action":"246","action":"246","name":"View Payment Receipt","uid":"239"},{"id_application_action":"247","action":"247","name":"Create Payment Receipt","uid":"240"},{"id_application_action":"248","action":"248","name":"Edit Payment Receipt","uid":"241"},{"id_application_action":"249","action":"249","name":"Save\\/Edit Payment Receipt","uid":"242"},{"id_application_action":"250","action":"250","name":"Delete Payment Receipt","uid":"243"},{"id_application_action":"251","action":"251","name":"Receive Payment From PO","uid":"244"},{"id_application_action":"252","action":"252","name":"Make Payment Receipt","uid":"245"},{"id_application_action":"253","action":"253","name":"Cancel Payment Receipt","uid":"246"},{"id_application_action":"254","action":"254","name":"View Stock Transaction","uid":"247"},{"id_application_action":"255","action":"255","name":"Create Stock Transaction","uid":"248"},{"id_application_action":"256","action":"256","name":"Edit Stock Transaction","uid":"249"},{"id_application_action":"257","action":"257","name":"Delete Stock Transaction","uid":"250"},{"id_application_action":"258","action":"258","name":"Save\\/Edit Stock Transaction","uid":"251"},{"id_application_action":"259","action":"259","name":"Post Stock Transaction","uid":"252"},{"id_application_action":"260","action":"260","name":"Unpost Stock Transaction","uid":"253"},{"id_application_action":"261","action":"261","name":"Transfer Good Receive","uid":"254"},{"id_application_action":"262","action":"262","name":"View Activity","uid":"255"},{"id_application_action":"263","action":"263","name":"Make Working Schedule","uid":"256"},{"id_application_action":"264","action":"264","name":"Validate Inquiry","uid":"257"},{"id_application_action":"265","action":"265","name":"Validate Quotation","uid":"258"},{"id_application_action":"266","action":"266","name":"Validate Sales Order","uid":"259"},{"id_application_action":"267","action":"267","name":"Confirm Sales Order","uid":"260"},{"id_application_action":"268","action":"268","name":"View Fingerprint Device","uid":"261"},{"id_application_action":"269","action":"269","name":"Create Fingerprint Device","uid":"262"},{"id_application_action":"270","action":"270","name":"Edit Fingerprint Device","uid":"263"},{"id_application_action":"271","action":"271","name":"Delete Fingerprint Device","uid":"264"},{"id_application_action":"272","action":"272","name":"Save\\/Edit Fingerprint Device","uid":"265"},{"id_application_action":"273","action":"273","name":"Activate Fingerprint","uid":"266"},{"id_application_action":"274","action":"274","name":"Deactivate Fingerprint","uid":"267"},{"id_application_action":"275","action":"275","name":"View Fingerprint Assign","uid":"268"},{"id_application_action":"276","action":"276","name":"Create Fingerprint Assign","uid":"269"},{"id_application_action":"277","action":"277","name":"Edit Fingerprint Assign","uid":"270"},{"id_application_action":"278","action":"278","name":"Delete Fingerprint Assign","uid":"271"},{"id_application_action":"279","action":"279","name":"Save\\/Edit Fingerprint Assign","uid":"272"},{"id_application_action":"280","action":"280","name":"Make SO Assignment","uid":"273"},{"id_application_action":"281","action":"281","name":"Assign Fingerprint Device","uid":"274"},{"id_application_action":"282","action":"282","name":"Unassign Fingerprint","uid":"275"},{"id_application_action":"283","action":"283","name":"Fingerprint Enroll","uid":"276"},{"id_application_action":"284","action":"284","name":"Save Fingerprint Enroll","uid":"277"},{"id_application_action":"292","action":"292","name":"View BOM","uid":"278"},{"id_application_action":"293","action":"293","name":"Create BOM","uid":"279"},{"id_application_action":"294","action":"294","name":"Edit BOM","uid":"280"},{"id_application_action":"295","action":"295","name":"Delete BOM","uid":"281"},{"id_application_action":"296","action":"296","name":"Save\\/Edit BOM","uid":"282"},{"id_application_action":"297","action":"297","name":"Validate BOM","uid":"283"},{"id_application_action":"298","action":"298","name":"View Join item","uid":"284"},{"id_application_action":"299","action":"299","name":"Create Join Item","uid":"285"},{"id_application_action":"300","action":"300","name":"Edit Join Item","uid":"286"},{"id_application_action":"301","action":"301","name":"Delete Join Item","uid":"287"},{"id_application_action":"302","action":"302","name":"Save\\/Edit Joint Item","uid":"288"},{"id_application_action":"303","action":"303","name":"Transfer Join Item","uid":"289"},{"id_application_action":"304","action":"304","name":"View Group","uid":"290"},{"id_application_action":"305","action":"305","name":"Create Group","uid":"291"},{"id_application_action":"306","action":"306","name":"Edit Group","uid":"292"},{"id_application_action":"307","action":"307","name":"Delete Group","uid":"293"},{"id_application_action":"309","action":"309","name":"View Configuration Parameter","uid":"295"},{"id_application_action":"310","action":"310","name":"Create Configuration Parameter","uid":"296"},{"id_application_action":"311","action":"311","name":"Edit Configuration Parameter","uid":"297"},{"id_application_action":"312","action":"312","name":"Delete Configuration Parameter","uid":"298"},{"id_application_action":"313","action":"313","name":"Save\\/Edit Configuration Parameter","uid":"299"},{"id_application_action":"314","action":"314","name":"VIew Notification Setting","uid":"300"},{"id_application_action":"315","action":"315","name":"Create Notification Setting","uid":"301"},{"id_application_action":"316","action":"316","name":"Edit Notification Setting","uid":"302"},{"id_application_action":"317","action":"317","name":"Delete Notification Setting","uid":"303"},{"id_application_action":"318","action":"318","name":"Save\\/Edit Notification Setting","uid":"304"},{"id_application_action":"319","action":"319","name":"View Product Definition","uid":"305"},{"id_application_action":"320","action":"320","name":"Create Product Definition","uid":"306"},{"id_application_action":"321","action":"321","name":"Edit Product Definition","uid":"307"},{"id_application_action":"322","action":"322","name":"Delete Product Definition","uid":"308"},{"id_application_action":"323","action":"323","name":"Save\\/Edit Product Definition","uid":"309"},{"id_application_action":"342","action":"342","name":"View Log Error","uid":"310"},{"id_application_action":"343","action":"343","name":"Create Log Error","uid":"311"},{"id_application_action":"344","action":"344","name":"Save \\/ Edit Log Error","uid":"312"},{"id_application_action":"345","action":"345","name":"Edit Log  Error","uid":"313"},{"id_application_action":"346","action":"346","name":"Delete Log Error","uid":"314"},{"id_application_action":"347","action":"347","name":"Copy Record","uid":"315"},{"id_application_action":"348","action":"348","name":"View Salary Type","uid":"316"},{"id_application_action":"349","action":"349","name":"Create Salary Type","uid":"317"},{"id_application_action":"350","action":"350","name":"Save \\/ Edit Salary Type","uid":"318"},{"id_application_action":"351","action":"351","name":"Edit Salary Type","uid":"319"},{"id_application_action":"352","action":"352","name":"Create Timesheet","uid":"320"},{"id_application_action":"353","action":"353","name":"View Salary Type","uid":"321"},{"id_application_action":"354","action":"354","name":"View Salary Type","uid":"322"},{"id_application_action":"355","action":"355","name":"Save \\/ Edit Timesheet ","uid":"323"},{"id_application_action":"356","action":"356","name":"View Payroll Periode","uid":"324"},{"id_application_action":"357","action":"357","name":"Create Payroll Periode","uid":"325"},{"id_application_action":"358","action":"358","name":"Save \\/ Edit Log Error","uid":"326"},{"id_application_action":"359","action":"359","name":"Edit Payroll Periode","uid":"327"},{"id_application_action":"360","action":"360","name":"Delete Payroll Periode","uid":"328"},{"id_application_action":"361","action":"361","name":"View Request Overtime","uid":"329"},{"id_application_action":"362","action":"362","name":"Create Request Overtime","uid":"330"},{"id_application_action":"363","action":"363","name":"Save \\/ Edit Overtime","uid":"331"},{"id_application_action":"364","action":"364","name":"Edit Overtime","uid":"332"},{"id_application_action":"365","action":"365","name":"Delete Overtime","uid":"333"},{"id_application_action":"366","action":"366","name":"Validate Overtime","uid":"334"},{"id_application_action":"367","action":"367","name":"View Insentive","uid":"335"},{"id_application_action":"368","action":"368","name":"View Monitoring Timesheet ","uid":"336"},{"id_application_action":"369","action":"369","name":"Create Insentive","uid":"337"},{"id_application_action":"370","action":"370","name":"Save \\/ Edit Insentive","uid":"338"},{"id_application_action":"371","action":"371","name":"Edit Overtime","uid":"339"},{"id_application_action":"372","action":"372","name":"Delete Insentive","uid":"340"},{"id_application_action":"373","action":"373","name":"Validate Work Order","uid":"341"},{"id_application_action":"374","action":"374","name":"Edit Timesheet","uid":"342"},{"id_application_action":"375","action":"375","name":"View Recruitment","uid":"343"},{"id_application_action":"376","action":"376","name":"Create Recruitment","uid":"344"},{"id_application_action":"377","action":"377","name":"Save\\/Edit Recruitment","uid":"345"},{"id_application_action":"378","action":"378","name":"Delete Recruitment","uid":"346"},{"id_application_action":"379","action":"379","name":"Edit Recruitment","uid":"347"},{"id_application_action":"380","action":"380","name":"View Request Overtime","uid":"348"},{"id_application_action":"381","action":"381","name":"Create Request Overtime","uid":"349"},{"id_application_action":"382","action":"382","name":"Save\\/Edit Overtime","uid":"350"},{"id_application_action":"383","action":"383","name":"Delete Overtime","uid":"351"},{"id_application_action":"384","action":"384","name":"Edit Overtime","uid":"352"},{"id_application_action":"385","action":"385","name":"Validate Overtime","uid":"353"},{"id_application_action":"386","action":"386","name":"View Insentive","uid":"354"},{"id_application_action":"387","action":"387","name":"Create Request Insentive","uid":"355"},{"id_application_action":"388","action":"388","name":"Save\\/Edit Insentive","uid":"356"},{"id_application_action":"389","action":"389","name":"Delete Insentive","uid":"357"},{"id_application_action":"390","action":"390","name":"Edit Insentive","uid":"358"},{"id_application_action":"391","action":"391","name":"Delete Salary Type","uid":"359"},{"id_application_action":"392","action":"392","name":"Save\\/Edit Payroll Periode","uid":"360"},{"id_application_action":"393","action":"393","name":"View Detail Payroll","uid":"361"},{"id_application_action":"394","action":"394","name":"View Detail Inquiry","uid":"362"},{"id_application_action":"395","action":"395","name":"View Detail Quotation","uid":"363"},{"id_application_action":"396","action":"396","name":"View Detail Sales Order","uid":"364"},{"id_application_action":"397","action":"397","name":"View Detail Work Order","uid":"365"},{"id_application_action":"398","action":"398","name":"View Detail Customer","uid":"366"},{"id_application_action":"399","action":"399","name":"View Detail Product Definition","uid":"367"},{"id_application_action":"400","action":"400","name":"View Timesheet Device Log","uid":"368"},{"id_application_action":"401","action":"401","name":"View Cost Element","uid":"369"},{"id_application_action":"402","action":"402","name":"View Cost Element Template","uid":"370"},{"id_application_action":"403","action":"403","name":"Create Cost Element Template","uid":"371"},{"id_application_action":"404","action":"404","name":"View Invoice","uid":"372"},{"id_application_action":"405","action":"405","name":"Create Invoice","uid":"373"},{"id_application_action":"406","action":"406","name":"Save\\/Edit Invoice","uid":"374"},{"id_application_action":"407","action":"407","name":"Import Excel Recruitment","uid":"375"},{"id_application_action":"410","action":"410","name":"Validate Work Order","uid":"376"},{"id_application_action":"411","action":"411","name":"Save Cost Element","uid":"377"},{"id_application_action":"412","action":"412","name":"View Cost Element","uid":"378"},{"id_application_action":"413","action":"413","name":"Create Cost Element","uid":"379"},{"id_application_action":"414","action":"414","name":"Edit Cost Element","uid":"380"},{"id_application_action":"415","action":"415","name":"Delete Cost Element","uid":"381"},{"id_application_action":"416","action":"416","name":"Save\\/Edit Cost Element","uid":"382"},{"id_application_action":"417","action":"417","name":"View Detail Cost Element","uid":"383"}],"is_edit":"true","id_role":"1"}', '2015-04-13 17:27:28');
INSERT INTO `activity_log` (`id_log`, `activity`, `object`, `object_id`, `user`, `description`, `action`, `field_data`, `date_create`) VALUES
(468, 'Save/Edit Role', 'role', NULL, 2, 'Save/Edit Role', 20, '{"name":"administrator","action_detail":[{"id_application_action":"1","action":"1","name":"View Application Action","uid":"0"},{"id_application_action":"2","action":"2","name":"Create Application Action","uid":"1"},{"id_application_action":"3","action":"3","name":"Edit Application Action","uid":"2"},{"id_application_action":"4","action":"4","name":"Delete Application Action","uid":"3"},{"id_application_action":"5","action":"5","name":"View Side Menu","uid":"4"},{"id_application_action":"6","action":"6","name":"Create Side Menu","uid":"5"},{"id_application_action":"7","action":"7","name":"Edit Side Menu","uid":"6"},{"id_application_action":"8","action":"8","name":"Delete Side Menu","uid":"7"},{"id_application_action":"9","action":"9","name":"Save\\/Edit Side Menu","uid":"8"},{"id_application_action":"10","action":"10","name":"Save\\/Edit Action","uid":"9"},{"id_application_action":"11","action":"11","name":"View Division","uid":"10"},{"id_application_action":"12","action":"12","name":"Create Division","uid":"11"},{"id_application_action":"13","action":"13","name":"Save\\/Edit Division","uid":"12"},{"id_application_action":"14","action":"14","name":"Edit Division","uid":"13"},{"id_application_action":"15","action":"15","name":"Delete Division","uid":"14"},{"id_application_action":"16","action":"16","name":"View Role","uid":"15"},{"id_application_action":"17","action":"17","name":"View Create Role","uid":"16"},{"id_application_action":"18","action":"18","name":"View Edit Role","uid":"17"},{"id_application_action":"19","action":"19","name":"Delete Role","uid":"18"},{"id_application_action":"20","action":"20","name":"Save\\/Edit Role","uid":"19"},{"id_application_action":"21","action":"21","name":"View Product","uid":"20"},{"id_application_action":"22","action":"22","name":"Create Product","uid":"21"},{"id_application_action":"23","action":"23","name":"Edit Product","uid":"22"},{"id_application_action":"24","action":"24","name":"Delete Product","uid":"23"},{"id_application_action":"25","action":"25","name":"Save\\/Edit Product","uid":"24"},{"id_application_action":"26","action":"26","name":"View Supplier","uid":"25"},{"id_application_action":"27","action":"27","name":"Create Supplier","uid":"26"},{"id_application_action":"28","action":"28","name":"Edit Supplier","uid":"27"},{"id_application_action":"29","action":"29","name":"Delete Supplier","uid":"28"},{"id_application_action":"30","action":"30","name":"Save\\/Edit Supplier","uid":"29"},{"id_application_action":"31","action":"31","name":"View Product Category","uid":"30"},{"id_application_action":"32","action":"32","name":"Create Product Category","uid":"31"},{"id_application_action":"33","action":"33","name":"Edit Product Category","uid":"32"},{"id_application_action":"34","action":"34","name":"Delete Product Category","uid":"33"},{"id_application_action":"35","action":"35","name":"Save\\/Edit Product Category","uid":"34"},{"id_application_action":"36","action":"36","name":"View Merk","uid":"35"},{"id_application_action":"37","action":"37","name":"Create Merk","uid":"36"},{"id_application_action":"38","action":"38","name":"Edit Merk","uid":"37"},{"id_application_action":"39","action":"39","name":"Delete Merk","uid":"38"},{"id_application_action":"40","action":"40","name":"Save\\/Edit Merk","uid":"39"},{"id_application_action":"41","action":"41","name":"View Customer","uid":"40"},{"id_application_action":"43","action":"43","name":"Create Customer","uid":"41"},{"id_application_action":"44","action":"44","name":"Edit Customer","uid":"42"},{"id_application_action":"45","action":"45","name":"Delete Customer","uid":"43"},{"id_application_action":"46","action":"46","name":"Save\\/Edit Customer","uid":"44"},{"id_application_action":"47","action":"47","name":"View Warehouse","uid":"45"},{"id_application_action":"48","action":"48","name":"Create Warehouse","uid":"46"},{"id_application_action":"49","action":"49","name":"Edit Warehouse","uid":"47"},{"id_application_action":"50","action":"50","name":"Delete Warehouse","uid":"48"},{"id_application_action":"51","action":"51","name":"Save\\/Edit Warehouse","uid":"49"},{"id_application_action":"57","action":"57","name":"View PO","uid":"50"},{"id_application_action":"58","action":"58","name":"Create PO","uid":"51"},{"id_application_action":"59","action":"59","name":"Edit PO","uid":"52"},{"id_application_action":"60","action":"60","name":"Delete PO","uid":"53"},{"id_application_action":"61","action":"61","name":"Save\\/Edit PO","uid":"54"},{"id_application_action":"62","action":"62","name":"View User","uid":"55"},{"id_application_action":"63","action":"63","name":"Create User","uid":"56"},{"id_application_action":"64","action":"64","name":"Edit User","uid":"57"},{"id_application_action":"65","action":"65","name":"Delete User","uid":"58"},{"id_application_action":"66","action":"66","name":"Save\\/Edit User","uid":"59"},{"id_application_action":"67","action":"67","name":"View Good Receive","uid":"60"},{"id_application_action":"68","action":"68","name":"Create Good Receive","uid":"61"},{"id_application_action":"69","action":"69","name":"Edit Good Receive","uid":"62"},{"id_application_action":"70","action":"70","name":"Delete Good Receive","uid":"63"},{"id_application_action":"71","action":"71","name":"Save\\/Edit Good Receive","uid":"64"},{"id_application_action":"72","action":"72","name":"View Sales Order","uid":"65"},{"id_application_action":"73","action":"73","name":"Create Sales Order","uid":"66"},{"id_application_action":"74","action":"74","name":"Edit Sales Order","uid":"67"},{"id_application_action":"75","action":"75","name":"Delete Sales Order","uid":"68"},{"id_application_action":"76","action":"76","name":"Save Sales Order","uid":"69"},{"id_application_action":"77","action":"77","name":"View Material Request","uid":"70"},{"id_application_action":"78","action":"78","name":"Create Material Request","uid":"71"},{"id_application_action":"79","action":"79","name":"Edit Material Request","uid":"72"},{"id_application_action":"80","action":"80","name":"Delete Material Request","uid":"73"},{"id_application_action":"81","action":"81","name":"Save Material Request","uid":"74"},{"id_application_action":"82","action":"82","name":"Change User Password","uid":"75"},{"id_application_action":"83","action":"83","name":"View Delivery Note","uid":"76"},{"id_application_action":"84","action":"84","name":"Create Delivery Note","uid":"77"},{"id_application_action":"85","action":"85","name":"Edit Delivery Note","uid":"78"},{"id_application_action":"86","action":"86","name":"Delete Delivery Note","uid":"79"},{"id_application_action":"87","action":"87","name":"Save\\/Edit Delivery Note","uid":"80"},{"id_application_action":"88","action":"88","name":"View Unit Measure","uid":"81"},{"id_application_action":"89","action":"89","name":"Create Unit Measure","uid":"82"},{"id_application_action":"90","action":"90","name":"Edit Unit Measure","uid":"83"},{"id_application_action":"91","action":"91","name":"Delete Unit Measure","uid":"84"},{"id_application_action":"92","action":"92","name":"Save\\/Edit Unit Measure","uid":"85"},{"id_application_action":"93","action":"93","name":"View Stock","uid":"86"},{"id_application_action":"94","action":"94","name":"View Employee","uid":"87"},{"id_application_action":"95","action":"95","name":"Create Employee","uid":"88"},{"id_application_action":"96","action":"96","name":"Edit Employee","uid":"89"},{"id_application_action":"97","action":"97","name":"Delete Employee","uid":"90"},{"id_application_action":"98","action":"98","name":"Save\\/Edit Employee","uid":"91"},{"id_application_action":"99","action":"99","name":"Validate PO","uid":"92"},{"id_application_action":"100","action":"100","name":"Create Database Interface","uid":"93"},{"id_application_action":"101","action":"101","name":"Edit Database Interface","uid":"94"},{"id_application_action":"102","action":"102","name":"Delete Database Interface","uid":"95"},{"id_application_action":"103","action":"103","name":"Save \\/ Edit Database Interface","uid":"96"},{"id_application_action":"104","action":"104","name":"View Database Field Interface","uid":"97"},{"id_application_action":"105","action":"105","name":"Create Database Field Interface","uid":"98"},{"id_application_action":"106","action":"106","name":"Edit Database Field Interface","uid":"99"},{"id_application_action":"107","action":"107","name":"Delete Database Field Interface","uid":"100"},{"id_application_action":"108","action":"108","name":"Save \\/ Edit Database Field Interface","uid":"101"},{"id_application_action":"109","action":"109","name":"View Inquiry","uid":"102"},{"id_application_action":"110","action":"110","name":"Create Inquiry","uid":"103"},{"id_application_action":"111","action":"111","name":"Edit Inquiry","uid":"104"},{"id_application_action":"112","action":"112","name":"Delete Inquiry","uid":"105"},{"id_application_action":"113","action":"113","name":"Save\\/Edit Inquiry","uid":"106"},{"id_application_action":"114","action":"114","name":"View Survey \\/ Assessment","uid":"107"},{"id_application_action":"115","action":"115","name":"Create Survey \\/ Assessment","uid":"108"},{"id_application_action":"116","action":"116","name":"Edit Survey \\/ Assessment","uid":"109"},{"id_application_action":"117","action":"117","name":"Delete Survey \\/ Assessment","uid":"110"},{"id_application_action":"118","action":"118","name":"Save\\/Edit Survey \\/ Assessment","uid":"111"},{"id_application_action":"119","action":"119","name":"View Quotation","uid":"112"},{"id_application_action":"120","action":"120","name":"Create Quotation","uid":"113"},{"id_application_action":"121","action":"121","name":"Edit Quotation","uid":"114"},{"id_application_action":"122","action":"122","name":"Delete Quotation","uid":"115"},{"id_application_action":"123","action":"123","name":"Save\\/Edit Quotation","uid":"116"},{"id_application_action":"124","action":"124","name":"View Project Contract","uid":"117"},{"id_application_action":"125","action":"125","name":"Create Project Contract","uid":"118"},{"id_application_action":"126","action":"126","name":"Edit Project Contract","uid":"119"},{"id_application_action":"127","action":"127","name":"Delete Project Contract","uid":"120"},{"id_application_action":"128","action":"128","name":"Save\\/Edit Project Contract","uid":"121"},{"id_application_action":"129","action":"129","name":"View Work Order","uid":"122"},{"id_application_action":"130","action":"130","name":"Create Work Order","uid":"123"},{"id_application_action":"131","action":"131","name":"Edit Work Order","uid":"124"},{"id_application_action":"132","action":"132","name":"Delete Work Order","uid":"125"},{"id_application_action":"133","action":"133","name":"Save\\/Edit Work Order","uid":"126"},{"id_application_action":"134","action":"134","name":"View Assessment Template","uid":"127"},{"id_application_action":"135","action":"135","name":"Create Assessment Template","uid":"128"},{"id_application_action":"136","action":"136","name":"Edit Assessment Template","uid":"129"},{"id_application_action":"137","action":"137","name":"Delete Assessment Template","uid":"130"},{"id_application_action":"138","action":"138","name":"Save\\/Edit Assessment Template","uid":"131"},{"id_application_action":"139","action":"139","name":"View Contract Template","uid":"132"},{"id_application_action":"140","action":"140","name":"Create Contract Template","uid":"133"},{"id_application_action":"141","action":"141","name":"Edit Contract Template","uid":"134"},{"id_application_action":"142","action":"142","name":"Delete Contract Template","uid":"135"},{"id_application_action":"143","action":"143","name":"Save\\/Edit Contract Template","uid":"136"},{"id_application_action":"144","action":"144","name":"View Work Schedule","uid":"137"},{"id_application_action":"145","action":"145","name":"Create Work Schedule","uid":"138"},{"id_application_action":"146","action":"146","name":"Edit Work Schedule","uid":"139"},{"id_application_action":"147","action":"147","name":"Delete Work Schedule","uid":"140"},{"id_application_action":"148","action":"148","name":"Save\\/Edit Work Schedule","uid":"141"},{"id_application_action":"149","action":"149","name":"View SO Assignment","uid":"142"},{"id_application_action":"150","action":"150","name":"Create SO Assignment","uid":"143"},{"id_application_action":"151","action":"151","name":"Edit SO Assignment","uid":"144"},{"id_application_action":"152","action":"152","name":"Delete SO Assignment","uid":"145"},{"id_application_action":"153","action":"153","name":"Save\\/Edit SO Assignment","uid":"146"},{"id_application_action":"154","action":"154","name":"View Shift Change","uid":"147"},{"id_application_action":"155","action":"155","name":"Create Shift Change","uid":"148"},{"id_application_action":"156","action":"156","name":"Edit Shift Change","uid":"149"},{"id_application_action":"157","action":"157","name":"Delete Shift Change","uid":"150"},{"id_application_action":"158","action":"158","name":"Save\\/Edit Shift Change","uid":"151"},{"id_application_action":"159","action":"159","name":"View Leave Application","uid":"152"},{"id_application_action":"160","action":"160","name":"Create Leave Application","uid":"153"},{"id_application_action":"161","action":"161","name":"Edit Leave Application","uid":"154"},{"id_application_action":"162","action":"162","name":"Delete Leave Application","uid":"155"},{"id_application_action":"163","action":"163","name":"Save\\/Edit Leave Application","uid":"156"},{"id_application_action":"164","action":"164","name":"View Timesheet","uid":"157"},{"id_application_action":"165","action":"165","name":"Create Timesheet ","uid":"158"},{"id_application_action":"166","action":"166","name":"Edit Timesheet (Recap)","uid":"159"},{"id_application_action":"167","action":"167","name":"Delete Timesheet (Recap)","uid":"160"},{"id_application_action":"168","action":"168","name":"Save\\/Edit Timesheet (Recap)","uid":"161"},{"id_application_action":"169","action":"169","name":"View SO Timesheet","uid":"162"},{"id_application_action":"170","action":"170","name":"Create SO Timesheet","uid":"163"},{"id_application_action":"171","action":"171","name":"Edit SO Timesheet","uid":"164"},{"id_application_action":"172","action":"172","name":"Delete SO Timesheet","uid":"165"},{"id_application_action":"173","action":"173","name":"Save\\/Edit SO Timesheet","uid":"166"},{"id_application_action":"174","action":"174","name":"View Incident Report","uid":"167"},{"id_application_action":"175","action":"175","name":"Create Incident Report","uid":"168"},{"id_application_action":"176","action":"176","name":"Edit Incident Report","uid":"169"},{"id_application_action":"177","action":"177","name":"Delete Incident Report","uid":"170"},{"id_application_action":"178","action":"178","name":"Save\\/Edit Incident Report","uid":"171"},{"id_application_action":"179","action":"179","name":"View Payroll","uid":"172"},{"id_application_action":"180","action":"180","name":"Create Payroll","uid":"173"},{"id_application_action":"181","action":"181","name":"Edit Payroll","uid":"174"},{"id_application_action":"182","action":"182","name":"Delete Payroll","uid":"175"},{"id_application_action":"183","action":"183","name":"Save\\/Edit Payroll","uid":"176"},{"id_application_action":"184","action":"184","name":"View Supplier Invoice","uid":"177"},{"id_application_action":"185","action":"185","name":"Create Supplier Invoice","uid":"178"},{"id_application_action":"186","action":"186","name":"Edit Supplier Invoice","uid":"179"},{"id_application_action":"187","action":"187","name":"Delete Supplier Invoice","uid":"180"},{"id_application_action":"188","action":"188","name":"Save\\/Edit Supplier Invoice","uid":"181"},{"id_application_action":"189","action":"189","name":"View Customer Invoice","uid":"182"},{"id_application_action":"190","action":"190","name":"Create Customer Invoice","uid":"183"},{"id_application_action":"191","action":"191","name":"Edit Customer Invoice","uid":"184"},{"id_application_action":"192","action":"192","name":"Delete Customer Invoice","uid":"185"},{"id_application_action":"193","action":"193","name":"Save\\/Edit Customer Invoice","uid":"186"},{"id_application_action":"194","action":"194","name":"View Bank Statement","uid":"187"},{"id_application_action":"195","action":"195","name":"Create Bank Statement","uid":"188"},{"id_application_action":"196","action":"196","name":"Edit Bank Statement","uid":"189"},{"id_application_action":"197","action":"197","name":"Delete Bank Statement","uid":"190"},{"id_application_action":"198","action":"198","name":"Save\\/Edit Bank Statement","uid":"191"},{"id_application_action":"199","action":"199","name":"View Cash Register","uid":"192"},{"id_application_action":"200","action":"200","name":"Create Cash Register","uid":"193"},{"id_application_action":"201","action":"201","name":"Edit Cash Register","uid":"194"},{"id_application_action":"202","action":"202","name":"Delete Cash Register","uid":"195"},{"id_application_action":"203","action":"203","name":"Save\\/Edit Cash Register","uid":"196"},{"id_application_action":"204","action":"204","name":"View Tax","uid":"197"},{"id_application_action":"205","action":"205","name":"Create Tax","uid":"198"},{"id_application_action":"206","action":"206","name":"Edit Tax","uid":"199"},{"id_application_action":"207","action":"207","name":"Delete Tax","uid":"200"},{"id_application_action":"208","action":"208","name":"Save\\/Edit Tax","uid":"201"},{"id_application_action":"209","action":"209","name":"View Chart of Account","uid":"202"},{"id_application_action":"210","action":"210","name":"Create Chart of Account","uid":"203"},{"id_application_action":"211","action":"211","name":"Edit Chart of Account","uid":"204"},{"id_application_action":"212","action":"212","name":"Delete Chart of Account","uid":"205"},{"id_application_action":"213","action":"213","name":"Save\\/Edit Chart of Account","uid":"206"},{"id_application_action":"214","action":"214","name":"View Employee Salary","uid":"207"},{"id_application_action":"215","action":"215","name":"Create Employee Salary","uid":"208"},{"id_application_action":"216","action":"216","name":"Edit Employee Salary","uid":"209"},{"id_application_action":"217","action":"217","name":"Delete Employee Salary","uid":"210"},{"id_application_action":"218","action":"218","name":"Save\\/Edit Employee Salary","uid":"211"},{"id_application_action":"219","action":"219","name":"View Salary Setting","uid":"212"},{"id_application_action":"220","action":"220","name":"Create Salary Setting","uid":"213"},{"id_application_action":"221","action":"221","name":"Edit Salary Setting","uid":"214"},{"id_application_action":"222","action":"222","name":"Delete Salary Setting","uid":"215"},{"id_application_action":"223","action":"223","name":"Save\\/Edit Salary Setting","uid":"216"},{"id_application_action":"224","action":"224","name":"View Database Interface","uid":"217"},{"id_application_action":"225","action":"225","name":"Pick Assessment Template","uid":"218"},{"id_application_action":"226","action":"226","name":"View Organisation Structure","uid":"219"},{"id_application_action":"227","action":"227","name":"Create Organisation Structure","uid":"220"},{"id_application_action":"228","action":"228","name":"Edit Organisation Structure","uid":"221"},{"id_application_action":"229","action":"229","name":"Delete Organisation Structure","uid":"222"},{"id_application_action":"230","action":"230","name":"Save\\/Edit Organisation Structure","uid":"223"},{"id_application_action":"231","action":"231","name":"View Position Level","uid":"224"},{"id_application_action":"232","action":"232","name":"Create Position Level","uid":"225"},{"id_application_action":"233","action":"233","name":"Edit Position Level","uid":"226"},{"id_application_action":"234","action":"234","name":"Delete Position Level","uid":"227"},{"id_application_action":"235","action":"235","name":"Save\\/Edit Position Level","uid":"228"},{"id_application_action":"236","action":"236","name":"View Employee Contract Type","uid":"229"},{"id_application_action":"237","action":"237","name":"Create Employee Contract Type","uid":"230"},{"id_application_action":"238","action":"238","name":"Edit Employee Contract Type","uid":"231"},{"id_application_action":"239","action":"239","name":"Delete Employee Contract Type","uid":"232"},{"id_application_action":"240","action":"240","name":"Save\\/Edit Employee Contract","uid":"233"},{"id_application_action":"241","action":"241","name":"View Bank","uid":"234"},{"id_application_action":"242","action":"242","name":"Create Bank","uid":"235"},{"id_application_action":"243","action":"243","name":"Edit Bank","uid":"236"},{"id_application_action":"244","action":"244","name":"Delete Bank","uid":"237"},{"id_application_action":"245","action":"245","name":"Save\\/Edit Bank","uid":"238"},{"id_application_action":"246","action":"246","name":"View Payment Receipt","uid":"239"},{"id_application_action":"247","action":"247","name":"Create Payment Receipt","uid":"240"},{"id_application_action":"248","action":"248","name":"Edit Payment Receipt","uid":"241"},{"id_application_action":"249","action":"249","name":"Save\\/Edit Payment Receipt","uid":"242"},{"id_application_action":"250","action":"250","name":"Delete Payment Receipt","uid":"243"},{"id_application_action":"251","action":"251","name":"Receive Payment From PO","uid":"244"},{"id_application_action":"252","action":"252","name":"Make Payment Receipt","uid":"245"},{"id_application_action":"253","action":"253","name":"Cancel Payment Receipt","uid":"246"},{"id_application_action":"254","action":"254","name":"View Stock Transaction","uid":"247"},{"id_application_action":"255","action":"255","name":"Create Stock Transaction","uid":"248"},{"id_application_action":"256","action":"256","name":"Edit Stock Transaction","uid":"249"},{"id_application_action":"257","action":"257","name":"Delete Stock Transaction","uid":"250"},{"id_application_action":"258","action":"258","name":"Save\\/Edit Stock Transaction","uid":"251"},{"id_application_action":"259","action":"259","name":"Post Stock Transaction","uid":"252"},{"id_application_action":"260","action":"260","name":"Unpost Stock Transaction","uid":"253"},{"id_application_action":"261","action":"261","name":"Transfer Good Receive","uid":"254"},{"id_application_action":"262","action":"262","name":"View Activity","uid":"255"},{"id_application_action":"263","action":"263","name":"Make Working Schedule","uid":"256"},{"id_application_action":"264","action":"264","name":"Validate Inquiry","uid":"257"},{"id_application_action":"265","action":"265","name":"Validate Quotation","uid":"258"},{"id_application_action":"266","action":"266","name":"Validate Sales Order","uid":"259"},{"id_application_action":"267","action":"267","name":"Confirm Sales Order","uid":"260"},{"id_application_action":"268","action":"268","name":"View Fingerprint Device","uid":"261"},{"id_application_action":"269","action":"269","name":"Create Fingerprint Device","uid":"262"},{"id_application_action":"270","action":"270","name":"Edit Fingerprint Device","uid":"263"},{"id_application_action":"271","action":"271","name":"Delete Fingerprint Device","uid":"264"},{"id_application_action":"272","action":"272","name":"Save\\/Edit Fingerprint Device","uid":"265"},{"id_application_action":"273","action":"273","name":"Activate Fingerprint","uid":"266"},{"id_application_action":"274","action":"274","name":"Deactivate Fingerprint","uid":"267"},{"id_application_action":"275","action":"275","name":"View Fingerprint Assign","uid":"268"},{"id_application_action":"276","action":"276","name":"Create Fingerprint Assign","uid":"269"},{"id_application_action":"277","action":"277","name":"Edit Fingerprint Assign","uid":"270"},{"id_application_action":"278","action":"278","name":"Delete Fingerprint Assign","uid":"271"},{"id_application_action":"279","action":"279","name":"Save\\/Edit Fingerprint Assign","uid":"272"},{"id_application_action":"280","action":"280","name":"Make SO Assignment","uid":"273"},{"id_application_action":"281","action":"281","name":"Assign Fingerprint Device","uid":"274"},{"id_application_action":"282","action":"282","name":"Unassign Fingerprint","uid":"275"},{"id_application_action":"283","action":"283","name":"Fingerprint Enroll","uid":"276"},{"id_application_action":"284","action":"284","name":"Save Fingerprint Enroll","uid":"277"},{"id_application_action":"292","action":"292","name":"View BOM","uid":"278"},{"id_application_action":"293","action":"293","name":"Create BOM","uid":"279"},{"id_application_action":"294","action":"294","name":"Edit BOM","uid":"280"},{"id_application_action":"295","action":"295","name":"Delete BOM","uid":"281"},{"id_application_action":"296","action":"296","name":"Save\\/Edit BOM","uid":"282"},{"id_application_action":"297","action":"297","name":"Validate BOM","uid":"283"},{"id_application_action":"298","action":"298","name":"View Join item","uid":"284"},{"id_application_action":"299","action":"299","name":"Create Join Item","uid":"285"},{"id_application_action":"300","action":"300","name":"Edit Join Item","uid":"286"},{"id_application_action":"301","action":"301","name":"Delete Join Item","uid":"287"},{"id_application_action":"302","action":"302","name":"Save\\/Edit Joint Item","uid":"288"},{"id_application_action":"303","action":"303","name":"Transfer Join Item","uid":"289"},{"id_application_action":"304","action":"304","name":"View Group","uid":"290"},{"id_application_action":"305","action":"305","name":"Create Group","uid":"291"},{"id_application_action":"306","action":"306","name":"Edit Group","uid":"292"},{"id_application_action":"307","action":"307","name":"Delete Group","uid":"293"},{"id_application_action":"309","action":"309","name":"View Configuration Parameter","uid":"294"},{"id_application_action":"310","action":"310","name":"Create Configuration Parameter","uid":"295"},{"id_application_action":"311","action":"311","name":"Edit Configuration Parameter","uid":"296"},{"id_application_action":"312","action":"312","name":"Delete Configuration Parameter","uid":"297"},{"id_application_action":"313","action":"313","name":"Save\\/Edit Configuration Parameter","uid":"298"},{"id_application_action":"314","action":"314","name":"VIew Notification Setting","uid":"299"},{"id_application_action":"315","action":"315","name":"Create Notification Setting","uid":"300"},{"id_application_action":"316","action":"316","name":"Edit Notification Setting","uid":"301"},{"id_application_action":"317","action":"317","name":"Delete Notification Setting","uid":"302"},{"id_application_action":"318","action":"318","name":"Save\\/Edit Notification Setting","uid":"303"},{"id_application_action":"319","action":"319","name":"View Product Definition","uid":"304"},{"id_application_action":"320","action":"320","name":"Create Product Definition","uid":"305"},{"id_application_action":"321","action":"321","name":"Edit Product Definition","uid":"306"},{"id_application_action":"322","action":"322","name":"Delete Product Definition","uid":"307"},{"id_application_action":"323","action":"323","name":"Save\\/Edit Product Definition","uid":"308"},{"id_application_action":"342","action":"342","name":"View Log Error","uid":"309"},{"id_application_action":"343","action":"343","name":"Create Log Error","uid":"310"},{"id_application_action":"344","action":"344","name":"Save \\/ Edit Log Error","uid":"311"},{"id_application_action":"345","action":"345","name":"Edit Log  Error","uid":"312"},{"id_application_action":"346","action":"346","name":"Delete Log Error","uid":"313"},{"id_application_action":"347","action":"347","name":"Copy Record","uid":"314"},{"id_application_action":"348","action":"348","name":"View Salary Type","uid":"315"},{"id_application_action":"349","action":"349","name":"Create Salary Type","uid":"316"},{"id_application_action":"350","action":"350","name":"Save \\/ Edit Salary Type","uid":"317"},{"id_application_action":"351","action":"351","name":"Edit Salary Type","uid":"318"},{"id_application_action":"352","action":"352","name":"Create Timesheet","uid":"319"},{"id_application_action":"353","action":"353","name":"View Salary Type","uid":"320"},{"id_application_action":"354","action":"354","name":"View Salary Type","uid":"321"},{"id_application_action":"355","action":"355","name":"Save \\/ Edit Timesheet ","uid":"322"},{"id_application_action":"356","action":"356","name":"View Payroll Periode","uid":"323"},{"id_application_action":"357","action":"357","name":"Create Payroll Periode","uid":"324"},{"id_application_action":"358","action":"358","name":"Save \\/ Edit Log Error","uid":"325"},{"id_application_action":"359","action":"359","name":"Edit Payroll Periode","uid":"326"},{"id_application_action":"360","action":"360","name":"Delete Payroll Periode","uid":"327"},{"id_application_action":"361","action":"361","name":"View Request Overtime","uid":"328"},{"id_application_action":"362","action":"362","name":"Create Request Overtime","uid":"329"},{"id_application_action":"363","action":"363","name":"Save \\/ Edit Overtime","uid":"330"},{"id_application_action":"364","action":"364","name":"Edit Overtime","uid":"331"},{"id_application_action":"365","action":"365","name":"Delete Overtime","uid":"332"},{"id_application_action":"366","action":"366","name":"Validate Overtime","uid":"333"},{"id_application_action":"367","action":"367","name":"View Insentive","uid":"334"},{"id_application_action":"368","action":"368","name":"View Monitoring Timesheet ","uid":"335"},{"id_application_action":"369","action":"369","name":"Create Insentive","uid":"336"},{"id_application_action":"370","action":"370","name":"Save \\/ Edit Insentive","uid":"337"},{"id_application_action":"371","action":"371","name":"Edit Overtime","uid":"338"},{"id_application_action":"372","action":"372","name":"Delete Insentive","uid":"339"},{"id_application_action":"373","action":"373","name":"Validate Work Order","uid":"340"},{"id_application_action":"374","action":"374","name":"Edit Timesheet","uid":"341"},{"id_application_action":"375","action":"375","name":"View Recruitment","uid":"342"},{"id_application_action":"376","action":"376","name":"Create Recruitment","uid":"343"},{"id_application_action":"377","action":"377","name":"Save\\/Edit Recruitment","uid":"344"},{"id_application_action":"378","action":"378","name":"Delete Recruitment","uid":"345"},{"id_application_action":"379","action":"379","name":"Edit Recruitment","uid":"346"},{"id_application_action":"380","action":"380","name":"View Request Overtime","uid":"347"},{"id_application_action":"381","action":"381","name":"Create Request Overtime","uid":"348"},{"id_application_action":"382","action":"382","name":"Save\\/Edit Overtime","uid":"349"},{"id_application_action":"383","action":"383","name":"Delete Overtime","uid":"350"},{"id_application_action":"384","action":"384","name":"Edit Overtime","uid":"351"},{"id_application_action":"385","action":"385","name":"Validate Overtime","uid":"352"},{"id_application_action":"386","action":"386","name":"View Insentive","uid":"353"},{"id_application_action":"387","action":"387","name":"Create Request Insentive","uid":"354"},{"id_application_action":"388","action":"388","name":"Save\\/Edit Insentive","uid":"355"},{"id_application_action":"389","action":"389","name":"Delete Insentive","uid":"356"},{"id_application_action":"390","action":"390","name":"Edit Insentive","uid":"357"},{"id_application_action":"391","action":"391","name":"Delete Salary Type","uid":"358"},{"id_application_action":"392","action":"392","name":"Save\\/Edit Payroll Periode","uid":"359"},{"id_application_action":"393","action":"393","name":"View Detail Payroll","uid":"360"},{"id_application_action":"394","action":"394","name":"View Detail Inquiry","uid":"361"},{"id_application_action":"395","action":"395","name":"View Detail Quotation","uid":"362"},{"id_application_action":"396","action":"396","name":"View Detail Sales Order","uid":"363"},{"id_application_action":"397","action":"397","name":"View Detail Work Order","uid":"364"},{"id_application_action":"398","action":"398","name":"View Detail Customer","uid":"365"},{"id_application_action":"399","action":"399","name":"View Detail Product Definition","uid":"366"},{"id_application_action":"400","action":"400","name":"View Timesheet Device Log","uid":"367"},{"id_application_action":"401","action":"401","name":"View Cost Element","uid":"368"},{"id_application_action":"402","action":"402","name":"View Cost Element Template","uid":"369"},{"id_application_action":"403","action":"403","name":"Create Cost Element Template","uid":"370"},{"id_application_action":"404","action":"404","name":"View Invoice","uid":"371"},{"id_application_action":"405","action":"405","name":"Create Invoice","uid":"372"},{"id_application_action":"406","action":"406","name":"Save\\/Edit Invoice","uid":"373"},{"id_application_action":"407","action":"407","name":"Import Excel Recruitment","uid":"374"},{"id_application_action":"410","action":"410","name":"Validate Work Order","uid":"375"},{"id_application_action":"411","action":"411","name":"Save Cost Element","uid":"376"},{"id_application_action":"412","action":"412","name":"View Cost Element","uid":"377"},{"id_application_action":"413","action":"413","name":"Create Cost Element","uid":"378"},{"id_application_action":"414","action":"414","name":"Edit Cost Element","uid":"379"},{"id_application_action":"415","action":"415","name":"Delete Cost Element","uid":"380"},{"id_application_action":"416","action":"416","name":"Save\\/Edit Cost Element","uid":"381"},{"id_application_action":"417","action":"417","name":"View Detail Cost Element","uid":"382"},{"id_application_action":"308","name":"Save\\/Edit Group","uid":"383","id":"383"}],"is_edit":"true","id_role":"1"}', '2015-04-13 17:30:35'),
(469, 'Save/Edit Group', 'group', NULL, 2, 'Save/Edit Group', 308, '{"name":"Busdev","description":"Busdev Group","administrator":"2","is_edit":"true","id_group":"2","group_member":[{"id_user":"42","user_name":"test","full_name":"Test Account","uid":"0"},{"id_user":"43","user_name":"userdemo","full_name":"Demo User","uid":"1"},{"id_user":"46","user_name":"devteam","full_name":"Development Team","uid":"2"}]}', '2015-04-13 17:30:44'),
(470, 'Edit Work Order', 'work_order', NULL, 2, 'Edit Work Order', 131, '{}', '2015-04-13 17:30:51'),
(471, 'Edit Work Order', 'work_order', NULL, 2, 'Edit Work Order', 131, '{}', '2015-04-13 17:31:15'),
(472, 'Save/Edit Work Order', 'work_order', NULL, 2, 'Save/Edit Work Order', 133, '{}', '2015-04-13 17:31:33'),
(473, 'Save/Edit Action', 'action', NULL, 2, 'Save/Edit Action', 10, '{"name":"Save\\/Edit Work Order","uname":"save_edit_work_order","controller":"work_order","function_exec":"save_work_order","function_args":"","view_type":"no_view","view_file":"","prefix":"","action_type":"create","action_button":"crud","target_action":"129","use_log":"1","is_edit":"true","id_edit":"133"}', '2015-04-13 17:34:34'),
(474, 'Edit Work Order', 'work_order', NULL, 2, 'Edit Work Order', 131, '{}', '2015-04-13 17:34:40'),
(475, 'Save/Edit Work Order', 'work_order', NULL, 2, 'Save/Edit Work Order', 133, '{}', '2015-04-13 17:34:46'),
(476, 'Edit Work Order', 'work_order', NULL, 2, 'Edit Work Order', 131, '{}', '2015-04-13 17:34:48'),
(477, 'Save/Edit Work Order', 'work_order', NULL, 2, 'Save/Edit Work Order', 133, '{}', '2015-04-13 17:34:54'),
(478, 'Edit Work Order', 'work_order', NULL, 2, 'Edit Work Order', 131, '{}', '2015-04-13 17:34:57'),
(479, 'Edit Work Order', 'work_order', NULL, 2, 'Edit Work Order', 131, '{}', '2015-04-13 17:36:15'),
(480, 'Save/Edit Work Order', 'work_order', NULL, 2, 'Save/Edit Work Order', 133, '{}', '2015-04-13 17:36:45'),
(481, 'Edit Work Order', 'work_order', NULL, 2, 'Edit Work Order', 131, '{}', '2015-04-13 17:36:47'),
(482, 'Edit Work Order', 'work_order', NULL, 2, 'Edit Work Order', 131, '{}', '2015-04-13 17:38:50'),
(483, 'Edit Work Order', 'work_order', NULL, 2, 'Edit Work Order', 131, '{}', '2015-04-13 17:39:11'),
(484, 'Edit Work Order', 'work_order', NULL, 2, 'Edit Work Order', 131, '{}', '2015-04-14 11:30:04'),
(485, 'Edit Work Order', 'work_order', NULL, 2, 'Edit Work Order', 131, '{}', '2015-04-14 11:30:17'),
(486, 'Edit Work Order', 'work_order', NULL, 2, 'Edit Work Order', 131, '{}', '2015-04-14 13:07:42'),
(487, 'Edit Work Order', 'work_order', NULL, 2, 'Edit Work Order', 131, '{}', '2015-04-14 13:08:33'),
(488, 'Edit Work Order', 'work_order', NULL, 2, 'Edit Work Order', 131, '{}', '2015-04-14 13:33:18'),
(489, 'Edit Work Order', 'work_order', NULL, 2, 'Edit Work Order', 131, '{}', '2015-04-14 14:30:52'),
(490, 'Save/Edit Action', 'action', NULL, 2, 'Save/Edit Action', 10, '{"name":"View Detail Payroll","uname":"view_detail_payroll","controller":"payroll_periode","function_exec":"init_view","function_args":"id","view_type":"gridview","view_file":"detail_payroll_periode_list","prefix":"","action_type":"view","action_button":"no_button","target_action":"","use_log":"0","is_edit":"true","id_edit":"393"}', '2015-04-14 14:52:57'),
(491, 'Save/Edit Action', 'action', NULL, 2, 'Save/Edit Action', 10, '{"name":"View Detail Payroll Period","uname":"view_detail_payroll_period","controller":"payroll_periode","function_exec":"init_view","function_args":"id","view_type":"gridview","view_file":"detail_payroll_periode_list","prefix":"","action_type":"view","action_button":"no_button","target_action":"","use_log":"0","is_edit":"true","id_edit":"393"}', '2015-04-14 14:55:18'),
(492, 'Save/Edit Action', 'action', NULL, 2, 'Save/Edit Action', 10, '{"name":"View Detail Payroll Period","uname":"view_detail_payroll_period","controller":"payroll_periode","function_exec":"init_view_detail_payroll","function_args":"id","view_type":"gridview","view_file":"detail_payroll_periode_list","prefix":"","action_type":"view","action_button":"no_button","target_action":"","use_log":"0","is_edit":"true","id_edit":"393"}', '2015-04-14 14:55:34'),
(493, 'Save/Edit Action', 'action', NULL, 2, 'Save/Edit Action', 10, '{"name":"View Detail Payroll Period","uname":"view_detail_payroll_period","controller":"payroll_periode","function_exec":"init_view_detail_payroll","function_args":"id,wo,date_start,date_finished","view_type":"gridview","view_file":"detail_payroll_periode_list","prefix":"","action_type":"view","action_button":"no_button","target_action":"","use_log":"0","is_edit":"true","id_edit":"393"}', '2015-04-14 15:03:11'),
(494, 'Edit Work Order', 'work_order', NULL, 2, 'Edit Work Order', 131, '{}', '2015-04-14 15:12:12'),
(495, 'Edit Work Order', 'work_order', NULL, 2, 'Edit Work Order', 131, '{}', '2015-04-14 18:07:42'),
(496, 'Save/Edit Role', 'role', NULL, 2, 'Save/Edit Role', 20, '{"name":"Supervisor","action_detail":[{"id_application_action":"368","name":"View Monitoring Timesheet ","uid":"0","0":"0"},{"id_application_action":"400","name":"View Timesheet Device Log","uid":"1","0":"1"},{"id_application_action":"164","name":"View Timesheet","uid":"2","0":"2"},{"id_application_action":"165","name":"Create Timesheet ","uid":"3","0":"3"},{"id_application_action":"355","name":"Save \\/ Edit Timesheet ","uid":"4","0":"4"},{"id_application_action":"374","name":"Edit Timesheet","uid":"5","0":"5"}],"is_edit":"false","id_role":12}', '2015-04-14 18:20:52'),
(497, 'Save/Edit User', 'user', NULL, 2, 'Save/Edit User', 66, '{}', '2015-04-14 18:21:38'),
(498, 'Save/Edit Action', 'action', NULL, 2, 'Save/Edit Action', 10, '{"name":"View Detail Payroll Period","uname":"view_detail_payroll_period","controller":"payroll_periode","function_exec":"init_view_detail_payroll","function_args":"id,wo,date_start,date_finished","view_type":"gridview","view_file":"detail_payroll_periode_list","prefix":"","action_type":"view","action_button":"discard","target_action":"","use_log":"0","is_edit":"true","id_edit":"393"}', '2015-04-14 20:13:34'),
(499, 'Save/Edit Action', 'action', NULL, 2, 'Save/Edit Action', 10, '{"name":"Generate Payroll","uname":"generate_payroll","controller":"payroll","function_exec":"generate_payroll","function_args":"","view_type":"no_view","view_file":"","prefix":"","action_type":"view","action_button":"no_button","target_action":"179","use_log":"1","is_edit":"false","id_edit":""}', '2015-04-14 20:15:43'),
(500, 'Save/Edit Action', 'action', NULL, 2, 'Save/Edit Action', 10, '{"name":"View Payslip","uname":"view_payslip","controller":"payslip","function_exec":"init_view_payslip","function_args":"","view_type":"gridview","view_file":"payslip_list","prefix":"","action_type":"view","action_button":"view_detail","target_action":"","use_log":"0","is_edit":"false","id_edit":""}', '2015-04-14 21:47:56'),
(501, 'Save/Edit Action', 'action', NULL, 2, 'Save/Edit Action', 10, '{"name":"View Detail Payslip","uname":"view_detail_payslip","controller":"payslip","function_exec":"init_view_detail_payslip","function_args":"id","view_type":"form","view_file":"payslip_ce","prefix":"","action_type":"view","action_button":"discard","target_action":"","use_log":"0","is_edit":"false","id_edit":""}', '2015-04-14 21:48:56'),
(502, 'Save/Edit Action', 'action', NULL, 2, 'Save/Edit Action', 10, '{"name":"Generate Payslip","uname":"generate_payslip","controller":"payroll","function_exec":"generate_payslip","function_args":"","view_type":"no_view","view_file":"","prefix":"","action_type":"view","action_button":"no_button","target_action":"179","use_log":"1","is_edit":"true","id_edit":"418"}', '2015-04-14 21:52:43'),
(503, 'Save/Edit Action', 'action', NULL, 2, 'Save/Edit Action', 10, '{"name":"Generate Payslip","uname":"generate_payslip","controller":"payslip","function_exec":"generate_payslip","function_args":"","view_type":"no_view","view_file":"","prefix":"","action_type":"view","action_button":"no_button","target_action":"179","use_log":"1","is_edit":"true","id_edit":"418"}', '2015-04-14 21:57:53');
INSERT INTO `activity_log` (`id_log`, `activity`, `object`, `object_id`, `user`, `description`, `action`, `field_data`, `date_create`) VALUES
(504, 'Save/Edit Role', 'role', NULL, 2, 'Save/Edit Role', 20, '{"name":"administrator","action_detail":[{"id_application_action":"1","action":"1","name":"View Application Action","uid":"0"},{"id_application_action":"2","action":"2","name":"Create Application Action","uid":"1"},{"id_application_action":"3","action":"3","name":"Edit Application Action","uid":"2"},{"id_application_action":"4","action":"4","name":"Delete Application Action","uid":"3"},{"id_application_action":"5","action":"5","name":"View Side Menu","uid":"4"},{"id_application_action":"6","action":"6","name":"Create Side Menu","uid":"5"},{"id_application_action":"7","action":"7","name":"Edit Side Menu","uid":"6"},{"id_application_action":"8","action":"8","name":"Delete Side Menu","uid":"7"},{"id_application_action":"9","action":"9","name":"Save\\/Edit Side Menu","uid":"8"},{"id_application_action":"10","action":"10","name":"Save\\/Edit Action","uid":"9"},{"id_application_action":"11","action":"11","name":"View Division","uid":"10"},{"id_application_action":"12","action":"12","name":"Create Division","uid":"11"},{"id_application_action":"13","action":"13","name":"Save\\/Edit Division","uid":"12"},{"id_application_action":"14","action":"14","name":"Edit Division","uid":"13"},{"id_application_action":"15","action":"15","name":"Delete Division","uid":"14"},{"id_application_action":"16","action":"16","name":"View Role","uid":"15"},{"id_application_action":"17","action":"17","name":"View Create Role","uid":"16"},{"id_application_action":"18","action":"18","name":"View Edit Role","uid":"17"},{"id_application_action":"19","action":"19","name":"Delete Role","uid":"18"},{"id_application_action":"20","action":"20","name":"Save\\/Edit Role","uid":"19"},{"id_application_action":"21","action":"21","name":"View Product","uid":"20"},{"id_application_action":"22","action":"22","name":"Create Product","uid":"21"},{"id_application_action":"23","action":"23","name":"Edit Product","uid":"22"},{"id_application_action":"24","action":"24","name":"Delete Product","uid":"23"},{"id_application_action":"25","action":"25","name":"Save\\/Edit Product","uid":"24"},{"id_application_action":"26","action":"26","name":"View Supplier","uid":"25"},{"id_application_action":"27","action":"27","name":"Create Supplier","uid":"26"},{"id_application_action":"28","action":"28","name":"Edit Supplier","uid":"27"},{"id_application_action":"29","action":"29","name":"Delete Supplier","uid":"28"},{"id_application_action":"30","action":"30","name":"Save\\/Edit Supplier","uid":"29"},{"id_application_action":"31","action":"31","name":"View Product Category","uid":"30"},{"id_application_action":"32","action":"32","name":"Create Product Category","uid":"31"},{"id_application_action":"33","action":"33","name":"Edit Product Category","uid":"32"},{"id_application_action":"34","action":"34","name":"Delete Product Category","uid":"33"},{"id_application_action":"35","action":"35","name":"Save\\/Edit Product Category","uid":"34"},{"id_application_action":"36","action":"36","name":"View Merk","uid":"35"},{"id_application_action":"37","action":"37","name":"Create Merk","uid":"36"},{"id_application_action":"38","action":"38","name":"Edit Merk","uid":"37"},{"id_application_action":"39","action":"39","name":"Delete Merk","uid":"38"},{"id_application_action":"40","action":"40","name":"Save\\/Edit Merk","uid":"39"},{"id_application_action":"41","action":"41","name":"View Customer","uid":"40"},{"id_application_action":"43","action":"43","name":"Create Customer","uid":"41"},{"id_application_action":"44","action":"44","name":"Edit Customer","uid":"42"},{"id_application_action":"45","action":"45","name":"Delete Customer","uid":"43"},{"id_application_action":"46","action":"46","name":"Save\\/Edit Customer","uid":"44"},{"id_application_action":"47","action":"47","name":"View Warehouse","uid":"45"},{"id_application_action":"48","action":"48","name":"Create Warehouse","uid":"46"},{"id_application_action":"49","action":"49","name":"Edit Warehouse","uid":"47"},{"id_application_action":"50","action":"50","name":"Delete Warehouse","uid":"48"},{"id_application_action":"51","action":"51","name":"Save\\/Edit Warehouse","uid":"49"},{"id_application_action":"57","action":"57","name":"View PO","uid":"50"},{"id_application_action":"58","action":"58","name":"Create PO","uid":"51"},{"id_application_action":"59","action":"59","name":"Edit PO","uid":"52"},{"id_application_action":"60","action":"60","name":"Delete PO","uid":"53"},{"id_application_action":"61","action":"61","name":"Save\\/Edit PO","uid":"54"},{"id_application_action":"62","action":"62","name":"View User","uid":"55"},{"id_application_action":"63","action":"63","name":"Create User","uid":"56"},{"id_application_action":"64","action":"64","name":"Edit User","uid":"57"},{"id_application_action":"65","action":"65","name":"Delete User","uid":"58"},{"id_application_action":"66","action":"66","name":"Save\\/Edit User","uid":"59"},{"id_application_action":"67","action":"67","name":"View Good Receive","uid":"60"},{"id_application_action":"68","action":"68","name":"Create Good Receive","uid":"61"},{"id_application_action":"69","action":"69","name":"Edit Good Receive","uid":"62"},{"id_application_action":"70","action":"70","name":"Delete Good Receive","uid":"63"},{"id_application_action":"71","action":"71","name":"Save\\/Edit Good Receive","uid":"64"},{"id_application_action":"72","action":"72","name":"View Sales Order","uid":"65"},{"id_application_action":"73","action":"73","name":"Create Sales Order","uid":"66"},{"id_application_action":"74","action":"74","name":"Edit Sales Order","uid":"67"},{"id_application_action":"75","action":"75","name":"Delete Sales Order","uid":"68"},{"id_application_action":"76","action":"76","name":"Save Sales Order","uid":"69"},{"id_application_action":"77","action":"77","name":"View Material Request","uid":"70"},{"id_application_action":"78","action":"78","name":"Create Material Request","uid":"71"},{"id_application_action":"79","action":"79","name":"Edit Material Request","uid":"72"},{"id_application_action":"80","action":"80","name":"Delete Material Request","uid":"73"},{"id_application_action":"81","action":"81","name":"Save Material Request","uid":"74"},{"id_application_action":"82","action":"82","name":"Change User Password","uid":"75"},{"id_application_action":"83","action":"83","name":"View Delivery Note","uid":"76"},{"id_application_action":"84","action":"84","name":"Create Delivery Note","uid":"77"},{"id_application_action":"85","action":"85","name":"Edit Delivery Note","uid":"78"},{"id_application_action":"86","action":"86","name":"Delete Delivery Note","uid":"79"},{"id_application_action":"87","action":"87","name":"Save\\/Edit Delivery Note","uid":"80"},{"id_application_action":"88","action":"88","name":"View Unit Measure","uid":"81"},{"id_application_action":"89","action":"89","name":"Create Unit Measure","uid":"82"},{"id_application_action":"90","action":"90","name":"Edit Unit Measure","uid":"83"},{"id_application_action":"91","action":"91","name":"Delete Unit Measure","uid":"84"},{"id_application_action":"92","action":"92","name":"Save\\/Edit Unit Measure","uid":"85"},{"id_application_action":"93","action":"93","name":"View Stock","uid":"86"},{"id_application_action":"94","action":"94","name":"View Employee","uid":"87"},{"id_application_action":"95","action":"95","name":"Create Employee","uid":"88"},{"id_application_action":"96","action":"96","name":"Edit Employee","uid":"89"},{"id_application_action":"97","action":"97","name":"Delete Employee","uid":"90"},{"id_application_action":"98","action":"98","name":"Save\\/Edit Employee","uid":"91"},{"id_application_action":"99","action":"99","name":"Validate PO","uid":"92"},{"id_application_action":"100","action":"100","name":"Create Database Interface","uid":"93"},{"id_application_action":"101","action":"101","name":"Edit Database Interface","uid":"94"},{"id_application_action":"102","action":"102","name":"Delete Database Interface","uid":"95"},{"id_application_action":"103","action":"103","name":"Save \\/ Edit Database Interface","uid":"96"},{"id_application_action":"104","action":"104","name":"View Database Field Interface","uid":"97"},{"id_application_action":"105","action":"105","name":"Create Database Field Interface","uid":"98"},{"id_application_action":"106","action":"106","name":"Edit Database Field Interface","uid":"99"},{"id_application_action":"107","action":"107","name":"Delete Database Field Interface","uid":"100"},{"id_application_action":"108","action":"108","name":"Save \\/ Edit Database Field Interface","uid":"101"},{"id_application_action":"109","action":"109","name":"View Inquiry","uid":"102"},{"id_application_action":"110","action":"110","name":"Create Inquiry","uid":"103"},{"id_application_action":"111","action":"111","name":"Edit Inquiry","uid":"104"},{"id_application_action":"112","action":"112","name":"Delete Inquiry","uid":"105"},{"id_application_action":"113","action":"113","name":"Save\\/Edit Inquiry","uid":"106"},{"id_application_action":"114","action":"114","name":"View Survey \\/ Assessment","uid":"107"},{"id_application_action":"115","action":"115","name":"Create Survey \\/ Assessment","uid":"108"},{"id_application_action":"116","action":"116","name":"Edit Survey \\/ Assessment","uid":"109"},{"id_application_action":"117","action":"117","name":"Delete Survey \\/ Assessment","uid":"110"},{"id_application_action":"118","action":"118","name":"Save\\/Edit Survey \\/ Assessment","uid":"111"},{"id_application_action":"119","action":"119","name":"View Quotation","uid":"112"},{"id_application_action":"120","action":"120","name":"Create Quotation","uid":"113"},{"id_application_action":"121","action":"121","name":"Edit Quotation","uid":"114"},{"id_application_action":"122","action":"122","name":"Delete Quotation","uid":"115"},{"id_application_action":"123","action":"123","name":"Save\\/Edit Quotation","uid":"116"},{"id_application_action":"124","action":"124","name":"View Project Contract","uid":"117"},{"id_application_action":"125","action":"125","name":"Create Project Contract","uid":"118"},{"id_application_action":"126","action":"126","name":"Edit Project Contract","uid":"119"},{"id_application_action":"127","action":"127","name":"Delete Project Contract","uid":"120"},{"id_application_action":"128","action":"128","name":"Save\\/Edit Project Contract","uid":"121"},{"id_application_action":"129","action":"129","name":"View Work Order","uid":"122"},{"id_application_action":"130","action":"130","name":"Create Work Order","uid":"123"},{"id_application_action":"131","action":"131","name":"Edit Work Order","uid":"124"},{"id_application_action":"132","action":"132","name":"Delete Work Order","uid":"125"},{"id_application_action":"133","action":"133","name":"Save\\/Edit Work Order","uid":"126"},{"id_application_action":"134","action":"134","name":"View Assessment Template","uid":"127"},{"id_application_action":"135","action":"135","name":"Create Assessment Template","uid":"128"},{"id_application_action":"136","action":"136","name":"Edit Assessment Template","uid":"129"},{"id_application_action":"137","action":"137","name":"Delete Assessment Template","uid":"130"},{"id_application_action":"138","action":"138","name":"Save\\/Edit Assessment Template","uid":"131"},{"id_application_action":"139","action":"139","name":"View Contract Template","uid":"132"},{"id_application_action":"140","action":"140","name":"Create Contract Template","uid":"133"},{"id_application_action":"141","action":"141","name":"Edit Contract Template","uid":"134"},{"id_application_action":"142","action":"142","name":"Delete Contract Template","uid":"135"},{"id_application_action":"143","action":"143","name":"Save\\/Edit Contract Template","uid":"136"},{"id_application_action":"144","action":"144","name":"View Work Schedule","uid":"137"},{"id_application_action":"145","action":"145","name":"Create Work Schedule","uid":"138"},{"id_application_action":"146","action":"146","name":"Edit Work Schedule","uid":"139"},{"id_application_action":"147","action":"147","name":"Delete Work Schedule","uid":"140"},{"id_application_action":"148","action":"148","name":"Save\\/Edit Work Schedule","uid":"141"},{"id_application_action":"149","action":"149","name":"View SO Assignment","uid":"142"},{"id_application_action":"150","action":"150","name":"Create SO Assignment","uid":"143"},{"id_application_action":"151","action":"151","name":"Edit SO Assignment","uid":"144"},{"id_application_action":"152","action":"152","name":"Delete SO Assignment","uid":"145"},{"id_application_action":"153","action":"153","name":"Save\\/Edit SO Assignment","uid":"146"},{"id_application_action":"154","action":"154","name":"View Shift Change","uid":"147"},{"id_application_action":"155","action":"155","name":"Create Shift Change","uid":"148"},{"id_application_action":"156","action":"156","name":"Edit Shift Change","uid":"149"},{"id_application_action":"157","action":"157","name":"Delete Shift Change","uid":"150"},{"id_application_action":"158","action":"158","name":"Save\\/Edit Shift Change","uid":"151"},{"id_application_action":"159","action":"159","name":"View Leave Application","uid":"152"},{"id_application_action":"160","action":"160","name":"Create Leave Application","uid":"153"},{"id_application_action":"161","action":"161","name":"Edit Leave Application","uid":"154"},{"id_application_action":"162","action":"162","name":"Delete Leave Application","uid":"155"},{"id_application_action":"163","action":"163","name":"Save\\/Edit Leave Application","uid":"156"},{"id_application_action":"164","action":"164","name":"View Timesheet","uid":"157"},{"id_application_action":"165","action":"165","name":"Create Timesheet ","uid":"158"},{"id_application_action":"166","action":"166","name":"Edit Timesheet (Recap)","uid":"159"},{"id_application_action":"167","action":"167","name":"Delete Timesheet (Recap)","uid":"160"},{"id_application_action":"168","action":"168","name":"Save\\/Edit Timesheet (Recap)","uid":"161"},{"id_application_action":"169","action":"169","name":"View SO Timesheet","uid":"162"},{"id_application_action":"170","action":"170","name":"Create SO Timesheet","uid":"163"},{"id_application_action":"171","action":"171","name":"Edit SO Timesheet","uid":"164"},{"id_application_action":"172","action":"172","name":"Delete SO Timesheet","uid":"165"},{"id_application_action":"173","action":"173","name":"Save\\/Edit SO Timesheet","uid":"166"},{"id_application_action":"174","action":"174","name":"View Incident Report","uid":"167"},{"id_application_action":"175","action":"175","name":"Create Incident Report","uid":"168"},{"id_application_action":"176","action":"176","name":"Edit Incident Report","uid":"169"},{"id_application_action":"177","action":"177","name":"Delete Incident Report","uid":"170"},{"id_application_action":"178","action":"178","name":"Save\\/Edit Incident Report","uid":"171"},{"id_application_action":"179","action":"179","name":"View Payroll","uid":"172"},{"id_application_action":"180","action":"180","name":"Create Payroll","uid":"173"},{"id_application_action":"181","action":"181","name":"Edit Payroll","uid":"174"},{"id_application_action":"182","action":"182","name":"Delete Payroll","uid":"175"},{"id_application_action":"183","action":"183","name":"Save\\/Edit Payroll","uid":"176"},{"id_application_action":"184","action":"184","name":"View Supplier Invoice","uid":"177"},{"id_application_action":"185","action":"185","name":"Create Supplier Invoice","uid":"178"},{"id_application_action":"186","action":"186","name":"Edit Supplier Invoice","uid":"179"},{"id_application_action":"187","action":"187","name":"Delete Supplier Invoice","uid":"180"},{"id_application_action":"188","action":"188","name":"Save\\/Edit Supplier Invoice","uid":"181"},{"id_application_action":"189","action":"189","name":"View Customer Invoice","uid":"182"},{"id_application_action":"190","action":"190","name":"Create Customer Invoice","uid":"183"},{"id_application_action":"191","action":"191","name":"Edit Customer Invoice","uid":"184"},{"id_application_action":"192","action":"192","name":"Delete Customer Invoice","uid":"185"},{"id_application_action":"193","action":"193","name":"Save\\/Edit Customer Invoice","uid":"186"},{"id_application_action":"194","action":"194","name":"View Bank Statement","uid":"187"},{"id_application_action":"195","action":"195","name":"Create Bank Statement","uid":"188"},{"id_application_action":"196","action":"196","name":"Edit Bank Statement","uid":"189"},{"id_application_action":"197","action":"197","name":"Delete Bank Statement","uid":"190"},{"id_application_action":"198","action":"198","name":"Save\\/Edit Bank Statement","uid":"191"},{"id_application_action":"199","action":"199","name":"View Cash Register","uid":"192"},{"id_application_action":"200","action":"200","name":"Create Cash Register","uid":"193"},{"id_application_action":"201","action":"201","name":"Edit Cash Register","uid":"194"},{"id_application_action":"202","action":"202","name":"Delete Cash Register","uid":"195"},{"id_application_action":"203","action":"203","name":"Save\\/Edit Cash Register","uid":"196"},{"id_application_action":"204","action":"204","name":"View Tax","uid":"197"},{"id_application_action":"205","action":"205","name":"Create Tax","uid":"198"},{"id_application_action":"206","action":"206","name":"Edit Tax","uid":"199"},{"id_application_action":"207","action":"207","name":"Delete Tax","uid":"200"},{"id_application_action":"208","action":"208","name":"Save\\/Edit Tax","uid":"201"},{"id_application_action":"209","action":"209","name":"View Chart of Account","uid":"202"},{"id_application_action":"210","action":"210","name":"Create Chart of Account","uid":"203"},{"id_application_action":"211","action":"211","name":"Edit Chart of Account","uid":"204"},{"id_application_action":"212","action":"212","name":"Delete Chart of Account","uid":"205"},{"id_application_action":"213","action":"213","name":"Save\\/Edit Chart of Account","uid":"206"},{"id_application_action":"214","action":"214","name":"View Employee Salary","uid":"207"},{"id_application_action":"215","action":"215","name":"Create Employee Salary","uid":"208"},{"id_application_action":"216","action":"216","name":"Edit Employee Salary","uid":"209"},{"id_application_action":"217","action":"217","name":"Delete Employee Salary","uid":"210"},{"id_application_action":"218","action":"218","name":"Save\\/Edit Employee Salary","uid":"211"},{"id_application_action":"219","action":"219","name":"View Salary Setting","uid":"212"},{"id_application_action":"220","action":"220","name":"Create Salary Setting","uid":"213"},{"id_application_action":"221","action":"221","name":"Edit Salary Setting","uid":"214"},{"id_application_action":"222","action":"222","name":"Delete Salary Setting","uid":"215"},{"id_application_action":"223","action":"223","name":"Save\\/Edit Salary Setting","uid":"216"},{"id_application_action":"224","action":"224","name":"View Database Interface","uid":"217"},{"id_application_action":"225","action":"225","name":"Pick Assessment Template","uid":"218"},{"id_application_action":"226","action":"226","name":"View Organisation Structure","uid":"219"},{"id_application_action":"227","action":"227","name":"Create Organisation Structure","uid":"220"},{"id_application_action":"228","action":"228","name":"Edit Organisation Structure","uid":"221"},{"id_application_action":"229","action":"229","name":"Delete Organisation Structure","uid":"222"},{"id_application_action":"230","action":"230","name":"Save\\/Edit Organisation Structure","uid":"223"},{"id_application_action":"231","action":"231","name":"View Position Level","uid":"224"},{"id_application_action":"232","action":"232","name":"Create Position Level","uid":"225"},{"id_application_action":"233","action":"233","name":"Edit Position Level","uid":"226"},{"id_application_action":"234","action":"234","name":"Delete Position Level","uid":"227"},{"id_application_action":"235","action":"235","name":"Save\\/Edit Position Level","uid":"228"},{"id_application_action":"236","action":"236","name":"View Employee Contract Type","uid":"229"},{"id_application_action":"237","action":"237","name":"Create Employee Contract Type","uid":"230"},{"id_application_action":"238","action":"238","name":"Edit Employee Contract Type","uid":"231"},{"id_application_action":"239","action":"239","name":"Delete Employee Contract Type","uid":"232"},{"id_application_action":"240","action":"240","name":"Save\\/Edit Employee Contract","uid":"233"},{"id_application_action":"241","action":"241","name":"View Bank","uid":"234"},{"id_application_action":"242","action":"242","name":"Create Bank","uid":"235"},{"id_application_action":"243","action":"243","name":"Edit Bank","uid":"236"},{"id_application_action":"244","action":"244","name":"Delete Bank","uid":"237"},{"id_application_action":"245","action":"245","name":"Save\\/Edit Bank","uid":"238"},{"id_application_action":"246","action":"246","name":"View Payment Receipt","uid":"239"},{"id_application_action":"247","action":"247","name":"Create Payment Receipt","uid":"240"},{"id_application_action":"248","action":"248","name":"Edit Payment Receipt","uid":"241"},{"id_application_action":"249","action":"249","name":"Save\\/Edit Payment Receipt","uid":"242"},{"id_application_action":"250","action":"250","name":"Delete Payment Receipt","uid":"243"},{"id_application_action":"251","action":"251","name":"Receive Payment From PO","uid":"244"},{"id_application_action":"252","action":"252","name":"Make Payment Receipt","uid":"245"},{"id_application_action":"253","action":"253","name":"Cancel Payment Receipt","uid":"246"},{"id_application_action":"254","action":"254","name":"View Stock Transaction","uid":"247"},{"id_application_action":"255","action":"255","name":"Create Stock Transaction","uid":"248"},{"id_application_action":"256","action":"256","name":"Edit Stock Transaction","uid":"249"},{"id_application_action":"257","action":"257","name":"Delete Stock Transaction","uid":"250"},{"id_application_action":"258","action":"258","name":"Save\\/Edit Stock Transaction","uid":"251"},{"id_application_action":"259","action":"259","name":"Post Stock Transaction","uid":"252"},{"id_application_action":"260","action":"260","name":"Unpost Stock Transaction","uid":"253"},{"id_application_action":"261","action":"261","name":"Transfer Good Receive","uid":"254"},{"id_application_action":"262","action":"262","name":"View Activity","uid":"255"},{"id_application_action":"263","action":"263","name":"Make Working Schedule","uid":"256"},{"id_application_action":"264","action":"264","name":"Validate Inquiry","uid":"257"},{"id_application_action":"265","action":"265","name":"Validate Quotation","uid":"258"},{"id_application_action":"266","action":"266","name":"Validate Sales Order","uid":"259"},{"id_application_action":"267","action":"267","name":"Confirm Sales Order","uid":"260"},{"id_application_action":"268","action":"268","name":"View Fingerprint Device","uid":"261"},{"id_application_action":"269","action":"269","name":"Create Fingerprint Device","uid":"262"},{"id_application_action":"270","action":"270","name":"Edit Fingerprint Device","uid":"263"},{"id_application_action":"271","action":"271","name":"Delete Fingerprint Device","uid":"264"},{"id_application_action":"272","action":"272","name":"Save\\/Edit Fingerprint Device","uid":"265"},{"id_application_action":"273","action":"273","name":"Activate Fingerprint","uid":"266"},{"id_application_action":"274","action":"274","name":"Deactivate Fingerprint","uid":"267"},{"id_application_action":"275","action":"275","name":"View Fingerprint Assign","uid":"268"},{"id_application_action":"276","action":"276","name":"Create Fingerprint Assign","uid":"269"},{"id_application_action":"277","action":"277","name":"Edit Fingerprint Assign","uid":"270"},{"id_application_action":"278","action":"278","name":"Delete Fingerprint Assign","uid":"271"},{"id_application_action":"279","action":"279","name":"Save\\/Edit Fingerprint Assign","uid":"272"},{"id_application_action":"280","action":"280","name":"Make SO Assignment","uid":"273"},{"id_application_action":"281","action":"281","name":"Assign Fingerprint Device","uid":"274"},{"id_application_action":"282","action":"282","name":"Unassign Fingerprint","uid":"275"},{"id_application_action":"283","action":"283","name":"Fingerprint Enroll","uid":"276"},{"id_application_action":"284","action":"284","name":"Save Fingerprint Enroll","uid":"277"},{"id_application_action":"292","action":"292","name":"View BOM","uid":"278"},{"id_application_action":"293","action":"293","name":"Create BOM","uid":"279"},{"id_application_action":"294","action":"294","name":"Edit BOM","uid":"280"},{"id_application_action":"295","action":"295","name":"Delete BOM","uid":"281"},{"id_application_action":"296","action":"296","name":"Save\\/Edit BOM","uid":"282"},{"id_application_action":"297","action":"297","name":"Validate BOM","uid":"283"},{"id_application_action":"298","action":"298","name":"View Join item","uid":"284"},{"id_application_action":"299","action":"299","name":"Create Join Item","uid":"285"},{"id_application_action":"300","action":"300","name":"Edit Join Item","uid":"286"},{"id_application_action":"301","action":"301","name":"Delete Join Item","uid":"287"},{"id_application_action":"302","action":"302","name":"Save\\/Edit Joint Item","uid":"288"},{"id_application_action":"303","action":"303","name":"Transfer Join Item","uid":"289"},{"id_application_action":"304","action":"304","name":"View Group","uid":"290"},{"id_application_action":"305","action":"305","name":"Create Group","uid":"291"},{"id_application_action":"306","action":"306","name":"Edit Group","uid":"292"},{"id_application_action":"307","action":"307","name":"Delete Group","uid":"293"},{"id_application_action":"309","action":"309","name":"View Configuration Parameter","uid":"294"},{"id_application_action":"310","action":"310","name":"Create Configuration Parameter","uid":"295"},{"id_application_action":"311","action":"311","name":"Edit Configuration Parameter","uid":"296"},{"id_application_action":"312","action":"312","name":"Delete Configuration Parameter","uid":"297"},{"id_application_action":"313","action":"313","name":"Save\\/Edit Configuration Parameter","uid":"298"},{"id_application_action":"314","action":"314","name":"VIew Notification Setting","uid":"299"},{"id_application_action":"315","action":"315","name":"Create Notification Setting","uid":"300"},{"id_application_action":"316","action":"316","name":"Edit Notification Setting","uid":"301"},{"id_application_action":"317","action":"317","name":"Delete Notification Setting","uid":"302"},{"id_application_action":"318","action":"318","name":"Save\\/Edit Notification Setting","uid":"303"},{"id_application_action":"319","action":"319","name":"View Product Definition","uid":"304"},{"id_application_action":"320","action":"320","name":"Create Product Definition","uid":"305"},{"id_application_action":"321","action":"321","name":"Edit Product Definition","uid":"306"},{"id_application_action":"322","action":"322","name":"Delete Product Definition","uid":"307"},{"id_application_action":"323","action":"323","name":"Save\\/Edit Product Definition","uid":"308"},{"id_application_action":"342","action":"342","name":"View Log Error","uid":"309"},{"id_application_action":"343","action":"343","name":"Create Log Error","uid":"310"},{"id_application_action":"344","action":"344","name":"Save \\/ Edit Log Error","uid":"311"},{"id_application_action":"345","action":"345","name":"Edit Log  Error","uid":"312"},{"id_application_action":"346","action":"346","name":"Delete Log Error","uid":"313"},{"id_application_action":"347","action":"347","name":"Copy Record","uid":"314"},{"id_application_action":"348","action":"348","name":"View Salary Type","uid":"315"},{"id_application_action":"349","action":"349","name":"Create Salary Type","uid":"316"},{"id_application_action":"350","action":"350","name":"Save \\/ Edit Salary Type","uid":"317"},{"id_application_action":"351","action":"351","name":"Edit Salary Type","uid":"318"},{"id_application_action":"352","action":"352","name":"Create Timesheet","uid":"319"},{"id_application_action":"353","action":"353","name":"View Salary Type","uid":"320"},{"id_application_action":"354","action":"354","name":"View Salary Type","uid":"321"},{"id_application_action":"355","action":"355","name":"Save \\/ Edit Timesheet ","uid":"322"},{"id_application_action":"356","action":"356","name":"View Payroll Periode","uid":"323"},{"id_application_action":"357","action":"357","name":"Create Payroll Periode","uid":"324"},{"id_application_action":"358","action":"358","name":"Save \\/ Edit Log Error","uid":"325"},{"id_application_action":"359","action":"359","name":"Edit Payroll Periode","uid":"326"},{"id_application_action":"360","action":"360","name":"Delete Payroll Periode","uid":"327"},{"id_application_action":"361","action":"361","name":"View Request Overtime","uid":"328"},{"id_application_action":"362","action":"362","name":"Create Request Overtime","uid":"329"},{"id_application_action":"363","action":"363","name":"Save \\/ Edit Overtime","uid":"330"},{"id_application_action":"364","action":"364","name":"Edit Overtime","uid":"331"},{"id_application_action":"365","action":"365","name":"Delete Overtime","uid":"332"},{"id_application_action":"366","action":"366","name":"Validate Overtime","uid":"333"},{"id_application_action":"367","action":"367","name":"View Insentive","uid":"334"},{"id_application_action":"368","action":"368","name":"View Monitoring Timesheet ","uid":"335"},{"id_application_action":"369","action":"369","name":"Create Insentive","uid":"336"},{"id_application_action":"370","action":"370","name":"Save \\/ Edit Insentive","uid":"337"},{"id_application_action":"371","action":"371","name":"Edit Overtime","uid":"338"},{"id_application_action":"372","action":"372","name":"Delete Insentive","uid":"339"},{"id_application_action":"373","action":"373","name":"Validate Work Order","uid":"340"},{"id_application_action":"374","action":"374","name":"Edit Timesheet","uid":"341"},{"id_application_action":"375","action":"375","name":"View Recruitment","uid":"342"},{"id_application_action":"376","action":"376","name":"Create Recruitment","uid":"343"},{"id_application_action":"377","action":"377","name":"Save\\/Edit Recruitment","uid":"344"},{"id_application_action":"378","action":"378","name":"Delete Recruitment","uid":"345"},{"id_application_action":"379","action":"379","name":"Edit Recruitment","uid":"346"},{"id_application_action":"380","action":"380","name":"View Request Overtime","uid":"347"},{"id_application_action":"381","action":"381","name":"Create Request Overtime","uid":"348"},{"id_application_action":"382","action":"382","name":"Save\\/Edit Overtime","uid":"349"},{"id_application_action":"383","action":"383","name":"Delete Overtime","uid":"350"},{"id_application_action":"384","action":"384","name":"Edit Overtime","uid":"351"},{"id_application_action":"385","action":"385","name":"Validate Overtime","uid":"352"},{"id_application_action":"386","action":"386","name":"View Insentive","uid":"353"},{"id_application_action":"387","action":"387","name":"Create Request Insentive","uid":"354"},{"id_application_action":"388","action":"388","name":"Save\\/Edit Insentive","uid":"355"},{"id_application_action":"389","action":"389","name":"Delete Insentive","uid":"356"},{"id_application_action":"390","action":"390","name":"Edit Insentive","uid":"357"},{"id_application_action":"391","action":"391","name":"Delete Salary Type","uid":"358"},{"id_application_action":"392","action":"392","name":"Save\\/Edit Payroll Periode","uid":"359"},{"id_application_action":"393","action":"393","name":"View Detail Payroll Period","uid":"360"},{"id_application_action":"394","action":"394","name":"View Detail Inquiry","uid":"361"},{"id_application_action":"395","action":"395","name":"View Detail Quotation","uid":"362"},{"id_application_action":"396","action":"396","name":"View Detail Sales Order","uid":"363"},{"id_application_action":"397","action":"397","name":"View Detail Work Order","uid":"364"},{"id_application_action":"398","action":"398","name":"View Detail Customer","uid":"365"},{"id_application_action":"399","action":"399","name":"View Detail Product Definition","uid":"366"},{"id_application_action":"400","action":"400","name":"View Timesheet Device Log","uid":"367"},{"id_application_action":"401","action":"401","name":"View Cost Element","uid":"368"},{"id_application_action":"402","action":"402","name":"View Cost Element Template","uid":"369"},{"id_application_action":"403","action":"403","name":"Create Cost Element Template","uid":"370"},{"id_application_action":"404","action":"404","name":"View Invoice","uid":"371"},{"id_application_action":"405","action":"405","name":"Create Invoice","uid":"372"},{"id_application_action":"406","action":"406","name":"Save\\/Edit Invoice","uid":"373"},{"id_application_action":"407","action":"407","name":"Import Excel Recruitment","uid":"374"},{"id_application_action":"410","action":"410","name":"Validate Work Order","uid":"375"},{"id_application_action":"411","action":"411","name":"Save Cost Element","uid":"376"},{"id_application_action":"412","action":"412","name":"View Cost Element","uid":"377"},{"id_application_action":"413","action":"413","name":"Create Cost Element","uid":"378"},{"id_application_action":"414","action":"414","name":"Edit Cost Element","uid":"379"},{"id_application_action":"415","action":"415","name":"Delete Cost Element","uid":"380"},{"id_application_action":"416","action":"416","name":"Save\\/Edit Cost Element","uid":"381"},{"id_application_action":"417","action":"417","name":"View Detail Cost Element","uid":"382"},{"id_application_action":"308","action":"308","name":"Save\\/Edit Group","uid":"383"},{"id_application_action":"420","name":"View Detail Payslip","uid":"384","id":"384"},{"id_application_action":"419","name":"View Payslip","uid":"385","id":"385"},{"id_application_action":"418","name":"Generate Payslip","uid":"386","id":"386"}],"is_edit":"true","id_role":"1"}', '2015-04-14 22:39:29'),
(505, 'Save/Edit Side Menu', 'side_menu', NULL, 2, 'Save/Edit Side Menu', 9, '{}', '2015-04-15 00:03:52'),
(506, 'Save/Edit Action', 'action', NULL, 2, 'Save/Edit Action', 10, '{"name":"Generate Payslip","uname":"generate_payslip","controller":"payslip","function_exec":"generate_payslip","function_args":"","view_type":"no_view","view_file":"","prefix":"","action_type":"view","action_button":"no_button","target_action":"419","use_log":"1","is_edit":"true","id_edit":"418"}', '2015-04-15 00:08:59'),
(507, 'Generate Payslip', 'payslip', NULL, 2, 'Generate Payslip', 418, '{}', '2015-04-15 00:14:28'),
(508, 'Generate Payslip', 'payslip', NULL, 2, 'Generate Payslip', 418, '{}', '2015-04-15 00:15:18'),
(509, 'Generate Payslip', 'payslip', NULL, 2, 'Generate Payslip', 418, '{}', '2015-04-15 00:20:05'),
(510, 'Generate Payslip', 'payslip', NULL, 2, 'Generate Payslip', 418, '{}', '2015-04-15 00:21:32'),
(511, 'Generate Payslip', 'payslip', NULL, 2, 'Generate Payslip', 418, '{}', '2015-04-15 00:22:14'),
(512, 'Generate Payslip', 'payslip', NULL, 2, 'Generate Payslip', 418, '{}', '2015-04-15 00:25:40'),
(513, 'Generate Payslip', 'payslip', NULL, 2, 'Generate Payslip', 418, '{}', '2015-04-15 00:39:21'),
(514, 'Save/Edit PO', 'po', NULL, 2, 'Save/Edit PO', 61, '{"date":"2015-04-15","note":"","po_number":"PO150004","delivery_date":"2015-04-23","supplier":"1","mr":"","sub_total":"1500000","total_price":"1650000","tax":"150000","product_detail":[{"id_product":"7","product_category":"1","merk":"2","product_code":"XXX.XXX.XXX.003","product_name":"Seragam","name":"Merk1","unit_name":"pcs","unit":"2","category_name":"Category 1","uid":"7","qty":"10","unit_price":"150000","total_price":"0"}],"is_edit":"false","id_po":4,"action_condition_identifier":"validate"}', '2015-04-15 00:58:13'),
(515, 'Validate PO', 'po', NULL, 2, 'Validate PO', 99, '{"id_po":4,"status":"open"}', '2015-04-15 00:58:13'),
(516, 'Save/Edit Cost Element', 'cost_element', NULL, 2, 'Save/Edit Cost Element', 416, '{}', '2015-04-15 01:03:13'),
(517, 'Save/Edit Cost Element', 'cost_element', NULL, 2, 'Save/Edit Cost Element', 416, '{}', '2015-04-15 01:03:42'),
(518, 'Edit Work Order', 'work_order', NULL, 2, 'Edit Work Order', 131, '{}', '2015-04-15 01:54:40'),
(519, 'Save/Edit Action', 'action', NULL, 2, 'Save/Edit Action', 10, '{"name":"Edit Invoice","uname":"edit_invoice","controller":"invoice","function_exec":"init_edit_invoice","function_args":"id","view_type":"form","view_file":"invoice_ce","prefix":"","action_type":"view","action_button":"save_discard","target_action":"","use_log":"0","is_edit":"false","id_edit":""}', '2015-04-15 02:55:16'),
(520, 'Edit Work Order', 'work_order', NULL, 2, 'Edit Work Order', 131, '{}', '2015-04-15 10:18:27'),
(521, 'Save/Edit Inquiry', 'inquiry', NULL, 2, 'Save/Edit Inquiry', 113, '{}', '2015-04-15 10:25:42'),
(522, 'Validate Inquiry', 'inquiry', NULL, 2, 'Validate Inquiry', 264, '{"id_inquiry":"12","status":"open"}', '2015-04-15 10:25:49'),
(523, 'Save/Edit Quotation', 'quotation', NULL, 2, 'Save/Edit Quotation', 123, '{}', '2015-04-15 10:26:21'),
(524, 'Make Working Schedule', 'quotation', NULL, 2, 'Make Working Schedule', 263, '{}', '2015-04-15 10:26:31'),
(525, 'Save/Edit Work Schedule', 'work_schedule', NULL, 2, 'Save/Edit Work Schedule', 148, '{}', '2015-04-15 10:27:29'),
(526, 'Save/Edit Quotation', 'quotation', NULL, 2, 'Save/Edit Quotation', 123, '{}', '2015-04-15 10:29:57'),
(527, 'Validate Quotation', 'quotation', NULL, 2, 'Validate Quotation', 265, '{"id_quotation":"16","status":"open"}', '2015-04-15 10:30:02'),
(528, 'Save Sales Order', 'so', NULL, 2, 'Save Sales Order', 76, '{}', '2015-04-15 10:31:14'),
(529, 'Validate Sales Order', 'so', NULL, 2, 'Validate Sales Order', 266, '{"id_so":"10","status":"open"}', '2015-04-15 10:31:19'),
(530, 'Confirm Sales Order', 'so', NULL, 2, 'Confirm Sales Order', 267, '{"id_so":"10","id_work_order":11,"status":"close"}', '2015-04-15 10:31:26'),
(531, 'Edit Work Order', 'work_order', NULL, 2, 'Edit Work Order', 131, '{}', '2015-04-15 10:31:26'),
(532, 'Save/Edit Work Order', 'work_order', NULL, 2, 'Save/Edit Work Order', 133, '{}', '2015-04-15 10:32:14'),
(533, 'Edit Work Order', 'work_order', NULL, 2, 'Edit Work Order', 131, '{}', '2015-04-15 10:32:35'),
(534, 'Edit Work Order', 'work_order', NULL, 2, 'Edit Work Order', 131, '{}', '2015-04-15 13:46:45'),
(535, 'Edit Work Order', 'work_order', NULL, 2, 'Edit Work Order', 131, '{}', '2015-04-15 13:47:01'),
(536, 'Edit Work Order', 'work_order', NULL, 2, 'Edit Work Order', 131, '{}', '2015-04-15 14:06:59'),
(537, 'Save/Edit Inquiry', 'inquiry', NULL, 2, 'Save/Edit Inquiry', 113, '{}', '2015-04-15 14:10:57'),
(538, 'Validate Inquiry', 'inquiry', NULL, 2, 'Validate Inquiry', 264, '{"id_inquiry":"13","status":"open"}', '2015-04-15 14:11:31'),
(539, 'Save/Edit Quotation', 'quotation', NULL, 2, 'Save/Edit Quotation', 123, '{}', '2015-04-15 14:12:23'),
(540, 'Make Working Schedule', 'quotation', NULL, 2, 'Make Working Schedule', 263, '{}', '2015-04-15 14:13:33'),
(541, 'Save/Edit Work Schedule', 'work_schedule', NULL, 2, 'Save/Edit Work Schedule', 148, '{}', '2015-04-15 14:14:51'),
(542, 'Save/Edit Cost Element', 'cost_element', NULL, 2, 'Save/Edit Cost Element', 416, '{}', '2015-04-15 14:20:57'),
(543, 'Save/Edit Cost Element', 'cost_element', NULL, 2, 'Save/Edit Cost Element', 416, '{}', '2015-04-15 14:32:47'),
(544, 'Save/Edit Customer', 'customer', NULL, 2, 'Save/Edit Customer', 46, '{}', '2015-04-15 14:39:31'),
(545, 'Save/Edit Inquiry', 'inquiry', NULL, 2, 'Save/Edit Inquiry', 113, '{}', '2015-04-15 14:39:45'),
(546, 'Validate Inquiry', 'inquiry', NULL, 2, 'Validate Inquiry', 264, '{"id_inquiry":"14","status":"open"}', '2015-04-15 14:39:49'),
(547, 'Save/Edit Inquiry', 'inquiry', NULL, 2, 'Save/Edit Inquiry', 113, '{}', '2015-04-15 14:41:21'),
(548, 'Save/Edit Quotation', 'quotation', NULL, 2, 'Save/Edit Quotation', 123, '{}', '2015-04-15 14:42:09'),
(549, 'Make Working Schedule', 'quotation', NULL, 2, 'Make Working Schedule', 263, '{}', '2015-04-15 14:42:23'),
(550, 'Save/Edit Work Schedule', 'work_schedule', NULL, 2, 'Save/Edit Work Schedule', 148, '{}', '2015-04-15 14:48:07'),
(551, 'Edit Work Order', 'work_order', NULL, 2, 'Edit Work Order', 131, '{}', '2015-04-15 14:54:21'),
(552, 'Save/Edit Cost Element', 'cost_element', NULL, 2, 'Save/Edit Cost Element', 416, '{}', '2015-04-15 15:10:35'),
(553, 'Validate Quotation', 'quotation', NULL, 2, 'Validate Quotation', 265, '{"id_quotation":"18","status":"open"}', '2015-04-15 15:10:52'),
(554, 'Save Sales Order', 'so', NULL, 2, 'Save Sales Order', 76, '{}', '2015-04-15 15:18:48'),
(555, 'Validate Sales Order', 'so', NULL, 2, 'Validate Sales Order', 266, '{"id_so":"11","status":"open"}', '2015-04-15 15:18:56'),
(556, 'Confirm Sales Order', 'so', NULL, 2, 'Confirm Sales Order', 267, '{"id_so":"11","id_work_order":12,"status":"close"}', '2015-04-15 15:19:19'),
(557, 'Edit Work Order', 'work_order', NULL, 2, 'Edit Work Order', 131, '{}', '2015-04-15 15:19:19'),
(558, 'Edit Work Order', 'work_order', NULL, 2, 'Edit Work Order', 131, '{}', '2015-04-15 15:20:54'),
(559, 'Edit Work Order', 'work_order', NULL, 2, 'Edit Work Order', 131, '{}', '2015-04-15 15:29:06'),
(560, 'Edit Work Order', 'work_order', NULL, 2, 'Edit Work Order', 131, '{}', '2015-04-15 15:33:10'),
(561, 'Edit Work Order', 'work_order', NULL, 2, 'Edit Work Order', 131, '{}', '2015-04-15 15:36:09'),
(562, 'Edit Work Order', 'work_order', NULL, 2, 'Edit Work Order', 131, '{}', '2015-04-15 15:37:25'),
(563, 'Edit Work Order', 'work_order', NULL, 2, 'Edit Work Order', 131, '{}', '2015-04-15 15:48:36'),
(564, 'Save/Edit Payment Receipt', 'payment_receipt', NULL, 2, 'Save/Edit Payment Receipt', 249, '{}', '2015-04-15 16:11:42'),
(565, 'Make Payment Receipt', 'payment_receipt', NULL, 2, 'Make Payment Receipt', 252, '{}', '2015-04-15 16:11:42'),
(566, 'Edit Work Order', 'work_order', NULL, 2, 'Edit Work Order', 131, '{}', '2015-04-15 16:20:37'),
(567, 'Edit Work Order', 'work_order', NULL, 2, 'Edit Work Order', 131, '{}', '2015-04-15 16:22:56'),
(568, 'Edit Work Order', 'work_order', NULL, 2, 'Edit Work Order', 131, '{}', '2015-04-15 16:23:24'),
(569, 'Generate Payslip', 'payslip', NULL, 2, 'Generate Payslip', 418, '{}', '2015-04-15 16:34:28'),
(570, 'Save/Edit Inquiry', 'inquiry', NULL, 2, 'Save/Edit Inquiry', 113, '{}', '2015-04-21 19:13:30'),
(571, 'Validate Inquiry', 'inquiry', NULL, 2, 'Validate Inquiry', 264, '{"id_inquiry":"16","status":"open"}', '2015-04-21 19:13:37'),
(572, 'Save/Edit Quotation', 'quotation', NULL, 2, 'Save/Edit Quotation', 123, '{}', '2015-04-21 19:14:08'),
(573, 'Make Working Schedule', 'quotation', NULL, 2, 'Make Working Schedule', 263, '{}', '2015-04-21 19:14:15'),
(574, 'Save/Edit Work Schedule', 'work_schedule', NULL, 2, 'Save/Edit Work Schedule', 148, '{}', '2015-04-21 19:15:30'),
(575, 'Save/Edit Cost Element', 'cost_element', NULL, 2, 'Save/Edit Cost Element', 416, '{}', '2015-04-21 19:16:19'),
(576, 'Save/Edit Cost Element', 'cost_element', NULL, 2, 'Save/Edit Cost Element', 416, '{}', '2015-04-21 19:17:18'),
(577, 'Validate Quotation', 'quotation', NULL, 2, 'Validate Quotation', 265, '{"id_quotation":"19","status":"open"}', '2015-04-21 19:17:24'),
(578, 'Save Sales Order', 'so', NULL, 2, 'Save Sales Order', 76, '{}', '2015-04-21 19:17:47'),
(579, 'Save Sales Order', 'so', NULL, 2, 'Save Sales Order', 76, '{}', '2015-04-21 19:18:21'),
(580, 'Validate Sales Order', 'so', NULL, 2, 'Validate Sales Order', 266, '{"id_so":"12","status":"open"}', '2015-04-21 19:18:25'),
(581, 'Confirm Sales Order', 'so', NULL, 2, 'Confirm Sales Order', 267, '{"id_so":"12","id_work_order":13,"status":"close"}', '2015-04-21 19:18:28'),
(582, 'Edit Work Order', 'work_order', NULL, 2, 'Edit Work Order', 131, '{}', '2015-04-21 19:18:28'),
(583, 'Save/Edit Inquiry', 'inquiry', NULL, 2, 'Save/Edit Inquiry', 113, '{}', '2015-05-06 21:03:47'),
(584, 'Validate Inquiry', 'inquiry', NULL, 2, 'Validate Inquiry', 264, '{"id_inquiry":"17","status":"open"}', '2015-05-06 21:04:11'),
(585, 'Edit Work Order', 'work_order', NULL, 2, 'Edit Work Order', 131, '{}', '2015-05-06 21:05:48'),
(586, 'Edit Work Order', 'work_order', NULL, 2, 'Edit Work Order', 131, '{}', '2015-05-06 21:06:54'),
(587, 'Edit Work Order', 'work_order', NULL, 2, 'Edit Work Order', 131, '{}', '2015-05-06 21:07:40'),
(588, 'Validate BOM', 'bom', NULL, 2, 'Validate BOM', 297, '{}', '2015-05-06 21:23:09'),
(589, 'Edit Work Order', 'work_order', NULL, 2, 'Edit Work Order', 131, '{}', '2015-05-06 21:53:32'),
(590, 'Edit Work Order', 'work_order', NULL, 2, 'Edit Work Order', 131, '{}', '2015-05-06 21:53:44'),
(591, 'Save/Edit Cost Element', 'cost_element', NULL, 2, 'Save/Edit Cost Element', 416, '{}', '2015-05-06 22:02:33'),
(592, 'Generate Payslip', 'payslip', NULL, 2, 'Generate Payslip', 418, '{}', '2015-05-06 22:04:30'),
(593, 'Generate Payslip', 'payslip', NULL, 2, 'Generate Payslip', 418, '{}', '2015-05-06 22:51:57'),
(594, 'Edit Work Order', 'work_order', NULL, 2, 'Edit Work Order', 131, '{}', '2015-05-06 22:55:24'),
(595, 'Edit Work Order', 'work_order', NULL, 2, 'Edit Work Order', 131, '{}', '2015-05-06 23:26:33'),
(596, 'Edit Work Order', 'work_order', NULL, 2, 'Edit Work Order', 131, '{}', '2015-05-06 23:27:09'),
(597, 'Save/Edit Quotation', 'quotation', NULL, 2, 'Save/Edit Quotation', 123, '{}', '2015-05-06 23:36:59'),
(598, 'Make Working Schedule', 'quotation', NULL, 2, 'Make Working Schedule', 263, '{}', '2015-05-06 23:37:11'),
(599, 'Save/Edit Work Schedule', 'work_schedule', NULL, 2, 'Save/Edit Work Schedule', 148, '{}', '2015-05-06 23:37:51'),
(600, 'Save/Edit Quotation', 'quotation', NULL, 2, 'Save/Edit Quotation', 123, '{}', '2015-05-06 23:42:23'),
(601, 'Validate Quotation', 'quotation', NULL, 2, 'Validate Quotation', 265, '{"id_quotation":"20","status":"open"}', '2015-05-06 23:42:29'),
(602, 'Save Sales Order', 'so', NULL, 2, 'Save Sales Order', 76, '{}', '2015-05-07 00:02:12'),
(603, 'Save Sales Order', 'so', NULL, 2, 'Save Sales Order', 76, '{}', '2015-05-07 22:37:15'),
(604, 'Validate Sales Order', 'so', NULL, 2, 'Validate Sales Order', 266, '{"id_so":"13","status":"open"}', '2015-05-07 22:58:13'),
(605, 'Confirm Sales Order', 'so', NULL, 2, 'Confirm Sales Order', 267, '{"id_so":"13","id_work_order":14,"status":"close"}', '2015-05-07 22:58:25'),
(606, 'Edit Work Order', 'work_order', NULL, 2, 'Edit Work Order', 131, '{}', '2015-05-07 22:58:25'),
(607, 'Edit Work Order', 'work_order', NULL, 2, 'Edit Work Order', 131, '{}', '2015-05-07 23:03:07'),
(608, 'Edit Work Order', 'work_order', NULL, 2, 'Edit Work Order', 131, '{}', '2015-05-07 23:03:29'),
(609, 'Edit Work Order', 'work_order', NULL, 2, 'Edit Work Order', 131, '{}', '2015-05-07 23:03:48'),
(610, 'Edit Work Order', 'work_order', NULL, 2, 'Edit Work Order', 131, '{}', '2015-05-07 23:04:00'),
(611, 'Edit Work Order', 'work_order', NULL, 2, 'Edit Work Order', 131, '{}', '2015-05-07 23:04:13'),
(612, 'Edit Work Order', 'work_order', NULL, 2, 'Edit Work Order', 131, '{}', '2015-05-07 23:04:24'),
(613, 'Edit Work Order', 'work_order', NULL, 2, 'Edit Work Order', 131, '{}', '2015-05-07 23:04:40'),
(614, 'Edit Work Order', 'work_order', NULL, 2, 'Edit Work Order', 131, '{}', '2015-05-07 23:05:28'),
(615, 'Edit Work Order', 'work_order', NULL, 2, 'Edit Work Order', 131, '{}', '2015-05-07 23:05:57'),
(616, 'Edit Work Order', 'work_order', NULL, 2, 'Edit Work Order', 131, '{}', '2015-05-07 23:06:32'),
(617, 'Edit Work Order', 'work_order', NULL, 2, 'Edit Work Order', 131, '{}', '2015-05-07 23:06:47'),
(618, 'Edit Work Order', 'work_order', NULL, 2, 'Edit Work Order', 131, '{}', '2015-05-07 23:08:39'),
(619, 'Edit Work Order', 'work_order', NULL, 2, 'Edit Work Order', 131, '{}', '2015-05-07 23:09:33'),
(620, 'Edit Work Order', 'work_order', NULL, 2, 'Edit Work Order', 131, '{}', '2015-05-07 23:10:06'),
(621, 'Edit Work Order', 'work_order', NULL, 2, 'Edit Work Order', 131, '{}', '2015-05-08 13:54:00');

-- --------------------------------------------------------

--
-- Table structure for table `address_type`
--

CREATE TABLE IF NOT EXISTS `address_type` (
  `id_address_type` int(11) NOT NULL AUTO_INCREMENT,
  `name` varchar(45) DEFAULT NULL COMMENT 'permanent, temporary, mailing',
  PRIMARY KEY (`id_address_type`)
) ENGINE=InnoDB  DEFAULT CHARSET=latin1 AUTO_INCREMENT=4 ;

--
-- Dumping data for table `address_type`
--

INSERT INTO `address_type` (`id_address_type`, `name`) VALUES
(1, 'Permanent'),
(2, 'Temporary'),
(3, 'Mailing');

-- --------------------------------------------------------

--
-- Table structure for table `application_action`
--

CREATE TABLE IF NOT EXISTS `application_action` (
  `id_application_action` int(11) NOT NULL AUTO_INCREMENT,
  `name` varchar(45) NOT NULL,
  `uname` varchar(45) NOT NULL,
  `controller` varchar(45) DEFAULT NULL,
  `function_exec` varchar(45) DEFAULT NULL,
  `function_args` text,
  `view_type` varchar(45) NOT NULL COMMENT 'view_type: list, form, no_view',
  `view_file` varchar(45) DEFAULT NULL,
  `prefix` varchar(45) DEFAULT NULL,
  `action_type` varchar(45) DEFAULT NULL COMMENT 'view,create,update,delete',
  `action_button` varchar(45) DEFAULT NULL,
  `target_action` int(11) DEFAULT NULL,
  `use_log` tinyint(1) NOT NULL DEFAULT '0',
  `need_claim` tinyint(1) NOT NULL DEFAULT '0',
  PRIMARY KEY (`id_application_action`),
  KEY `fk_application_action_application_action1_idx` (`target_action`)
) ENGINE=InnoDB  DEFAULT CHARSET=latin1 AUTO_INCREMENT=422 ;

--
-- Dumping data for table `application_action`
--

INSERT INTO `application_action` (`id_application_action`, `name`, `uname`, `controller`, `function_exec`, `function_args`, `view_type`, `view_file`, `prefix`, `action_type`, `action_button`, `target_action`, `use_log`, `need_claim`) VALUES
(1, 'View Application Action', 'view_application_action', 'action', NULL, NULL, 'girdview', 'action_list', '', 'view', 'crud', NULL, 0, 0),
(2, 'Create Application Action', 'create_application_action', 'action', 'init_create_action', NULL, 'form', 'action_ce', '', 'view', 'save_discard', NULL, 0, 0),
(3, 'Edit Application Action', 'edit_application_action', 'action', 'get_action_data', 'id', 'form', 'action_ce', '', 'update', 'save_discard', NULL, 0, 0),
(4, 'Delete Application Action', 'delete_application_action', 'action', 'delete_application_action', '', 'no_view', '', '', 'delete', 'crud', 1, 1, 0),
(5, 'View Side Menu', 'view_side_menu', 'side_menu', '', '', 'no_view', 'side_menu_list', '', 'view', 'crud', NULL, 0, 0),
(6, 'Create Side Menu', 'create_side_menu', 'side_menu', 'init_create_side_menu', '', 'form', 'side_menu_ce', '', 'view', 'save_discard', NULL, 0, 0),
(7, 'Edit Side Menu', 'edit_side_menu', 'side_menu', 'get_side_menu_data', 'id', 'no_view', 'side_menu_ce', '', 'view', 'save_discard', NULL, 0, 0),
(8, 'Delete Side Menu', 'delete_side_menu', 'side_menu', 'delete_side_menu', '', 'no_view', '', '', 'delete', 'crud', 5, 1, 0),
(9, 'Save/Edit Side Menu', 'save_edit_side_menu', 'side_menu', 'save_side_menu', '', 'no_view', '', '', 'create', 'crud', 5, 1, 0),
(10, 'Save/Edit Action', 'save_edit_action', 'action', 'insert_action', '', 'no_view', '', '', 'create', 'save_discard', 1, 1, 0),
(11, 'View Division', 'view_division', 'division', '', '', 'gridview', 'division_list', '', 'view', 'crud', NULL, 0, 0),
(12, 'Create Division', 'create_division', 'division', '', '', 'form', 'division_ce', '', 'view', 'save_discard', NULL, 0, 0),
(13, 'Save/Edit Division', 'save_edit_division', 'division', 'save_division', '', 'no_view', '', '', 'create', 'save_discard', 11, 1, 0),
(14, 'Edit Division', 'edit_division', 'division', 'init_edit_division', 'id', 'form', 'division_ce', 'division', 'view', 'save_discard', NULL, 0, 0),
(15, 'Delete Division', 'delete_division', 'division', 'delete_division', '', 'no_view', '', 'division', 'view', 'crud', 11, 1, 0),
(16, 'View Role', 'view_role', 'role', '', '', 'gridview', 'role_list', '', 'view', 'crud', NULL, 0, 0),
(17, 'View Create Role', 'view_create_role', 'role', 'init_create_role', '', 'form', 'role_ce', '', 'view', 'save_discard', NULL, 0, 0),
(18, 'View Edit Role', 'view_edit_role', 'role', 'init_edit_role', 'id', 'form', 'role_ce', '', 'view', 'save_discard', NULL, 0, 0),
(19, 'Delete Role', 'delete_role', 'role', 'delete_role', '', 'no_view', '', '', 'delete', 'save_discard', 16, 1, 0),
(20, 'Save/Edit Role', 'save_edit_role', 'role', 'save_role', '', 'no_view', '', '', 'create', 'save_discard', 16, 1, 0),
(21, 'View Product', 'view_product', 'product', '', '', 'form', 'product_list', '', 'view', 'crud', NULL, 0, 0),
(22, 'Create Product', 'create_product', 'product', 'init_create_product', '', 'form', 'product_ce', '', 'view', 'save_discard', NULL, 0, 0),
(23, 'Edit Product', 'edit_product', 'product', 'init_edit_product', 'id', 'no_view', 'product_ce', '', 'view', 'save_discard', NULL, 0, 0),
(24, 'Delete Product', 'delete_product', 'product', 'delete_product', '', 'no_view', '', '', 'delete', 'crud', 21, 1, 0),
(25, 'Save/Edit Product', 'save_edit_product', 'product', 'save_product', '', 'no_view', '', '', 'create', 'crud', 21, 1, 0),
(26, 'View Supplier', 'view_supplier', 'supplier', '', '', 'form', 'supplier_list', '', 'view', 'crud', NULL, 0, 0),
(27, 'Create Supplier', 'create_supplier', 'supplier', '', '', 'form', 'supplier_ce', '', 'view', 'save_discard', NULL, 0, 0),
(28, 'Edit Supplier', 'edit_supplier', 'supplier', 'init_edit_supplier', 'id', 'no_view', 'supplier_ce', '', 'update', 'save_discard', NULL, 0, 0),
(29, 'Delete Supplier', 'delete_supplier', 'supplier', 'delete_supplier', '', 'no_view', '', '', 'delete', 'crud', 26, 1, 0),
(30, 'Save/Edit Supplier', 'save_edit_supplier', 'supplier', 'save_supplier', '', 'no_view', '', '', 'create', 'crud', 26, 1, 0),
(31, 'View Product Category', 'view_product_category', 'product_category', '', '', 'gridview', 'product_category_list', '', 'view', 'crud', NULL, 0, 0),
(32, 'Create Product Category', 'create_product_category', 'product_category', '', '', 'gridview', 'product_category_ce', '', 'view', 'save_discard', NULL, 0, 0),
(33, 'Edit Product Category', 'edit_product_category', 'product_category', 'init_edit_product_category', 'id', 'form', 'product_category_ce', '', 'view', 'save_discard', NULL, 0, 0),
(34, 'Delete Product Category', 'delete_product_category', 'product_category', 'delete_product_category', '', 'no_view', '', '', 'delete', 'crud', 31, 1, 0),
(35, 'Save/Edit Product Category', 'save_edit_product_category', 'product_category', 'save_product_category', '', 'no_view', '', '', 'create', 'crud', 31, 1, 0),
(36, 'View Merk', 'view_merk', 'merk', '', '', 'gridview', 'merk_list', '', 'view', 'crud', NULL, 0, 0),
(37, 'Create Merk', 'create_merk', 'merk', '', '', 'form', 'merk_ce', '', 'view', 'save_discard', NULL, 0, 0),
(38, 'Edit Merk', 'edit_merk', 'merk', 'init_edit_merk', 'id', 'form', 'merk_ce', '', 'view', 'save_discard', NULL, 0, 0),
(39, 'Delete Merk', 'delete_merk', 'merk', 'delete_merk', '', 'no_view', '', '', 'delete', 'crud', 36, 1, 0),
(40, 'Save/Edit Merk', 'save_edit_merk', 'merk', 'save_merk', '', 'no_view', '', '', 'create', 'crud', 36, 1, 0),
(41, 'View Customer', 'view_customer', 'customer', '', '', 'gridview', 'customer_list', '', 'view', 'crud', NULL, 0, 0),
(43, 'Create Customer', 'create_customer', 'customer', 'init_create_customer', '', 'form', 'customer_ce', '', 'view', 'save_discard', NULL, 0, 0),
(44, 'Edit Customer', 'edit_customer', 'customer', 'init_edit_customer', 'id', 'form', 'customer_ce', '', 'update', 'save_discard', NULL, 0, 0),
(45, 'Delete Customer', 'delete_customer', 'customer', 'delete_customer', '', 'no_view', '', '', 'delete', 'crud', 41, 1, 0),
(46, 'Save/Edit Customer', 'save_edit_customer', 'customer', 'save_customer', '', 'no_view', '', '', 'create', 'crud', 41, 1, 0),
(47, 'View Warehouse', 'view_warehouse', 'gudang', '', '', 'gridview', 'gudang_list', '', 'view', 'crud', NULL, 0, 0),
(48, 'Create Warehouse', 'create_warehouse', 'gudang', '', '', 'form', 'gudang_ce', '', 'create', 'save_discard', NULL, 0, 0),
(49, 'Edit Warehouse', 'edit_warehouse', 'gudang', 'init_edit_gudang', 'id', 'form', 'gudang_ce', '', 'update', 'save_discard', NULL, 0, 0),
(50, 'Delete Warehouse', 'delete_warehouse', 'gudang', 'delete_gudang', '', 'no_view', '', '', 'delete', 'crud', NULL, 1, 0),
(51, 'Save/Edit Warehouse', 'save_edit_warehouse', 'gudang', 'save_gudang', '', 'no_view', '', '', 'create', 'crud', 47, 1, 0),
(57, 'View PO', 'view_po', 'po', '', '', 'gridview', 'po_list', '', 'view', 'crud', NULL, 0, 0),
(58, 'Create PO', 'create_po', 'po', '', '', 'form', 'po_ce', '', 'view', 'save_discard', NULL, 0, 0),
(59, 'Edit PO', 'edit_po', 'po', 'init_edit_po', 'id', 'form', 'po_ce', '', 'update', 'save_discard', NULL, 0, 0),
(60, 'Delete PO', 'delete_po', 'po', 'delete_po', '', 'no_view', '', '', 'delete', 'save_discard', 57, 1, 0),
(61, 'Save/Edit PO', 'save_edit_po', 'po', 'save_po', '', 'no_view', '', '', 'create', 'save_discard', 57, 1, 0),
(62, 'View User', 'view_user', 'user', '', '', 'gridview', 'user_list', '', 'view', 'crud', NULL, 0, 0),
(63, 'Create User', 'create_user', 'user', 'init_create_user', '', 'form', 'user_ce', '', 'view', 'save_discard', NULL, 0, 0),
(64, 'Edit User', 'edit_user', 'user', 'init_edit_user', 'id', 'form', 'user_ce', '', 'view', 'save_discard', NULL, 0, 0),
(65, 'Delete User', 'delete_user', 'user', 'delete_user', '', 'no_view', '', '', 'delete', 'crud', 62, 1, 0),
(66, 'Save/Edit User', 'save_edit_user', 'user', 'save_user', '', 'no_view', '', '', 'create', 'crud', 62, 1, 0),
(67, 'View Good Receive', 'view_good_receive', 'gr', '', '', 'gridview', 'gr_list', '', 'view', 'crud', NULL, 0, 0),
(68, 'Create Good Receive', 'create_good_receive', 'gr', 'init_create_gr', '', 'form', 'gr_ce', '', 'view', 'save_discard', NULL, 0, 0),
(69, 'Edit Good Receive', 'edit_good_receive', 'gr', 'init_edit_gr', 'id', 'form', 'gr_ce', '', 'update', 'save_discard', NULL, 0, 0),
(70, 'Delete Good Receive', 'delete_good_receive', 'gr', 'delete_gr', '', 'no_view', '', '', 'delete', 'save_discard', 67, 1, 0),
(71, 'Save/Edit Good Receive', 'save_edit_good_receive', 'gr', 'save_gr', '', 'no_view', '', '', 'create', 'save_discard', 67, 1, 0),
(72, 'View Sales Order', 'view_sales_order', 'so', '', '', 'gridview', 'so_list', '', 'view', 'crud', NULL, 0, 0),
(73, 'Create Sales Order', 'create_sales_order', 'so', '', '', 'form', 'so_ce', '', 'view', 'save_discard', NULL, 0, 0),
(74, 'Edit Sales Order', 'edit_sales_order', 'so', 'init_edit_so', 'id', 'form', 'so_ce', '', 'update', 'save_discard', NULL, 0, 0),
(75, 'Delete Sales Order', 'delete_sales_order', 'so', 'delete_so', '', 'no_view', '', '', 'delete', 'save_discard', 72, 1, 0),
(76, 'Save Sales Order', 'save_sales_order', 'so', 'save_so', '', 'no_view', '', '', 'create', 'curd', 72, 1, 0),
(77, 'View Material Request', 'view_material_request', 'mr', '', '', 'gridview', 'mr_list', '', 'view', 'crud', NULL, 0, 0),
(78, 'Create Material Request', 'create_material_request', 'mr', '', '', 'form', 'mr_ce', '', 'view', 'save_discard', NULL, 0, 0),
(79, 'Edit Material Request', 'edit_material_request', 'mr', 'init_edit_mr', 'id', 'form', 'mr_ce', '', 'update', 'save_discard', NULL, 0, 0),
(80, 'Delete Material Request', 'delete_material_request', 'mr', 'delete_mr', '', 'no_view', '', '', 'delete', 'save_discard', 77, 1, 0),
(81, 'Save Material Request', 'save_material_request', 'mr', 'save_mr', '', 'no_view', '', '', 'create', 'save_discard', 77, 1, 0),
(82, 'Change User Password', 'change_user_password', 'user', 'change_user_password', '', 'no_view', '', '', 'update', 'crud', 62, 0, 0),
(83, 'View Delivery Note', 'view_delivery_note', 'dn', '', '', 'gridview', 'dn_list', '', 'view', 'crud', NULL, 0, 0),
(84, 'Create Delivery Note', 'create_delivery_note', 'dn', '', '', 'form', 'dn_ce', '', 'view', 'save_discard', NULL, 0, 0),
(85, 'Edit Delivery Note', 'edit_delivery_note', 'dn', 'init_edit_dn', 'id', 'form', 'dn_ce', '', 'update', 'save_discard', NULL, 0, 0),
(86, 'Delete Delivery Note', 'delete_delivery_note', 'dn', 'delete_dn', '', 'no_view', '', '', 'delete', 'save_discard', 83, 1, 0),
(87, 'Save/Edit Delivery Note', 'save_edit_delivery_note', 'dn', 'save_dn', '', 'no_view', '', '', 'create', 'save_discard', 83, 1, 0),
(88, 'View Unit Measure', 'view_unit_measure', 'unit_measure', '', '', 'gridview', 'unit_measure_list', '', 'view', 'crud', NULL, 0, 0),
(89, 'Create Unit Measure', 'create_unit_measure', 'unit_measure', 'init_create_unit_measure', '', 'form', 'unit_measure_ce', '', 'view', 'save_discard', NULL, 0, 0),
(90, 'Edit Unit Measure', 'edit_unit_measure', 'unit_measure', 'init_edit_unit_measure', 'id', 'form', 'unit_measure_ce', '', 'view', 'save_discard', NULL, 0, 0),
(91, 'Delete Unit Measure', 'delete_unit_measure', 'unit_measure', 'delete_unit_measure', '', 'no_view', '', '', 'delete', 'crud', 88, 1, 0),
(92, 'Save/Edit Unit Measure', 'save_edit_unit_measure', 'unit_measure', 'save_unit_measure', '', 'no_view', '', '', 'create', 'crud', 88, 1, 0),
(93, 'View Stock', 'view_stock', 'stock', '', '', 'gridview', 'stock_list', '', 'view', 'crud', NULL, 0, 0),
(94, 'View Employee', 'view_employee', 'employee', '', '', 'gridview', 'employee_list', '', 'view', 'crud', NULL, 0, 0),
(95, 'Create Employee', 'create_employee', 'employee', 'init_create_employee', '', 'form', 'employee_ce', '', 'view', 'save_discard', NULL, 0, 0),
(96, 'Edit Employee', 'edit_employee', 'employee', 'init_edit_employee', 'id', 'form', 'employee_ce', '', 'update', 'save_discard', NULL, 0, 0),
(97, 'Delete Employee', 'delete_employee', 'employee', 'delete_employee', '', 'no_view', '', '', 'delete', 'crud', 94, 1, 0),
(98, 'Save/Edit Employee', 'save_edit_employee', 'employee', 'save_employee', '', 'no_view', '', '', 'create', 'crud', 94, 1, 0),
(99, 'Validate PO', 'validate_po', 'po', 'validate_po', 'id', 'no_view', '', '', 'update', 'crud', 59, 1, 0),
(100, 'Create Database Interface', 'create_database_interface', 'database_interface', 'init_database_interface', '', 'form', 'database_interface_ce', '', 'view', 'save_discard', NULL, 0, 0),
(101, 'Edit Database Interface', 'edit_database_interface', 'database_interface', 'init_edit_database_interface', 'id', 'form', 'database_interface_ce', '', 'view', 'save_discard', NULL, 0, 0),
(102, 'Delete Database Interface', 'delete_database_interface', 'database_interface', 'delete_database_interface', '', 'no_view', '', '', 'delete', 'crud', 224, 0, 0),
(103, 'Save / Edit Database Interface', 'save___edit_database_interface', 'Database Interface', 'save_database_interface', '', 'no_view', '', '', 'create', 'crud', 224, 0, 0),
(104, 'View Database Field Interface', 'view_database_field_interface', 'database_interface', '', '', 'gridview', 'database_field_interface_list', '', 'view', 'crud', NULL, 0, 0),
(105, 'Create Database Field Interface', 'create_database_field_interface', 'database_interface', 'init_create_database_field_interface', '', 'form', 'database_field_interface_ce', '', 'view', 'save_discard', NULL, 0, 0),
(106, 'Edit Database Field Interface', 'edit_database_field_interface', 'database_interface', 'init_edit_database_field_interface', 'id', 'form', 'database_field_interface_ce', '', 'view', 'save_discard', NULL, 0, 0),
(107, 'Delete Database Field Interface', 'delete_database_field_interface', 'database_interface', 'delete_database_field_interface', '', 'no_view', '', '', 'delete', 'crud', 104, 0, 0),
(108, 'Save / Edit Database Field Interface', 'save___edit_database_field_interface', 'database_interface', 'save_database_field_interface', '', 'no_view', '', '', 'create', 'crud', 104, 0, 0),
(109, 'View Inquiry', 'view_inquiry', 'inquiry', '', '', 'gridview', 'inquiry_list', '', 'view', 'crud', NULL, 0, 0),
(110, 'Create Inquiry', 'create_inquiry', 'inquiry', 'init_create_inquiry', '', 'form', 'inquiry_ce', '', 'create', 'save_discard', NULL, 0, 0),
(111, 'Edit Inquiry', 'edit_inquiry', 'inquiry', 'init_edit_inquiry', 'id', 'form', 'inquiry_ce', '', 'edit', 'save_discard', NULL, 0, 0),
(112, 'Delete Inquiry', 'delete_inquiry', 'inquiry', 'delete_inquiry', '', 'no_view', '', '', 'delete', 'crud', 109, 1, 0),
(113, 'Save/Edit Inquiry', 'save_edit_inquiry', 'inquiry', 'save_inquiry', '', 'no_view', '', '', 'create', 'crud', 109, 1, 0),
(114, 'View Survey / Assessment', 'view_survey___assessment', 'survey_assessment', '', '', 'gridview', 'survey_assessment_list', '', 'view', 'crud', NULL, 0, 0),
(115, 'Create Survey / Assessment', 'create_survey___assessment', 'survey_assessment', 'init_create_survey_assessment', '', 'form', 'survey_assessment_ce', '', 'create', 'save_discard', NULL, 0, 0),
(116, 'Edit Survey / Assessment', 'edit_survey___assessment', 'survey_assessment', 'init_edit_survey_assessment', 'id', 'form', 'survey_assessment_ce', '', 'edit', 'save_discard', NULL, 0, 0),
(117, 'Delete Survey / Assessment', 'delete_survey___assessment', 'survey_assessment', 'delete_survey_assessment', '', 'no_view', '', '', 'delete', 'crud', NULL, 1, 0),
(118, 'Save/Edit Survey / Assessment', 'save_edit_survey___assessment', 'survey_assessment', 'save_survey_assessment', '', 'no_view', '', '', 'create', 'crud', NULL, 1, 0),
(119, 'View Quotation', 'view_quotation', 'quotation', '', '', 'gridview', 'quotation_list', '', 'view', 'crud', NULL, 0, 0),
(120, 'Create Quotation', 'create_quotation', 'quotation', 'init_create_quotation', '', 'form', 'quotation_ce', '', 'create', 'save_discard', NULL, 0, 0),
(121, 'Edit Quotation', 'edit_quotation', 'quotation', 'init_edit_quotation', 'id', 'form', 'quotation_ce', '', 'edit', 'save_discard', NULL, 0, 0),
(122, 'Delete Quotation', 'delete_quotation', 'quotation', 'delete_quotation', '', 'no_view', '', '', 'delete', 'crud', 119, 1, 0),
(123, 'Save/Edit Quotation', 'save_edit_quotation', 'quotation', 'save_quotation', '', 'no_view', '', '', 'create', 'crud', 119, 1, 0),
(124, 'View Project Contract', 'view_project_contract', 'project_contract', '', '', 'gridview', 'project_contract_list', '', 'view', 'crud', NULL, 0, 0),
(125, 'Create Project Contract', 'create_project_contract', 'project_contract', 'init_create_project_contract', '', 'form', 'project_contract_ce', '', 'create', 'save_discard', NULL, 0, 0),
(126, 'Edit Project Contract', 'edit_project_contract', 'project_contract', 'init_edit_project_contract', 'id', 'form', 'project_contract_ce', '', 'edit', 'save_discard', NULL, 0, 0),
(127, 'Delete Project Contract', 'delete_project_contract', 'project_contract', 'delete_project_contract', '', 'no_view', '', '', 'delete', 'crud', NULL, 1, 0),
(128, 'Save/Edit Project Contract', 'save_edit_project_contract', 'project_contract', 'save_project_contract', '', 'no_view', '', '', 'create', 'crud', NULL, 1, 0),
(129, 'View Work Order', 'view_work_order', 'work_order', '', '', 'gridview', 'work_order_list', '', 'view', 'view_detail', NULL, 0, 0),
(130, 'Create Work Order', 'create_work_order', 'work_order', 'init_create_work_order', '', 'form', 'work_order_ce', '', 'create', 'save_discard', NULL, 0, 0),
(131, 'Edit Work Order', 'edit_work_order', 'work_order', 'init_edit_work_order', 'id', 'form', 'work_order_ce', '', 'view', 'save_discard', NULL, 1, 0),
(132, 'Delete Work Order', 'delete_work_order', 'work_order', 'delete_work_order', '', 'no_view', '', '', 'delete', 'crud', NULL, 1, 0),
(133, 'Save/Edit Work Order', 'save_edit_work_order', 'work_order', 'save_work_order', '', 'no_view', '', '', 'create', 'crud', 129, 1, 0),
(134, 'View Assessment Template', 'view_assessment_template', 'assessment_template', '', '', 'gridview', 'assessment_template_list', '', 'view', 'crud', NULL, 0, 0),
(135, 'Create Assessment Template', 'create_assessment_template', 'assessment_template', 'init_create_assessment_template', '', 'form', 'assessment_template_ce', '', 'create', 'save_discard', NULL, 0, 0),
(136, 'Edit Assessment Template', 'edit_assessment_template', 'assessment_template', 'init_edit_assessment_template', 'id', 'form', 'assessment_template_ce', '', 'edit', 'save_discard', NULL, 0, 0),
(137, 'Delete Assessment Template', 'delete_assessment_template', 'assessment_template', 'delete_assessment_template', '', 'no_view', '', '', 'delete', 'crud', NULL, 1, 0),
(138, 'Save/Edit Assessment Template', 'save_edit_assessment_template', 'assessment_template', 'save_assessment_template', '', 'no_view', '', '', 'create', 'crud', NULL, 1, 0),
(139, 'View Contract Template', 'view_contract_template', 'contract_template', '', '', 'gridview', 'contract_template_list', '', 'view', 'crud', NULL, 0, 0),
(140, 'Create Contract Template', 'create_contract_template', 'contract_template', 'init_create_contract_template', '', 'form', 'contract_template_ce', '', 'create', 'save_discard', NULL, 0, 0),
(141, 'Edit Contract Template', 'edit_contract_template', 'contract_template', 'init_edit_contract_template', 'id', 'form', 'contract_template_ce', '', 'edit', 'save_discard', NULL, 0, 0),
(142, 'Delete Contract Template', 'delete_contract_template', 'contract_template', 'delete_contract_template', '', 'no_view', '', '', 'delete', 'crud', NULL, 1, 0),
(143, 'Save/Edit Contract Template', 'save_edit_contract_template', 'contract_template', 'save_contract_template', '', 'no_view', '', '', 'create', 'crud', NULL, 1, 0),
(144, 'View Work Schedule', 'view_work_schedule', 'work_schedule', '', '', 'gridview', 'work_schedule_list', '', 'view', 'crud', NULL, 0, 0),
(145, 'Create Work Schedule', 'create_work_schedule', 'work_schedule', 'init_create_work_schedule', '', 'form', 'work_schedule_ce', '', 'create', 'save_discard', NULL, 0, 0),
(146, 'Edit Work Schedule', 'edit_work_schedule', 'work_schedule', 'init_edit_work_schedule', 'id', 'form', 'work_schedule_ce', '', 'edit', 'save_discard', NULL, 0, 0),
(147, 'Delete Work Schedule', 'delete_work_schedule', 'work_schedule', 'delete_work_schedule', '', 'no_view', '', '', 'delete', 'crud', 144, 1, 0),
(148, 'Save/Edit Work Schedule', 'save_edit_work_schedule', 'work_schedule', 'save_work_schedule', '', 'no_view', '', '', 'create', 'crud', 144, 1, 0),
(149, 'View SO Assignment', 'view_so_assignment', 'so_assignment', '', '', 'gridview', 'so_assignment_list', '', 'view', 'crud', NULL, 0, 0),
(150, 'Create SO Assignment', 'create_so_assignment', 'so_assignment', 'init_create_so_assignment', '', 'form', 'so_assignment_ce', '', 'create', 'save_discard', NULL, 0, 0),
(151, 'Edit SO Assignment', 'edit_so_assignment', 'so_assignment', 'init_edit_so_assignment', 'id', 'form', 'so_assignment_ce', '', 'edit', 'save_discard', NULL, 0, 0),
(152, 'Delete SO Assignment', 'delete_so_assignment', 'so_assignment', 'delete_so_assignment', '', 'no_view', '', '', 'delete', 'crud', NULL, 1, 0),
(153, 'Save/Edit SO Assignment', 'save_edit_so_assignment', 'so_assignment', 'save_so_assignment', '', 'no_view', '', '', 'create', 'crud', NULL, 1, 0),
(154, 'View Shift Change', 'view_shift_change', 'shift_change', '', '', 'gridview', 'shift_change_list', '', 'view', 'crud', NULL, 0, 0),
(155, 'Create Shift Change', 'create_shift_change', 'shift_change', 'init_create_shift_change', '', 'form', 'shift_change_ce', '', 'create', 'save_discard', NULL, 0, 0),
(156, 'Edit Shift Change', 'edit_shift_change', 'shift_change', 'init_edit_shift_change', 'id', 'form', 'shift_change_ce', '', 'edit', 'save_discard', NULL, 0, 0),
(157, 'Delete Shift Change', 'delete_shift_change', 'shift_change', 'delete_shift_change', '', 'no_view', '', '', 'delete', 'crud', NULL, 1, 0),
(158, 'Save/Edit Shift Change', 'save_edit_shift_change', 'shift_change', 'save_shift_change', '', 'no_view', '', '', 'create', 'crud', NULL, 1, 0),
(159, 'View Leave Application', 'view_leave_application', 'leave_application', '', '', 'gridview', 'leave_application_list', '', 'view', 'crud', NULL, 0, 0),
(160, 'Create Leave Application', 'create_leave_application', 'leave_application', 'init_create_leave_application', '', 'form', 'leave_application_ce', '', 'create', 'save_discard', NULL, 0, 0),
(161, 'Edit Leave Application', 'edit_leave_application', 'leave_application', 'init_edit_leave_application', 'id', 'form', 'leave_application_ce', '', 'edit', 'save_discard', NULL, 0, 0),
(162, 'Delete Leave Application', 'delete_leave_application', 'leave_application', 'delete_leave_application', '', 'no_view', '', '', 'delete', 'crud', NULL, 1, 0),
(163, 'Save/Edit Leave Application', 'save_edit_leave_application', 'leave_application', 'save_leave_application', '', 'no_view', '', '', 'create', 'crud', NULL, 1, 0),
(164, 'View Timesheet', 'view_timesheet_(recap)', 'timesheet', '', '', 'gridview', 'timesheet_list', '', 'view', 'crud', NULL, 0, 0),
(165, 'Create Timesheet ', 'create_timesheet_(recap)', 'timesheet', 'init_create_timesheet', '', 'form', 'timesheet_ce', '', 'create', 'save_discard', NULL, 0, 0),
(166, 'Edit Timesheet (Recap)', 'edit_timesheet_(recap)', 'timesheet', 'init_edit_timesheet', 'id', 'form', 'timesheet_ce', '', 'edit', 'save_discard', NULL, 0, 0),
(167, 'Delete Timesheet (Recap)', 'delete_timesheet_(recap)', 'timesheet', 'delete_timesheet', '', 'no_view', '', '', 'delete', 'crud', NULL, 1, 0),
(168, 'Save/Edit Timesheet (Recap)', 'save_edit_timesheet_(recap)', 'timesheet', 'save_timesheet', '', 'no_view', '', '', 'create', 'crud', NULL, 1, 0),
(169, 'View SO Timesheet', 'view_so_timesheet', 'timesheet', '', '', 'gridview', 'timesheet_list', '', 'view', 'crud', NULL, 0, 0),
(170, 'Create SO Timesheet', 'create_so_timesheet', 'timesheet', 'init_create_timesheet', '', 'form', 'timesheet_ce', '', 'create', 'save_discard', NULL, 0, 0),
(171, 'Edit SO Timesheet', 'edit_so_timesheet', 'timesheet', 'init_edit_timesheet', 'id', 'form', 'timesheet_ce', '', 'edit', 'save_discard', NULL, 0, 0),
(172, 'Delete SO Timesheet', 'delete_so_timesheet', 'timesheet', 'delete_timesheet', '', 'no_view', '', '', 'delete', 'crud', NULL, 1, 0),
(173, 'Save/Edit SO Timesheet', 'save_edit_so_timesheet', 'timesheet', 'save_timesheet', '', 'no_view', '', '', 'create', 'crud', NULL, 1, 0),
(174, 'View Incident Report', 'view_incident_report', 'incident_report', '', '', 'gridview', 'incident_report_list', '', 'view', 'crud', NULL, 0, 0),
(175, 'Create Incident Report', 'create_incident_report', 'incident_report', 'init_create_incident_report', '', 'form', 'incident_report_ce', '', 'create', 'save_discard', NULL, 0, 0),
(176, 'Edit Incident Report', 'edit_incident_report', 'incident_report', 'init_edit_incident_report', 'id', 'form', 'incident_report_ce', '', 'edit', 'save_discard', NULL, 0, 0),
(177, 'Delete Incident Report', 'delete_incident_report', 'incident_report', 'delete_incident_report', '', 'no_view', '', '', 'delete', 'crud', NULL, 1, 0),
(178, 'Save/Edit Incident Report', 'save_edit_incident_report', 'incident_report', 'save_incident_report', '', 'no_view', '', '', 'create', 'crud', NULL, 1, 0),
(179, 'View Payroll', 'view_payroll', 'payroll', '', '', 'gridview', 'payroll_list', '', 'view', 'no_button', NULL, 0, 0),
(180, 'Create Payroll', 'create_payroll', 'payroll', 'init_create_payroll', '', 'form', 'payroll_ce', '', 'create', 'save_discard', NULL, 0, 0),
(181, 'Edit Payroll', 'edit_payroll', 'payroll', 'init_edit_payroll', 'id', 'form', 'payroll_ce', '', 'edit', 'save_discard', NULL, 0, 0),
(182, 'Delete Payroll', 'delete_payroll', 'payroll', 'delete_payroll', '', 'no_view', '', '', 'delete', 'crud', NULL, 1, 0),
(183, 'Save/Edit Payroll', 'save_edit_payroll', 'payroll', 'save_payroll', '', 'no_view', '', '', 'create', 'crud', NULL, 1, 0),
(184, 'View Supplier Invoice', 'view_supplier_invoice', 'supplier_invoice', '', '', 'gridview', 'supplier_invoice_list', '', 'view', 'crud', NULL, 0, 0),
(185, 'Create Supplier Invoice', 'create_supplier_invoice', 'supplier_invoice', 'init_create_supplier_invoice', '', 'form', 'supplier_invoice_ce', '', 'create', 'save_discard', NULL, 0, 0),
(186, 'Edit Supplier Invoice', 'edit_supplier_invoice', 'supplier_invoice', 'init_edit_supplier_invoice', 'id', 'form', 'supplier_invoice_ce', '', 'edit', 'save_discard', NULL, 0, 0),
(187, 'Delete Supplier Invoice', 'delete_supplier_invoice', 'supplier_invoice', 'delete_supplier_invoice', '', 'no_view', '', '', 'delete', 'crud', NULL, 1, 0),
(188, 'Save/Edit Supplier Invoice', 'save_edit_supplier_invoice', 'supplier_invoice', 'save_supplier_invoice', '', 'no_view', '', '', 'create', 'crud', NULL, 1, 0),
(189, 'View Customer Invoice', 'view_customer_invoice', 'customer_invoice', '', '', 'gridview', 'customer_invoice_list', '', 'view', 'crud', NULL, 0, 0),
(190, 'Create Customer Invoice', 'create_customer_invoice', 'customer_invoice', 'init_create_customer_invoice', '', 'form', 'customer_invoice_ce', '', 'create', 'save_discard', NULL, 0, 0),
(191, 'Edit Customer Invoice', 'edit_customer_invoice', 'customer_invoice', 'init_edit_customer_invoice', 'id', 'form', 'customer_invoice_ce', '', 'edit', 'save_discard', NULL, 0, 0),
(192, 'Delete Customer Invoice', 'delete_customer_invoice', 'customer_invoice', 'delete_customer_invoice', '', 'no_view', '', '', 'delete', 'crud', NULL, 1, 0),
(193, 'Save/Edit Customer Invoice', 'save_edit_customer_invoice', 'customer_invoice', 'save_customer_invoice', '', 'no_view', '', '', 'create', 'crud', NULL, 1, 0),
(194, 'View Bank Statement', 'view_bank_statement', 'bank_statement', '', '', 'gridview', 'bank_statement_list', '', 'view', 'crud', NULL, 0, 0),
(195, 'Create Bank Statement', 'create_bank_statement', 'bank_statement', 'init_create_bank_statement', '', 'form', 'bank_statement_ce', '', 'create', 'save_discard', NULL, 0, 0),
(196, 'Edit Bank Statement', 'edit_bank_statement', 'bank_statement', 'init_edit_bank_statement', 'id', 'form', 'bank_statement_ce', '', 'edit', 'save_discard', NULL, 0, 0),
(197, 'Delete Bank Statement', 'delete_bank_statement', 'bank_statement', 'delete_bank_statement', '', 'no_view', '', '', 'delete', 'crud', 194, 1, 0),
(198, 'Save/Edit Bank Statement', 'save_edit_bank_statement', 'bank_statement', 'save_bank_statement', '', 'no_view', '', '', 'create', 'crud', 194, 1, 0),
(199, 'View Cash Register', 'view_cash_register', 'cash_register', '', '', 'gridview', 'cash_register_list', '', 'view', 'crud', NULL, 0, 0),
(200, 'Create Cash Register', 'create_cash_register', 'cash_register', 'init_create_cash_register', '', 'form', 'cash_register_ce', '', 'create', 'save_discard', NULL, 0, 0),
(201, 'Edit Cash Register', 'edit_cash_register', 'cash_register', 'init_edit_cash_register', 'id', 'form', 'cash_register_ce', '', 'edit', 'save_discard', NULL, 0, 0),
(202, 'Delete Cash Register', 'delete_cash_register', 'cash_register', 'delete_cash_register', '', 'no_view', '', '', 'delete', 'crud', 199, 1, 0),
(203, 'Save/Edit Cash Register', 'save_edit_cash_register', 'cash_register', 'save_cash_register', '', 'no_view', '', '', 'create', 'crud', 199, 1, 0),
(204, 'View Tax', 'view_tax', 'tax', '', '', 'gridview', 'tax_list', '', 'view', 'crud', NULL, 0, 0),
(205, 'Create Tax', 'create_tax', 'tax', 'init_create_tax', '', 'form', 'tax_ce', '', 'create', 'save_discard', NULL, 0, 0),
(206, 'Edit Tax', 'edit_tax', 'tax', 'init_edit_tax', 'id', 'form', 'tax_ce', '', 'edit', 'save_discard', NULL, 0, 0),
(207, 'Delete Tax', 'delete_tax', 'tax', 'delete_tax', '', 'no_view', '', '', 'delete', 'crud', NULL, 1, 0),
(208, 'Save/Edit Tax', 'save_edit_tax', 'tax', 'save_tax', '', 'no_view', '', '', 'create', 'crud', NULL, 1, 0),
(209, 'View Chart of Account', 'view_chart_of_account', 'coa', '', '', 'gridview', 'coa_list', '', 'view', 'crud', NULL, 0, 0),
(210, 'Create Chart of Account', 'create_chart_of_account', 'coa', 'init_create_coa', '', 'form', 'coa_ce', '', 'create', 'save_discard', NULL, 0, 0),
(211, 'Edit Chart of Account', 'edit_chart_of_account', 'coa', 'init_edit_coa', 'id', 'form', 'coa_ce', '', 'view', 'save_discard', NULL, 0, 0),
(212, 'Delete Chart of Account', 'delete_chart_of_account', 'coa', 'delete_coa', '', 'no_view', '', '', 'delete', 'crud', 209, 1, 0),
(213, 'Save/Edit Chart of Account', 'save_edit_chart_of_account', 'coa', 'save_coa', '', 'no_view', '', '', 'create', 'crud', 209, 1, 0),
(214, 'View Employee Salary', 'view_employee_salary', 'employee_salary', '', '', 'gridview', 'employee_salary_list', '', 'view', 'crud', NULL, 0, 0),
(215, 'Create Employee Salary', 'create_employee_salary', 'employee_salary', 'init_create_employee_salary', '', 'form', 'employee_salary_ce', '', 'create', 'save_discard', NULL, 0, 0),
(216, 'Edit Employee Salary', 'edit_employee_salary', 'employee_salary', 'init_edit_employee_salary', 'id', 'form', 'employee_salary_ce', '', 'edit', 'save_discard', NULL, 0, 0),
(217, 'Delete Employee Salary', 'delete_employee_salary', 'employee_salary', 'delete_employee_salary', '', 'no_view', '', '', 'delete', 'crud', NULL, 1, 0),
(218, 'Save/Edit Employee Salary', 'save_edit_employee_salary', 'employee_salary', 'save_employee_salary', '', 'no_view', '', '', 'create', 'crud', NULL, 1, 0),
(219, 'View Salary Setting', 'view_salary_setting', 'salary_setting', '', '', 'gridview', 'salary_setting_list', '', 'view', 'crud', NULL, 0, 0),
(220, 'Create Salary Setting', 'create_salary_setting', 'salary_setting', 'init_create_salary_setting', '', 'form', 'salary_setting_ce', '', 'create', 'save_discard', NULL, 0, 0),
(221, 'Edit Salary Setting', 'edit_salary_setting', 'salary_setting', 'init_edit_salary_setting', 'id', 'form', 'salary_setting_ce', '', 'edit', 'save_discard', NULL, 0, 0),
(222, 'Delete Salary Setting', 'delete_salary_setting', 'salary_setting', 'delete_salary_setting', '', 'no_view', '', '', 'delete', 'crud', NULL, 1, 0),
(223, 'Save/Edit Salary Setting', 'save_edit_salary_setting', 'salary_setting', 'save_salary_setting', '', 'no_view', '', '', 'create', 'crud', NULL, 1, 0),
(224, 'View Database Interface', 'view_database_interface', 'database_interface', '', '', 'gridview', 'database_interface_list', '', 'view', 'crud', NULL, 0, 0),
(225, 'Pick Assessment Template', 'pick_assessment_template', 'assessment_template', 'init_pick_assessment_template', '', 'form', 'assessment_template_dialog', '', 'view', 'crud', 115, 0, 0),
(226, 'View Organisation Structure', 'view_organisation_structure', 'organisation_structure', '', '', 'gridview', 'organisation_structure_list', '', 'view', 'crud', NULL, 0, 0),
(227, 'Create Organisation Structure', 'create_organisation_structure', 'organisation_structure', 'init_create_organisation_structure', '', 'form', 'organisation_structure_ce', '', 'view', 'save_discard', NULL, 0, 0),
(228, 'Edit Organisation Structure', 'edit_organisation_structure', 'organisation_structure', 'init_edit_organisation_structure', 'id', 'form', 'organisation_structure_ce', '', 'view', 'save_discard', NULL, 0, 0),
(229, 'Delete Organisation Structure', 'delete_organisation_structure', 'organisation_structure', 'delete_organisation_structure', '', 'no_view', '', '', 'delete', 'crud', 226, 1, 0),
(230, 'Save/Edit Organisation Structure', 'save_edit_organisation_structure', 'organisation_structure', 'save_organisation_structure', '', 'no_view', '', '', 'create', 'crud', 226, 1, 0),
(231, 'View Position Level', 'view_position_level', 'position_level', '', '', 'gridview', 'position_level_list', '', 'view', 'crud', NULL, 0, 0),
(232, 'Create Position Level', 'create_position_level', 'position_level', 'init_create_position_level', '', 'form', 'position_level_ce', '', 'view', 'save_discard', NULL, 0, 0),
(233, 'Edit Position Level', 'edit_position_level', 'position_level', 'init_edit_position_level', 'id', 'form', 'position_level_ce', '', 'view', 'save_discard', NULL, 0, 0),
(234, 'Delete Position Level', 'delete_position_level', 'position_level', 'delete_position_level', '', 'no_view', '', '', 'view', 'crud', 231, 1, 0),
(235, 'Save/Edit Position Level', 'save_edit_position_level', 'position_level', 'save_position_level', '', 'no_view', '', '', 'create', 'crud', 231, 1, 0),
(236, 'View Employee Contract Type', 'view_employee_contract_type', 'employee_contract_type', '', '', 'gridview', 'employee_contract_type_list', '', 'view', 'crud', NULL, 0, 0),
(237, 'Create Employee Contract Type', 'create_employee_contract_type', 'employee_contract_type', 'init_create_employee_contract_type', '', 'form', 'employee_contract_type_ce', '', 'view', 'save_discard', NULL, 0, 0),
(238, 'Edit Employee Contract Type', 'edit_employee_contract_type', 'employee_contract_type', 'init_edit_employee_contract_type', 'id', 'form', 'employee_contract_type_ce', '', 'view', 'save_discard', NULL, 0, 0),
(239, 'Delete Employee Contract Type', 'delete_employee_contract_type', 'employee_contract_type', 'delete_employee_contract_type', '', 'no_view', '', '', 'delete', 'crud', 236, 1, 0),
(240, 'Save/Edit Employee Contract', 'save_edit_employee_contract', 'employee_contract_type', 'save_employee_contract_type', '', 'no_view', '', '', 'create', 'crud', 236, 1, 0),
(241, 'View Bank', 'view_bank', 'bank', '', '', 'gridview', 'bank_list', '', 'view', 'crud', NULL, 0, 0),
(242, 'Create Bank', 'create_bank', 'bank', 'init_create_bank', '', 'form', 'bank_ce', '', 'create', 'save_discard', NULL, 0, 0),
(243, 'Edit Bank', 'edit_bank', 'bank', 'init_edit_bank', 'id', 'form', 'bank_ce', '', 'edit', 'save_discard', NULL, 0, 0),
(244, 'Delete Bank', 'delete_bank', 'bank', 'delete_bank', '', 'no_view', '', '', 'delete', 'crud', 241, 1, 0),
(245, 'Save/Edit Bank', 'save_edit_bank', 'bank', 'save_bank', '', 'no_view', '', '', 'create', 'crud', 241, 1, 0),
(246, 'View Payment Receipt', 'view_payment_receipt', 'payment_receipt', '', '', 'gridview', 'payment_receipt_list', NULL, 'view', 'crud', NULL, 0, 0),
(247, 'Create Payment Receipt', 'create_payment_receipt', 'payment_receipt', 'init_create_payment_receipt', '', 'form', 'payment_receipt_ce', NULL, 'view', 'save_discard', NULL, 0, 0),
(248, 'Edit Payment Receipt', 'edit_payment_receipt', 'payment_receipt', 'init_edit_payment_receipt', 'id', 'form', 'payment_receipt_ce', NULL, 'view', 'save_discard', NULL, 0, 0),
(249, 'Save/Edit Payment Receipt', 'save_edit_payment_receipt', 'payment_receipt', 'save_payment_receipt', '', 'no_view', '', '', 'create', 'crud', 246, 1, 0),
(250, 'Delete Payment Receipt', 'delete_payment_receipt', 'payment_receipt', 'delete_payment_receipt', '', 'no_view', '', '', 'delete', 'crud', 246, 1, 0),
(251, 'Receive Payment From PO', 'receive_payment_from_po', 'payment_receipt', 'receive_payment_from_po', 'id', 'no_view', '', NULL, 'create', 'crud', 102, 1, 0),
(252, 'Make Payment Receipt', 'make_payment_receipt', 'payment_receipt', 'make_payment_receipt', 'id', 'no_view', '', '', 'create', 'crud', 248, 1, 0),
(253, 'Cancel Payment Receipt', 'cancel_payment_receipt', 'payment_receipt', 'cancel_payment_receipt', '', 'no_view', '', '', 'update', 'crud', 246, 1, 0),
(254, 'View Stock Transaction', 'view_stock_transaction', 'stock_transaction', '', '', 'gridview', 'stock_transaction_list', NULL, 'view', 'crud', NULL, 0, 0),
(255, 'Create Stock Transaction', 'create_stock_transaction', 'stock_transaction', 'init_create_stock_transaction', '', 'form', 'stock_transaction_ce', NULL, 'view', 'save_discard', NULL, 0, 0),
(256, 'Edit Stock Transaction', 'edit_stock_transaction', 'stock_transaction', 'init_edit_stock_transaction', 'id', 'form', 'stock_transaction_ce', NULL, 'view', 'save_discard', NULL, 0, 0),
(257, 'Delete Stock Transaction', 'delete_stock_transaction', 'stock_transaction', 'delete_stock_transaction', '', 'no_view', '', NULL, 'delete', 'crud', 119, 1, 0),
(258, 'Save/Edit Stock Transaction', 'save_edit_stock_transaction', 'stock_transaction', 'save_stock_transaction', '', 'no_view', '', '', 'create', 'crud', 254, 1, 0),
(259, 'Post Stock Transaction', 'post_stock_transaction', 'stock_transaction', 'post_stock_transaction', 'id', 'no_view', '', '', 'update', 'crud', 254, 1, 0),
(260, 'Unpost Stock Transaction', 'unpost_stock_transaction', 'stock_transaction', 'unpost_stock_transaction', 'id', 'no_view', '', '', 'update', 'crud', 254, 1, 0),
(261, 'Transfer Good Receive', 'transfer_good_receive', 'gr', 'transfer_gr', 'id', 'no_view', '', NULL, 'update', 'crud', 69, 1, 0),
(262, 'View Activity', 'view_activity', 'announcement', 'init_view_announcement', '', 'no_view', 'announcement_list', '', 'view', 'crud', NULL, 0, 0),
(263, 'Make Working Schedule', 'make_working_schedule', 'quotation', 'make_working_schedule', '', 'no_view', '', '', 'create', 'crud', 145, 1, 0),
(264, 'Validate Inquiry', 'validate_inquiry', 'inquiry', 'validate_inquiry', 'id', 'no_view', '', '', 'update', 'crud', 111, 1, 0),
(265, 'Validate Quotation', 'validate_quotation', 'quotation', 'validate_quotation', 'id', 'no_view', '', '', 'update', 'crud', 121, 1, 0),
(266, 'Validate Sales Order', 'validate_sales_order', 'so', 'validate_so', 'id', 'no_view', '', '', 'update', 'crud', 74, 1, 0),
(267, 'Confirm Sales Order', 'confirm_sales_order', 'so', 'confirm_so', 'id', 'no_view', '', '', 'update', 'crud', 131, 1, 0),
(268, 'View Fingerprint Device', 'view_fingerprint_device', 'fingerprint', '', '', 'gridview', 'fingerprint_device_list', '', 'view', 'crud', NULL, 0, 0),
(269, 'Create Fingerprint Device', 'create_fingerprint_device', 'fingerprint', 'init_create_fingerprint_device', '', 'form', 'fingerprint_device_ce', '', 'view', 'save_discard', NULL, 0, 0),
(270, 'Edit Fingerprint Device', 'edit_fingerprint_device', 'fingerprint', 'init_edit_fingerprint_device', 'id', 'form', 'fingerprint_device_ce', '', 'view', 'save_discard', NULL, 0, 0),
(271, 'Delete Fingerprint Device', 'delete_fingerprint_device', 'fingerprint', 'delete_fingerprint_device', '', 'no_view', '', '', 'delete', 'no_button', 268, 1, 0),
(272, 'Save/Edit Fingerprint Device', 'save_edit_fingerprint_device', 'fingerprint', 'save_fingerprint_device', '', 'no_view', '', '', 'create', 'no_button', 268, 1, 0),
(273, 'Activate Fingerprint', 'activate_fingerprint', 'fingerprint', 'activate_fingerprint', 'id', 'no_view', '', '', 'update', 'no_button', 270, 1, 0),
(274, 'Deactivate Fingerprint', 'deactivate_fingerprint', 'fingerprint', 'deactivate_fingerprint', 'id', 'no_view', '', '', 'update', 'no_button', 270, 1, 0),
(275, 'View Fingerprint Assign', 'view_fingerprint_assign', 'fingerprint_assign', '', '', 'gridview', 'fingerprint_assign_list', '', 'view', 'crud', NULL, 0, 0),
(276, 'Create Fingerprint Assign', 'create_fingerprint_assign', 'fingerprint_assign', 'init_create_fingerprint_assign', '', 'form', 'fingerprint_assign_ce', '', 'view', 'save_discard', NULL, 0, 0),
(277, 'Edit Fingerprint Assign', 'edit_fingerprint_assign', 'fingerprint_assign', 'init_edit_fingerprint_assign', 'id', 'form', 'fingerprint_assign_ce', '', 'view', 'save_discard', NULL, 0, 0),
(278, 'Delete Fingerprint Assign', 'delete_fingerprint_assign', 'fingerprint_assign', 'delete_fingerprint_assign', '', 'no_view', '', '', 'delete', 'no_button', 275, 1, 0),
(279, 'Save/Edit Fingerprint Assign', 'save_edit_fingerprint_assign', 'fingerprint_assign', 'save_fingerprint_assign', '', 'no_view', '', '', 'create', 'no_button', 275, 1, 0),
(280, 'Make SO Assignment', '', 'work_order', 'make_so_assignment', '', 'no_view', '', '', 'create', 'crud', 150, 1, 0),
(281, 'Assign Fingerprint Device', 'assign_fingerprint_device', 'fingerprint_assign', 'assign_fingerprint', 'id', 'no_view', '', '', 'view', 'no_button', 277, 1, 0),
(282, 'Unassign Fingerprint', 'unassign_fingerprint', 'fingerprint_assign', 'unassign_fingerprint', 'id', 'no_view', '', '', 'view', 'no_button', 277, 1, 0),
(283, 'Fingerprint Enroll', 'fingerprint_enroll', 'fingerprint', 'init_fingerprint_enroll', '', 'form', 'fingerprint_enroll_ce', '', 'create', 'save_discard', NULL, 0, 0),
(284, 'Save Fingerprint Enroll', 'save_fingerprint_enroll', 'fingerprint', 'save_fingerprint_enroll', '', 'no_view', '', '', 'create', 'no_button', 282, 1, 0),
(292, 'View BOM', 'view_bom', 'bom', '', NULL, 'gridview', 'bom_list', NULL, 'view', 'crud', NULL, 0, 0),
(293, 'Create BOM', 'create_bom', 'bom', 'init_create_bom', NULL, 'form', 'bom_ce', NULL, 'view', 'save_discard', NULL, 0, 0),
(294, 'Edit BOM', 'edit_bom', 'bom', 'init_edit_bom', 'id', 'form', 'bom_ce', '', 'view', 'save_discard', NULL, 0, 0),
(295, 'Delete BOM', 'delete_bom', 'bom', 'delete_bom', NULL, 'no_view', '', NULL, 'delete', 'no_button', 292, 1, 0),
(296, 'Save/Edit BOM', 'save_edit_bom', 'bom', 'save_bom', '', 'no_view', '', '', 'create', 'no_button', 292, 1, 0),
(297, 'Validate BOM', 'validate_bom', 'bom', 'validate_bom', 'id', 'no_view', '', '', 'update', 'no_button', 294, 1, 0),
(298, 'View Join item', 'view_join_item', 'join_item', '', '', 'gridview', 'join_item_list', '', 'view', 'crud', NULL, 0, 0),
(299, 'Create Join Item', 'create_join_item', 'join_item', 'init_create_join_item', '', 'form', 'join_item_ce', '', 'view', 'save_discard', NULL, 0, 0),
(300, 'Edit Join Item', 'edit_join_item', 'join_item', 'init_edit_join_item', 'id', 'form', 'join_item_ce', '', 'view', 'save_discard', NULL, 0, 0),
(301, 'Delete Join Item', 'delete_join_item', 'join_item', 'delete_join_item', '', 'no_view', '', '', 'delete', 'no_button', 298, 1, 0),
(302, 'Save/Edit Joint Item', 'save_edit_joint_item', 'join_item', 'save_join_item', '', 'no_view', '', '', 'create', 'no_button', 298, 1, 0),
(303, 'Transfer Join Item', 'transfer_join_item', 'join_item', 'transfer_join_item', 'id', 'no_view', '', '', 'update', 'no_button', 300, 1, 0),
(304, 'View Group', 'view_group', 'group', '', '', 'gridview', 'group_list', '', 'view', 'crud', NULL, 0, 0),
(305, 'Create Group', 'create_group', 'group', 'init_create_group', '', 'form', 'group_ce', '', 'view', 'save_discard', NULL, 0, 0),
(306, 'Edit Group', 'edit_group', 'group', 'init_edit_group', 'id', 'form', 'group_ce', '', 'view', 'save_discard', NULL, 0, 0),
(307, 'Delete Group', 'delete_group', 'group', 'delete_group', '', 'no_view', '', '', 'delete', 'no_button', 304, 1, 0),
(308, 'Save/Edit Group', 'save_edit_group', 'group', 'save_group', '', 'no_view', '', '', 'create', 'no_button', 304, 1, 0),
(309, 'View Configuration Parameter', 'view_configuration_parameter', 'app_config', '', '', 'gridview', 'app_config_list', '', 'view', 'crud', NULL, 0, 0),
(310, 'Create Configuration Parameter', 'create_configuration_parameter', 'app_config', 'init_create_app_config', '', 'form', 'app_config_ce', '', 'view', 'save_discard', NULL, 0, 0),
(311, 'Edit Configuration Parameter', 'edit_configuration_parameter', 'app_config', 'init_edit_app_config', 'id', 'form', 'app_config_ce', '', 'view', 'save_discard', NULL, 0, 0),
(312, 'Delete Configuration Parameter', 'delete_configuration_parameter', 'app_config', 'delete_app_config', '', 'no_view', '', '', 'delete', 'no_button', 309, 1, 0),
(313, 'Save/Edit Configuration Parameter', 'save_edit_configuration_parameter', 'app_config', 'save_app_config', '', 'no_view', '', '', 'create', 'no_button', 309, 0, 0),
(314, 'VIew Notification Setting', 'view_notification_setting', 'notification_setting', '', '', 'gridview', 'notification_setting_list', '', 'view', 'crud', NULL, 0, 0),
(315, 'Create Notification Setting', 'create_notification_setting', 'notification_setting', 'init_create_notification_setting', '', 'form', 'notification_setting_ce', '', 'view', 'save_discard', NULL, 0, 0),
(316, 'Edit Notification Setting', 'edit_notification_setting', 'notification_setting', 'init_edit_notification_setting', 'id', 'form', 'notification_setting_ce', '', 'view', 'save_discard', NULL, 0, 0),
(317, 'Delete Notification Setting', 'delete_notification_setting', 'notification_setting', 'delete_notification_setting', '', 'no_view', '', '', 'delete', 'no_button', 314, 1, 0),
(318, 'Save/Edit Notification Setting', 'save_edit_notification_setting', 'notification_setting', 'save_notification_setting', '', 'no_view', '', '', 'create', 'no_button', 314, 1, 0),
(319, 'View Product Definition', 'view_product_definition', 'product_definition', '', '', 'gridview', 'product_definition_list', '', 'create', 'crud', NULL, 0, 0),
(320, 'Create Product Definition', 'create_product_definition', 'product_definition', 'init_create_product_definition', '', 'form', 'product_definition_ce', '', 'view', 'save_discard', NULL, 0, 0),
(321, 'Edit Product Definition', 'edit_product_definition', 'product_definition', 'init_edit_product_definition', 'id', 'form', 'product_definition_ce', '', 'view', 'save_discard', NULL, 0, 0),
(322, 'Delete Product Definition', 'delete_product_definition', 'product_definition', '', '', 'no_view', '', '', 'delete', 'no_button', 319, 1, 0),
(323, 'Save/Edit Product Definition', 'save_edit_product_definition', 'product_definition', 'save_product_definition', '', 'no_view', '', '', 'create', 'no_button', 319, 1, 0),
(342, 'View Log Error', 'view_log_error', 'log_error', '', '', 'gridview', 'log_error_list', '', 'view', 'crud', NULL, 0, 0),
(343, 'Create Log Error', 'create_log_error', 'log_error', '', '', 'form', 'log_error_ce', '', 'view', 'save_discard', NULL, 0, 0),
(344, 'Save / Edit Log Error', 'save_edit_log_error', 'log_error', 'save_log_error', '', 'no_view', '', '', 'create', 'save_discard', 281, 0, 0),
(345, 'Edit Log  Error', 'edit_log_error', 'log_error', 'init_edit_log_error', 'id', 'form', 'log_error_ce', '', 'view', 'save_discard', NULL, 0, 0),
(346, 'Delete Log Error', 'delete_log_error', 'log_error', 'delete_log_error', '', 'no_view', '', '', 'delete', 'no_button', 281, 0, 0),
(347, 'Copy Record', 'copy_application_action', 'action', 'copy_application_action', '', 'no_view', '', '', 'create', 'no_button', 1, 0, 0),
(348, 'View Salary Type', 'view_salary_type', 'salary_type', '', '', 'gridview', 'salary_type_list', '', 'view', 'crud', NULL, 0, 0),
(349, 'Create Salary Type', 'create_salary_type', 'salary_type', '', '', 'form', 'salary_type_ce', '', 'view', 'save_discard', NULL, 0, 0),
(350, 'Save / Edit Salary Type', 'save_edit_salary_type', 'salary_type', 'save_salary_type', '', 'no_view', '', '', 'create', 'save_discard', 354, 0, 0),
(351, 'Edit Salary Type', 'edit_salary_type', 'salary_type', 'init_edit_salary_type', 'id', 'form', 'salary_type_ce', '', 'view', 'save_discard', NULL, 0, 0),
(352, 'Create Timesheet', 'create_timesheet', 'timesheet', 'init_create_timesheet', '', 'form', 'timesheet_ce', '', 'view', 'save_discard', NULL, 0, 0),
(353, 'View Salary Type', 'view_salary_type', 'salary_type', '', '', 'gridview', 'salary_type_list', '', 'view', 'crud', NULL, 0, 0),
(354, 'View Salary Type', 'view_salary_type', 'salary_type', '', '', 'gridview', 'salary_type_list', '', 'view', 'crud', NULL, 0, 0),
(355, 'Save / Edit Timesheet ', 'save_edit_timesheet', 'timesheet', 'save_timesheet', '', 'no_view', '', '', 'create', 'save_discard', 164, 0, 0),
(356, 'View Payroll Periode', 'view_payroll_periode', 'payroll_periode', '', '', 'gridview', 'payroll_periode_list', '', 'view', 'crud', NULL, 0, 0),
(357, 'Create Payroll Periode', 'create_payroll_periode', 'payroll_periode', '', '', 'form', 'payroll_periode_ce', '', 'view', 'save_discard', NULL, 0, 0),
(358, 'Save / Edit Log Error', 'save_edit_payroll_periode', 'payroll_periode', 'save_payroll_periode', '', 'no_view', '', '', 'create', 'save_discard', 297, 0, 0),
(359, 'Edit Payroll Periode', 'edit_payroll_periode', 'payroll_periode', 'init_edit_payroll_periode', 'id', 'form', 'payroll_periode_ce', '', 'view', 'save_discard_generate', NULL, 0, 0),
(360, 'Delete Payroll Periode', 'delete_payroll_periode', 'payroll_periode', 'delete_payroll_periode', '', 'no_view', '', '', 'delete', 'no_button', 297, 0, 0),
(361, 'View Request Overtime', 'view_overtime', 'overtime', '', '', 'gridview', 'overtime_list', '', 'view', 'crud', NULL, 0, 0),
(362, 'Create Request Overtime', 'create_overtime', 'overtime', '', '', 'form', 'overtime_ce', '', 'view', 'save_discard', NULL, 0, 0),
(363, 'Save / Edit Overtime', 'save_edit_overtime', 'overtime', 'save_overtime', '', 'no_view', '', '', 'create', 'save_discard', 302, 0, 0),
(364, 'Edit Overtime', 'edit_overtime', 'overtime', 'init_edit_overtime', 'id', 'form', 'overtime_ce', '', 'view', 'save_discard', NULL, 0, 0),
(365, 'Delete Overtime', 'delete_overtime', 'overtime', 'delete_overtime', '', 'no_view', '', '', 'delete', 'no_button', 302, 0, 0);
INSERT INTO `application_action` (`id_application_action`, `name`, `uname`, `controller`, `function_exec`, `function_args`, `view_type`, `view_file`, `prefix`, `action_type`, `action_button`, `target_action`, `use_log`, `need_claim`) VALUES
(366, 'Validate Overtime', 'validate_overtime', 'overtime', 'validate_overtime', 'id', 'no_view', '', '', 'update', 'crud', 302, 1, 0),
(367, 'View Insentive', 'insentive', 'insentive', '', '', 'gridview', 'insentive_list', '', 'view', 'crud', NULL, 0, 0),
(368, 'View Monitoring Timesheet ', 'view_monitoring_timesheet', 'timesheet', '', '', 'gridview', 'monitoring_timesheet_list', '', 'view', 'view_detail', NULL, 0, 0),
(369, 'Create Insentive', 'create_insentive', 'insentive', 'init_create_intensive', '', 'form', 'insentive_ce', '', 'view', 'save_discard', NULL, 0, 0),
(370, 'Save / Edit Insentive', 'save_edit_insentive', 'insentive', 'save_insentive', '', 'no_view', '', '', 'create', 'save_discard', 308, 0, 0),
(371, 'Edit Overtime', 'edit_overtime', 'overtime', 'init_edit_overtime', 'id', 'form', 'overtime_ce', '', 'view', 'save_discard', NULL, 0, 0),
(372, 'Delete Insentive', 'delete_insentive', 'insentive', 'delete_insentive', '', 'no_view', '', '', 'delete', 'no_button', 308, 0, 0),
(373, 'Validate Work Order', 'validate_work_order', 'work_order', 'validate_work_order', 'id', 'no_view', '', '', 'update', 'no_button', 129, 0, 0),
(374, 'Edit Timesheet', 'edit_timesheet', 'timesheet', 'init_edit_timesheet', 'id', 'form', 'timesheet_ce', '', 'view', 'save_discard', NULL, 0, 0),
(375, 'View Recruitment', 'view_recruitment', 'recruitment', '', '', 'gridview', 'recruitment_list', '', 'view', 'crud', NULL, 0, 0),
(376, 'Create Recruitment', 'create_recruitment', 'recruitment', 'init_create_recruitment', '', 'form', 'recruitment_ce', '', 'view', 'save_discard', NULL, 0, 0),
(377, 'Save/Edit Recruitment', 'save_edit_recruitment', 'recruitment', 'save_recruitment', '', 'no_view', '', '', 'create', 'save_discard', 375, 0, 0),
(378, 'Delete Recruitment', 'delete_recruitment', 'recruitment', 'delete_recruitment', '', 'no_view', '', '', 'view', 'crud', 375, 0, 0),
(379, 'Edit Recruitment', 'edit_recruitment', 'recruitment', 'init_edit_recruitment', 'id', 'form', 'recruitment_ce', '', 'view', 'save_discard', NULL, 0, 0),
(380, 'View Request Overtime', 'view_overtime', 'overtime', '', '', 'gridview', 'overtime_list', '', 'view', 'crud', NULL, 0, 0),
(381, 'Create Request Overtime', 'create_overtime', 'overtime', 'init_create_overtime', '', 'form', 'overtime_ce', '', 'view', 'save_discard', NULL, 0, 0),
(382, 'Save/Edit Overtime', 'save_edit_overtime', 'overtime', 'save_overtime', '', 'no_view', '', '', 'create', 'save_discard', 380, 0, 0),
(383, 'Delete Overtime', 'delete_overtime', 'overtime', 'delete_overtime', '', 'no_view', '', '', 'view', 'crud', 380, 0, 0),
(384, 'Edit Overtime', 'edit_overtime', 'overtime', 'init_edit_overtime', 'id', 'form', 'overtime_ce', '', 'view', 'save_discard', NULL, 0, 0),
(385, 'Validate Overtime', 'validate_overtime', 'overtime', 'validate_overtime', 'id', 'no_view', '', '', 'update', 'no_button', 380, 0, 0),
(386, 'View Insentive', 'view_insentive', 'insentive', '', '', 'gridview', 'insentive_list', '', 'view', 'crud', NULL, 0, 0),
(387, 'Create Request Insentive', 'create_insentive', 'insentive', 'init_create_insentive', '', 'form', 'insentive_ce', '', 'view', 'save_discard', NULL, 0, 0),
(388, 'Save/Edit Insentive', 'save_edit_insentive', 'insentive', 'save_insentive', '', 'no_view', '', '', 'create', 'save_discard', 386, 0, 0),
(389, 'Delete Insentive', 'delete_insentive', 'insentive', 'delete_insentive', '', 'no_view', '', '', 'view', 'crud', 386, 0, 0),
(390, 'Edit Insentive', 'edit_insentive', 'insentive', 'init_edit_insentive', 'id', 'form', 'insentive_ce', '', 'view', 'save_discard', NULL, 0, 0),
(391, 'Delete Salary Type', 'delete_salary_type', 'salary_type', 'delete_salary_type', '', 'no_view', '', '', 'delete', 'crud', 354, 1, 0),
(392, 'Save/Edit Payroll Periode', 'save_edit_payroll_periode', 'payroll_periode', 'save_payroll_periode', '', 'no_view', '', '', 'create', 'save_discard', 356, 0, 0),
(393, 'View Detail Payroll Period', 'view_detail_payroll_period', 'payroll_periode', 'init_view_detail_payroll', 'id,wo,date_start,date_finished', 'gridview', 'detail_payroll_periode_list', '', 'view', 'discard', NULL, 0, 0),
(394, 'View Detail Inquiry', 'view_detail_inquiry', 'inquiry', 'init_view', 'id', 'form', 'inquiry_ce', NULL, 'view', 'edit_discard', NULL, 0, 0),
(395, 'View Detail Quotation', 'view_detail_quotation', 'quotation', 'init_view', 'id', 'form', 'quotation_ce', '', 'view', 'edit_discard', NULL, 0, 0),
(396, 'View Detail Sales Order', 'view_detail_sales_order', 'so', 'init_view', 'id', 'form', 'so_ce', '', 'view', 'edit_discard', NULL, 0, 0),
(397, 'View Detail Work Order', 'view_detail_work_order', 'work_order', 'init_view', 'id', 'form', 'work_order_ce', '', 'view', 'edit_discard', NULL, 0, 0),
(398, 'View Detail Customer', 'view_detail_customer', 'customer', 'init_view', 'id', 'form', 'customer_ce', '', 'view', 'edit_discard', NULL, 0, 0),
(399, 'View Detail Product Definition', 'view_detail_product_definition', 'product_definition', 'init_view', 'id', 'form', 'product_definition_ce', '', 'view', 'edit_discard', NULL, 0, 0),
(400, 'View Timesheet Device Log', 'view_timesheet_device_log', 'timesheet', 'view_timesheet_device_log', '', 'gridview', 'timesheet_device_log', '', 'view', 'no_button', NULL, 0, 0),
(401, 'View Cost Element', 'view_cost_element', 'quotation', 'init_view_cost_element', 'id_quote', 'gridview', 'cost_element_list', '', 'view', 'save', NULL, 0, 0),
(402, 'View Cost Element Template', 'view_cost_element_template', 'cost_element', 'init_view_cost_element', '', 'gridview', 'cost_element_list', '', 'view', 'crud', NULL, 0, 0),
(403, 'Create Cost Element Template', 'create_cost_element', 'cost_element', 'init_create_cost_element_template', '', 'form', 'cost_element_ce', '', 'view', 'save_discard', NULL, 0, 0),
(404, 'View Invoice', 'view_invoice', 'invoice', '', '', 'gridview', 'invoice_list', '', 'view', 'crud', NULL, 0, 0),
(405, 'Create Invoice', 'create_invoice', 'invoice', 'init_create_invoice', '', 'form', 'invoice_ce', '', 'view', 'save_discard', NULL, 0, 0),
(406, 'Save/Edit Invoice', 'save_edit_invoice', 'invoice', 'save_invoice', '', 'no_view', '', '', 'create', 'save_discard', 404, 0, 0),
(407, 'Import Excel Recruitment', 'view_import_xls', 'import_xls', 'import_show', '', 'form', 'import_xls_ce', '', 'view', 'save_discard', NULL, 0, 0),
(410, 'Validate Work Order', 'validate_work_order', 'work_order', 'validate_work_order', 'id', 'no_view', '', '', 'update', 'no_button', NULL, 0, 0),
(411, 'Save Cost Element', 'save_cost_element', 'quotation', '', '', 'no_view', '', '', 'view', 'no_button', 121, 1, 0),
(412, 'View Cost Element', 'view_cost_element_2', 'cost_element', '', '', 'gridview', 'cost_element_master_list', '', 'view', 'crud', NULL, 0, 0),
(413, 'Create Cost Element', 'create_cost_element_2', 'cost_element', '', '', 'form', 'cost_element_master_ce', '', 'view', 'save_discard', NULL, 0, 0),
(414, 'Edit Cost Element', 'edit_cost_element', 'cost_element', 'init_edit_cost_element', 'id', 'form', 'cost_element_master_ce', '', 'view', 'save_discard', NULL, 0, 0),
(415, 'Delete Cost Element', 'delete_cost_element', 'cost_element', 'delete_cost_element', '', 'no_view', '', '', 'delete', 'no_button', 412, 1, 0),
(416, 'Save/Edit Cost Element', 'save_edit_cost_element', 'cost_element', 'save_cost_element', '', 'no_view', '', '', 'create', 'no_button', 412, 1, 0),
(417, 'View Detail Cost Element', 'view_detail_cost_element', 'cost_element', 'init_view_detail_cost_element', 'id', 'form', 'cost_element_master_ce', '', 'view', 'no_button', NULL, 0, 0),
(418, 'Generate Payslip', 'generate_payslip', 'payslip', 'generate_payslip', '', 'no_view', '', '', 'view', 'no_button', 419, 1, 0),
(419, 'View Payslip', 'view_payslip', 'payslip', 'init_view_payslip', '', 'gridview', 'payslip_list', '', 'view', 'view_detail', NULL, 0, 0),
(420, 'View Detail Payslip', 'view_detail_payslip', 'payslip', 'init_view_detail_payslip', 'id', 'form', 'payslip_ce', '', 'view', 'discard', NULL, 0, 0),
(421, 'Edit Invoice', 'edit_invoice', 'invoice', 'init_edit_invoice', 'id', 'form', 'invoice_ce', '', 'view', 'save_discard', NULL, 0, 0);

-- --------------------------------------------------------

--
-- Table structure for table `application_action_conditioner`
--

CREATE TABLE IF NOT EXISTS `application_action_conditioner` (
  `id_application_action_conditioner` int(11) NOT NULL AUTO_INCREMENT,
  `identifier` varchar(45) NOT NULL,
  `target_action` int(11) NOT NULL,
  `action` int(11) NOT NULL,
  PRIMARY KEY (`id_application_action_conditioner`),
  KEY `fk_application_action_conditioner_application_action1_idx` (`target_action`),
  KEY `fk_application_action_conditioner_application_action2_idx` (`action`)
) ENGINE=InnoDB  DEFAULT CHARSET=latin1 AUTO_INCREMENT=8 ;

--
-- Dumping data for table `application_action_conditioner`
--

INSERT INTO `application_action_conditioner` (`id_application_action_conditioner`, `identifier`, `target_action`, `action`) VALUES
(1, 'validate', 99, 61),
(2, 'from_po', 69, 71),
(3, 'make_payment', 252, 249),
(4, 'validate', 264, 113),
(5, 'validate', 265, 123),
(6, 'validate', 266, 76),
(7, 'assign_fingerprint', 281, 279);

-- --------------------------------------------------------

--
-- Table structure for table `application_config`
--

CREATE TABLE IF NOT EXISTS `application_config` (
  `id_config` int(11) NOT NULL AUTO_INCREMENT,
  `name` varchar(45) NOT NULL,
  `data_type` varchar(10) NOT NULL,
  `value` text NOT NULL,
  PRIMARY KEY (`id_config`)
) ENGINE=InnoDB  DEFAULT CHARSET=latin1 AUTO_INCREMENT=19 ;

--
-- Dumping data for table `application_config`
--

INSERT INTO `application_config` (`id_config`, `name`, `data_type`, `value`) VALUES
(1, 'incoming_mail_server', 'string', 'iix21.rumahweb.com'),
(2, 'outgoing_mail_server', 'string', 'iix21.rumahweb.com'),
(3, 'application_email', 'string', 'bazcorp@wahanausaha.co.id'),
(5, 'application_email_password', 'password', 'bazcorp12'),
(6, 'incoming_mail_server_port', 'string', '995'),
(7, 'outgoing_mail_server_port', 'string', '465'),
(8, 'incoming_mail_server_encrypt', 'string', 'ssl'),
(9, 'outgoing_mail_server_encrypt', 'string', 'ssl'),
(10, 'application_email_name', 'string', 'Bazsystem'),
(11, 'company_name', 'string', 'P.T Bazcorp Citra Indonesia'),
(12, 'company_address', 'string', 'Jl.Rawa Buntu Serpong No.1 BSD City, Tangerang 15322, Indonesia'),
(13, 'default_email_notification_header', 'string', 'This email send by system on behalf of '),
(14, 'default_email_subject', 'string', 'Auto Notification - '),
(15, 'report_temp_directory_path', 'string', 'C:\\\\xampp\\htdocs\\bazcorp\\images\\upload\\'),
(16, 'wkhtmltopdf_bin_path', 'string', 'wkhtmltopdf.exe'),
(17, 'temp_file_path', 'string', '../images/upload/'),
(18, 'node_js_server', 'string', 'http://127.0.0.1:3000');

-- --------------------------------------------------------

--
-- Table structure for table `application_side_menu`
--

CREATE TABLE IF NOT EXISTS `application_side_menu` (
  `id_application_menu` int(11) NOT NULL AUTO_INCREMENT,
  `name` varchar(45) NOT NULL,
  `type` varchar(15) NOT NULL,
  `parent` int(11) DEFAULT NULL,
  `division` int(11) DEFAULT NULL,
  `index` int(11) NOT NULL,
  `controller` varchar(45) DEFAULT NULL,
  `action` int(11) DEFAULT NULL,
  `default_menu` int(11) DEFAULT NULL,
  PRIMARY KEY (`id_application_menu`),
  KEY `fk_application_side_menu_application_side_menu1_idx` (`parent`),
  KEY `fk_application_side_menu_division1_idx` (`division`),
  KEY `fk_application_side_menu_application_action1_idx` (`action`),
  KEY `fk_application_side_menu_application_side_menu2_idx` (`default_menu`)
) ENGINE=InnoDB  DEFAULT CHARSET=latin1 AUTO_INCREMENT=176 ;

--
-- Dumping data for table `application_side_menu`
--

INSERT INTO `application_side_menu` (`id_application_menu`, `name`, `type`, `parent`, `division`, `index`, `controller`, `action`, `default_menu`) VALUES
(5, 'Technical Features', 'group', 76, NULL, 2, NULL, NULL, NULL),
(6, 'Side Menu', 'child', 5, NULL, 1, NULL, 5, NULL),
(52, 'Application Action', 'child', 5, 9, 2, NULL, 1, NULL),
(58, 'Division', 'child', 5, 9, 3, NULL, 11, NULL),
(59, 'Document', 'group', 78, NULL, 1, NULL, NULL, NULL),
(60, 'Purchase Order', 'child', 59, 5, 1, NULL, 57, NULL),
(63, 'Master Data', 'group', 78, NULL, 2, NULL, NULL, NULL),
(64, 'Product', 'child', 63, 5, 1, NULL, 21, NULL),
(65, 'Product Category', 'child', 63, NULL, 2, NULL, 31, NULL),
(66, 'Role', 'child', 5, 9, 4, NULL, 16, NULL),
(67, 'Configuration Parameter', 'child', 5, 9, 5, NULL, NULL, NULL),
(68, 'Supplier', 'child', 63, 5, 3, NULL, 26, NULL),
(76, 'Settings', 'top-menu', NULL, NULL, 8, 'administrator', NULL, NULL),
(77, 'Dashboard', 'top-menu', NULL, NULL, 1, 'dashboard', NULL, NULL),
(78, 'GA', 'top-menu', NULL, NULL, 6, 'ga', NULL, NULL),
(79, 'Warehouse', 'top-menu', NULL, NULL, 7, 'warehouse', NULL, NULL),
(80, 'HR', 'top-menu', NULL, NULL, 4, 'hr', NULL, NULL),
(81, 'Finance', 'top-menu', NULL, NULL, 5, 'finance', NULL, NULL),
(82, 'Bus Dev', 'top-menu', NULL, NULL, 2, 'sales', NULL, NULL),
(83, 'Document', 'group', 79, NULL, 1, NULL, NULL, NULL),
(84, 'Master', 'group', 79, NULL, 3, NULL, NULL, NULL),
(85, 'Good Receive', 'child', 83, NULL, 1, NULL, 67, NULL),
(86, 'Material Request', 'child', 83, NULL, 2, NULL, 77, NULL),
(87, 'Delivery Notes', 'child', 83, NULL, 3, NULL, 83, NULL),
(88, 'Process', 'group', 79, NULL, 2, NULL, NULL, NULL),
(89, 'Stock Adjusment', 'child', 88, NULL, 1, NULL, NULL, NULL),
(90, 'Stock Opname', 'child', 88, NULL, 2, NULL, NULL, NULL),
(91, 'Warehouse', 'child', 84, NULL, 1, NULL, 47, NULL),
(92, 'View Stock', 'child', 84, NULL, 2, NULL, 93, NULL),
(93, 'Document', 'group', 81, NULL, 1, NULL, NULL, NULL),
(95, 'Payment Receipt', 'child', 93, NULL, 2, NULL, NULL, NULL),
(96, 'Purchase Order ', 'child', 93, NULL, 3, NULL, 57, NULL),
(97, 'Sales Order', 'child', 93, NULL, 4, NULL, 72, NULL),
(102, 'Document', 'group', 82, NULL, 1, NULL, NULL, NULL),
(103, 'Master', 'group', 82, NULL, 2, NULL, NULL, NULL),
(104, 'Quotation', 'child', 102, NULL, 3, NULL, 119, NULL),
(106, 'Customer', 'child', 103, NULL, 1, NULL, 41, NULL),
(107, 'Merk', 'child', 63, NULL, 4, NULL, 36, NULL),
(108, 'General', 'group', 76, NULL, 1, NULL, NULL, NULL),
(109, 'Users', 'child', 108, NULL, 1, NULL, 62, NULL),
(110, 'Unit Measure', 'child', 108, NULL, 2, NULL, 88, NULL),
(112, 'OPS', 'top-menu', NULL, NULL, 3, 'ops', NULL, NULL),
(113, 'Sales Order', 'child', 102, NULL, 4, NULL, 72, NULL),
(114, 'Work Order', 'child', 102, NULL, 5, NULL, 129, NULL),
(115, 'Document', 'group', 80, NULL, 1, NULL, NULL, NULL),
(116, 'Master', 'group', 80, NULL, 3, NULL, NULL, NULL),
(117, 'Document', 'group', 112, NULL, 1, NULL, NULL, NULL),
(118, 'Work Order', 'child', 117, NULL, 1, NULL, 129, NULL),
(119, 'Assessment Template', 'child', 103, NULL, 2, NULL, 72, NULL),
(120, 'Project Schedule', 'child', 117, NULL, 2, NULL, 144, NULL),
(122, 'SO Assignment', 'child', 117, NULL, 3, NULL, 149, NULL),
(123, 'Shift Change', 'child', 117, NULL, 4, NULL, 154, NULL),
(124, 'Leave Application', 'child', 117, NULL, 5, NULL, 159, NULL),
(125, 'Master', 'group', 112, NULL, 2, NULL, NULL, NULL),
(126, 'SO Database', 'child', 125, NULL, 1, NULL, 72, NULL),
(127, 'Employee Database', 'child', 116, NULL, 1, NULL, 94, NULL),
(128, 'Database Interface', 'child', 5, NULL, 6, NULL, 224, NULL),
(129, 'Database Field Interface', 'child', 5, NULL, 7, NULL, 104, NULL),
(130, 'Timesheet', 'child', 133, NULL, 2, NULL, 164, NULL),
(131, 'Payroll', 'child', 115, NULL, 2, NULL, 179, NULL),
(132, 'Recruitment', 'child', 133, NULL, 1, NULL, 375, NULL),
(133, 'Process', 'group', 80, NULL, 2, NULL, NULL, NULL),
(134, 'Inquiry', 'child', 102, NULL, 1, NULL, 109, NULL),
(135, 'Organisation Structure', 'child', 116, NULL, 2, NULL, 226, NULL),
(136, 'Position Level', 'child', 116, NULL, 3, NULL, 231, NULL),
(137, 'Empoyee Contract Type', 'child', 116, NULL, 4, NULL, 236, NULL),
(139, 'Cash Register', 'child', 93, NULL, 5, NULL, 199, NULL),
(140, 'Bank Statement', 'child', 93, NULL, 6, NULL, 194, NULL),
(141, 'Master', 'group', 81, NULL, 2, NULL, NULL, NULL),
(142, 'Chart of Account', 'child', 141, NULL, 1, NULL, 209, NULL),
(148, 'Bank', 'child', 141, NULL, 2, NULL, 241, NULL),
(149, 'Purchase Payment', 'child', 93, NULL, 7, NULL, 246, NULL),
(150, 'Stock Transaction', 'child', 88, NULL, 3, NULL, 254, NULL),
(151, 'General', 'group', 77, NULL, 1, NULL, NULL, NULL),
(152, 'Activity', 'child', 151, NULL, 1, NULL, 262, NULL),
(153, 'Notification', 'child', 151, NULL, 2, NULL, 262, NULL),
(154, 'Work Order', 'child', 115, NULL, 0, NULL, 129, NULL),
(155, 'Work Order', 'child', 93, NULL, 0, NULL, 129, NULL),
(156, 'Work Order', 'child', 59, NULL, 1, NULL, 129, NULL),
(157, 'Fingerprint Device', 'child', 5, NULL, 7, NULL, 268, NULL),
(158, 'Assign Fingerprint Device', 'child', 117, NULL, 6, NULL, 275, NULL),
(159, 'Fingerprint Enroll', 'child', 125, NULL, 4, NULL, 283, NULL),
(160, 'View Group', 'child', 108, NULL, 3, NULL, 304, NULL),
(161, 'Configuration Parameter', 'child', 5, NULL, 8, NULL, 309, NULL),
(162, 'Notification Setting', 'child', 108, NULL, 4, NULL, 314, NULL),
(163, 'Product Definition', 'child', 103, NULL, 3, NULL, 319, NULL),
(164, 'Overtime', 'child', 133, 9, 3, 'overtime', 380, NULL),
(165, 'Insentive', 'child', 133, 9, 4, 'insentive', 386, NULL),
(166, 'Salary Type', 'child', 116, 9, 6, 'salary_type', 354, NULL),
(167, 'Payroll Periode', 'child', 133, 9, 5, 'payroll_periode', 356, NULL),
(168, 'Monitor Timesheet', 'child', 116, NULL, 7, NULL, 368, NULL),
(169, 'BOM', 'child', 63, NULL, 4, NULL, 292, NULL),
(170, 'Timesheet Device Log', 'child', 116, NULL, 8, NULL, 400, NULL),
(171, 'View Incident', 'child', 117, NULL, 3, NULL, 174, NULL),
(172, 'Cost Element', 'child', 103, NULL, 6, NULL, 401, NULL),
(173, 'Invoice', 'child', 93, NULL, 4, NULL, 404, NULL),
(174, 'Cost Element', 'child', 141, NULL, 4, NULL, 412, NULL),
(175, 'Payslip', 'child', 115, NULL, 7, NULL, 419, NULL);

-- --------------------------------------------------------

--
-- Table structure for table `area_rotation`
--

CREATE TABLE IF NOT EXISTS `area_rotation` (
  `id` int(10) unsigned NOT NULL AUTO_INCREMENT,
  `work_order_id` int(11) DEFAULT NULL,
  `tahun` year(4) DEFAULT NULL,
  `bulan` varchar(2) DEFAULT NULL,
  `employee_id` int(11) DEFAULT NULL,
  `01` varchar(2) DEFAULT NULL,
  `02` varchar(2) DEFAULT NULL,
  `03` varchar(2) DEFAULT NULL,
  `04` varchar(2) DEFAULT NULL,
  `05` varchar(2) DEFAULT NULL,
  `06` varchar(2) DEFAULT NULL,
  `07` varchar(2) DEFAULT NULL,
  `08` varchar(2) DEFAULT NULL,
  `09` varchar(2) DEFAULT NULL,
  `d10` varchar(2) DEFAULT NULL,
  `d11` varchar(2) DEFAULT NULL,
  `d12` varchar(2) DEFAULT NULL,
  `d13` varchar(2) DEFAULT NULL,
  `d14` varchar(2) DEFAULT NULL,
  `d15` varchar(2) DEFAULT NULL,
  `d16` varchar(2) DEFAULT NULL,
  `d17` varchar(2) DEFAULT NULL,
  `d18` varchar(2) DEFAULT NULL,
  `d19` varchar(2) DEFAULT NULL,
  `d20` varchar(2) DEFAULT NULL,
  `d21` varchar(2) DEFAULT NULL,
  `d22` varchar(2) DEFAULT NULL,
  `d23` varchar(2) DEFAULT NULL,
  `d24` varchar(2) DEFAULT NULL,
  `d25` varchar(2) DEFAULT NULL,
  `d26` varchar(2) DEFAULT NULL,
  `d27` varchar(2) DEFAULT NULL,
  `d28` varchar(2) DEFAULT NULL,
  `d29` varchar(2) DEFAULT NULL,
  `d30` varchar(2) DEFAULT NULL,
  `d31` varchar(2) DEFAULT NULL,
  PRIMARY KEY (`id`)
) ENGINE=InnoDB DEFAULT CHARSET=latin1 AUTO_INCREMENT=1 ;

-- --------------------------------------------------------

--
-- Table structure for table `bank`
--

CREATE TABLE IF NOT EXISTS `bank` (
  `id_bank` int(11) NOT NULL AUTO_INCREMENT,
  `name` varchar(25) NOT NULL,
  `branch` varchar(100) NOT NULL,
  `address` text NOT NULL,
  `contact` varchar(100) DEFAULT NULL,
  PRIMARY KEY (`id_bank`)
) ENGINE=InnoDB  DEFAULT CHARSET=latin1 AUTO_INCREMENT=13 ;

--
-- Dumping data for table `bank`
--

INSERT INTO `bank` (`id_bank`, `name`, `branch`, `address`, `contact`) VALUES
(1, 'BCA', 'Jakarta', 'Jakarta', 'Test'),
(2, 'Mandiri', '', '', NULL),
(3, 'BNI', '', '', NULL),
(4, 'BRI', '', '', NULL),
(5, 'BTN', '', '', NULL),
(6, 'BII', '', '', NULL),
(7, 'Citibank', '', '', NULL),
(8, 'Permata', '', '', NULL),
(9, 'Danamon', '', '', NULL),
(10, 'CIMB Niaga', '', '', NULL),
(11, 'Mega', '', '', NULL),
(12, 'Muamalat', '', '', NULL);

-- --------------------------------------------------------

--
-- Table structure for table `bank_statement`
--

CREATE TABLE IF NOT EXISTS `bank_statement` (
  `id_bank_statement` int(11) NOT NULL AUTO_INCREMENT,
  `account` int(11) NOT NULL,
  `amount` float NOT NULL,
  `description` text NOT NULL,
  `recipient` varchar(45) NOT NULL,
  `status` varchar(45) NOT NULL,
  `date` date NOT NULL,
  PRIMARY KEY (`id_bank_statement`)
) ENGINE=InnoDB  DEFAULT CHARSET=utf8 AUTO_INCREMENT=2 ;

--
-- Dumping data for table `bank_statement`
--

INSERT INTO `bank_statement` (`id_bank_statement`, `account`, `amount`, `description`, `recipient`, `status`, `date`) VALUES
(1, 2, 1000000, 'test', 'BCA', 'out', '2015-01-15');

-- --------------------------------------------------------

--
-- Table structure for table `bom`
--

CREATE TABLE IF NOT EXISTS `bom` (
  `id_bom` int(11) NOT NULL AUTO_INCREMENT,
  `name` varchar(45) NOT NULL,
  `status` varchar(45) NOT NULL,
  `product` bigint(20) NOT NULL,
  PRIMARY KEY (`id_bom`),
  UNIQUE KEY `product_UNIQUE` (`product`),
  KEY `fk_bom_product1_idx` (`product`)
) ENGINE=InnoDB  DEFAULT CHARSET=latin1 AUTO_INCREMENT=6 ;

--
-- Dumping data for table `bom`
--

INSERT INTO `bom` (`id_bom`, `name`, `status`, `product`) VALUES
(2, 'Test', 'draft', 2),
(3, 'Security Office', 'draft', 4),
(4, 'Shift Leader', 'draft', 6),
(5, 'Security Supervisor', 'draft', 5);

-- --------------------------------------------------------

--
-- Table structure for table `cash_register`
--

CREATE TABLE IF NOT EXISTS `cash_register` (
  `id_cash_register` int(11) NOT NULL AUTO_INCREMENT,
  `account` int(11) NOT NULL,
  `amount` float NOT NULL,
  `date` date NOT NULL,
  `description` text NOT NULL,
  `status` varchar(45) NOT NULL,
  PRIMARY KEY (`id_cash_register`)
) ENGINE=InnoDB  DEFAULT CHARSET=utf8 AUTO_INCREMENT=3 ;

--
-- Dumping data for table `cash_register`
--

INSERT INTO `cash_register` (`id_cash_register`, `account`, `amount`, `date`, `description`, `status`) VALUES
(1, 1, 1000, '2015-01-23', 'ok', 'debit'),
(2, 1, 100000, '2015-02-07', 'ok 2', 'out');

-- --------------------------------------------------------

--
-- Table structure for table `chart_of_account`
--

CREATE TABLE IF NOT EXISTS `chart_of_account` (
  `id_chart_of_account` int(11) NOT NULL AUTO_INCREMENT,
  `account_number` varchar(45) NOT NULL,
  `name` varchar(45) NOT NULL,
  `parent` int(11) DEFAULT NULL,
  `index` int(11) DEFAULT NULL,
  `type` varchar(45) DEFAULT NULL,
  PRIMARY KEY (`id_chart_of_account`)
) ENGINE=InnoDB  DEFAULT CHARSET=utf8 AUTO_INCREMENT=4 ;

--
-- Dumping data for table `chart_of_account`
--

INSERT INTO `chart_of_account` (`id_chart_of_account`, `account_number`, `name`, `parent`, `index`, `type`) VALUES
(1, '1001', 'Cash', 0, 1, 'debit'),
(2, '1002', 'Bank', 0, 1, 'debit'),
(3, '1003', 'Cash Bank', 1, 1, 'debit');

-- --------------------------------------------------------

--
-- Table structure for table `ci_sessions`
--

CREATE TABLE IF NOT EXISTS `ci_sessions` (
  `session_id` varchar(40) NOT NULL DEFAULT '0',
  `ip_address` varchar(45) NOT NULL DEFAULT '0',
  `user_agent` varchar(120) NOT NULL,
  `last_activity` int(10) unsigned NOT NULL DEFAULT '0',
  `user_data` text NOT NULL,
  PRIMARY KEY (`session_id`),
  KEY `last_activity_idx` (`last_activity`)
) ENGINE=InnoDB DEFAULT CHARSET=latin1;

--
-- Dumping data for table `ci_sessions`
--

INSERT INTO `ci_sessions` (`session_id`, `ip_address`, `user_agent`, `last_activity`, `user_data`) VALUES
('90316d2da33b3f8bb8bc4aeeabc73bac', '::1', 'Mozilla/5.0 (Windows NT 6.2; WOW64) AppleWebKit/537.36 (KHTML, like Gecko) Chrome/39.0.2171.95 Safari/537.36', 1418625171, 'a:10:{s:9:"user_data";s:0:"";s:10:"app_userid";s:1:"2";s:12:"app_username";s:6:"system";s:12:"app_fullname";s:12:"System Admin";s:8:"app_role";s:13:"administrator";s:11:"app_role_id";s:1:"1";s:10:"app_div_id";N;s:12:"app_div_name";s:5:"admin";s:13:"is_dialog_set";b:0;s:4:"page";s:15:"dahsboard/index";}');

-- --------------------------------------------------------

--
-- Table structure for table `city`
--

CREATE TABLE IF NOT EXISTS `city` (
  `id_city` int(11) NOT NULL AUTO_INCREMENT,
  `name` varchar(45) NOT NULL,
  `state` int(11) NOT NULL,
  PRIMARY KEY (`id_city`),
  KEY `fk_city_state1_idx` (`state`)
) ENGINE=InnoDB  DEFAULT CHARSET=latin1 AUTO_INCREMENT=500 ;

--
-- Dumping data for table `city`
--

INSERT INTO `city` (`id_city`, `name`, `state`) VALUES
(1, 'Aceh Barat', 11),
(2, 'Aceh Barat Daya', 11),
(3, 'Aceh Besar', 11),
(4, 'Aceh Jaya', 11),
(5, 'Aceh Selatan', 11),
(6, 'Aceh Singkil', 11),
(7, 'Aceh Tamiang', 11),
(8, 'Aceh Tengah', 11),
(9, 'Aceh Tenggara', 11),
(10, 'Aceh Timur', 11),
(11, 'Aceh Utara', 11),
(12, 'Agam', 13),
(13, 'Alor', 53),
(14, 'Ambon', 81),
(15, 'Asahan', 12),
(16, 'Asmat', 94),
(17, 'Badung', 51),
(18, 'Balangan', 63),
(19, 'Balikpapan', 64),
(20, 'Banda Aceh', 11),
(21, 'Bandar Lampung', 18),
(22, 'Bandung', 32),
(23, 'Bandung', 32),
(24, 'Bandung Barat', 32),
(25, 'Banggai', 72),
(26, 'Banggai Kepulauan', 72),
(27, 'Bangka', 19),
(28, 'Bangka Barat', 19),
(29, 'Bangka Selatan', 19),
(30, 'Bangka Tengah', 19),
(31, 'Bangkalan', 35),
(32, 'Bangli', 51),
(33, 'Banjar', 63),
(34, 'Banjar', 32),
(35, 'Banjar Baru', 63),
(36, 'Banjarmasin', 63),
(37, 'Banjarnegara', 33),
(38, 'Bantaeng', 73),
(39, 'Bantul', 34),
(40, 'Banyu Asin', 16),
(41, 'Banyumas', 33),
(42, 'Banyuwangi', 35),
(43, 'Barito Kuala', 63),
(44, 'Barito Selatan', 62),
(45, 'Barito Timur', 62),
(46, 'Barito Utara', 62),
(47, 'Barru', 73),
(48, 'Batam', 21),
(49, 'Batang', 33),
(50, 'Batang Hari', 15),
(51, 'Batu', 35),
(52, 'Batu Bara', 12),
(53, 'Baubau', 74),
(54, 'Bekasi', 32),
(55, 'Bekasi', 32),
(56, 'Belitung', 19),
(57, 'Belitung Timur', 19),
(58, 'Belu', 53),
(59, 'Bener Meriah', 11),
(60, 'Bengkalis', 14),
(61, 'Bengkayang', 61),
(62, 'Bengkulu', 17),
(63, 'Bengkulu Selatan', 17),
(64, 'Bengkulu Tengah', 17),
(65, 'Bengkulu Utara', 17),
(66, 'Berau', 64),
(67, 'Biak Numfor', 94),
(68, 'Bima', 52),
(69, 'Bima', 52),
(70, 'Binjai', 12),
(71, 'Bintan', 21),
(72, 'Bireuen', 11),
(73, 'Bitung', 71),
(74, 'Blitar', 35),
(75, 'Blitar', 35),
(76, 'Blora', 33),
(77, 'Boalemo', 75),
(78, 'Bogor', 32),
(79, 'Bogor', 32),
(80, 'Bojonegoro', 35),
(81, 'Bolaang Mongondow', 71),
(82, 'Bolaang Mongondow Selatan', 71),
(83, 'Bolaang Mongondow Timur', 71),
(84, 'Bolaang Mongondow Utara', 71),
(85, 'Bombana', 74),
(86, 'Bondowoso', 35),
(87, 'Bone', 73),
(88, 'Bone Bolango', 75),
(89, 'Bontang', 64),
(90, 'Boven Digoel', 94),
(91, 'Boyolali', 33),
(92, 'Brebes', 33),
(93, 'Bukittinggi', 13),
(94, 'Buleleng', 51),
(95, 'Bulukumba', 73),
(96, 'Bulungan', 65),
(97, 'Bungo', 15),
(98, 'Buol', 72),
(99, 'Buru', 81),
(100, 'Buru Selatan', 81),
(101, 'Buton', 74),
(102, 'Buton Utara', 74),
(103, 'Ciamis', 32),
(104, 'Cianjur', 32),
(105, 'Cilacap', 33),
(106, 'Cilegon', 36),
(107, 'Cimahi', 32),
(108, 'Cirebon', 32),
(109, 'Cirebon', 32),
(110, 'Dairi', 12),
(111, 'Deiyai', 94),
(112, 'Deli Serdang', 12),
(113, 'Demak', 33),
(114, 'Denpasar', 51),
(115, 'Depok', 32),
(116, 'Dharmasraya', 13),
(117, 'Dogiyai', 94),
(118, 'Dompu', 52),
(119, 'Donggala', 72),
(120, 'Dumai', 14),
(121, 'Empat Lawang', 16),
(122, 'Ende', 53),
(123, 'Enrekang', 73),
(124, 'Fakfak', 91),
(125, 'Flores Timur', 53),
(126, 'Garut', 32),
(127, 'Gayo Lues', 11),
(128, 'Gianyar', 51),
(129, 'Gorontalo', 75),
(130, 'Gorontalo', 75),
(131, 'Gorontalo Utara', 75),
(132, 'Gowa', 73),
(133, 'Gresik', 35),
(134, 'Grobogan', 33),
(135, 'Gunung Kidul', 34),
(136, 'Gunung Mas', 62),
(137, 'Gunungsitoli', 12),
(138, 'Halmahera Barat', 82),
(139, 'Halmahera Selatan', 82),
(140, 'Halmahera Tengah', 82),
(141, 'Halmahera Timur', 82),
(142, 'Halmahera Utara', 82),
(143, 'Hulu Sungai Selatan', 63),
(144, 'Hulu Sungai Tengah', 63),
(145, 'Hulu Sungai Utara', 63),
(146, 'Humbang Hasundutan', 12),
(147, 'Indragiri Hilir', 14),
(148, 'Indragiri Hulu', 14),
(149, 'Indramayu', 32),
(150, 'Intan Jaya', 94),
(151, 'Jakarta Barat', 31),
(152, 'Jakarta Pusat', 31),
(153, 'Jakarta Selatan', 31),
(154, 'Jakarta Timur', 31),
(155, 'Jakarta Utara', 31),
(156, 'Jambi', 15),
(157, 'Jayapura', 94),
(158, 'Jayapura', 94),
(159, 'Jayawijaya', 94),
(160, 'Jember', 35),
(161, 'Jembrana', 51),
(162, 'Jeneponto', 73),
(163, 'Jepara', 33),
(164, 'Jombang', 35),
(165, 'Kaimana', 91),
(166, 'Kampar', 14),
(167, 'Kapuas', 62),
(168, 'Kapuas Hulu', 61),
(169, 'Karang Asem', 51),
(170, 'Karanganyar', 33),
(171, 'Karawang', 32),
(172, 'Karimun', 21),
(173, 'Karo', 12),
(174, 'Katingan', 62),
(175, 'Kaur', 17),
(176, 'Kayong Utara', 61),
(177, 'Kebumen', 33),
(178, 'Kediri', 35),
(179, 'Kediri', 35),
(180, 'Keerom', 94),
(181, 'Kendal', 33),
(182, 'Kendari', 74),
(183, 'Kepahiang', 17),
(184, 'Kepulauan Anambas', 21),
(185, 'Kepulauan Aru', 81),
(186, 'Kepulauan Mentawai', 13),
(187, 'Kepulauan Meranti', 14),
(188, 'Kepulauan Sangihe', 71),
(189, 'Kepulauan Selayar', 73),
(190, 'Kepulauan Seribu', 31),
(191, 'Kepulauan Sula', 82),
(192, 'Kepulauan Talaud', 71),
(193, 'Kepulauan Yapen', 94),
(194, 'Kerinci', 15),
(195, 'Ketapang', 61),
(196, 'Klaten', 33),
(197, 'Klungkung', 51),
(198, 'Kolaka', 74),
(199, 'Kolaka Utara', 74),
(200, 'Konawe', 74),
(201, 'Konawe Selatan', 74),
(202, 'Konawe Utara', 74),
(203, 'Kota Baru', 63),
(204, 'Kotamobagu', 71),
(205, 'Kotawaringin Barat', 62),
(206, 'Kotawaringin Timur', 62),
(207, 'Kuantan Singingi', 14),
(208, 'Kubu Raya', 61),
(209, 'Kudus', 33),
(210, 'Kulon Progo', 34),
(211, 'Kuningan', 32),
(212, 'Kupang', 53),
(213, 'Kupang', 53),
(214, 'Kutai Barat', 64),
(215, 'Kutai Kartanegara', 64),
(216, 'Kutai Timur', 64),
(217, 'Labuhan Batu', 12),
(218, 'Labuhan Batu Selatan', 12),
(219, 'Labuhan Batu Utara', 12),
(220, 'Lahat', 16),
(221, 'Lamandau', 62),
(222, 'Lamongan', 35),
(223, 'Lampung Barat', 18),
(224, 'Lampung Selatan', 18),
(225, 'Lampung Tengah', 18),
(226, 'Lampung Timur', 18),
(227, 'Lampung Utara', 18),
(228, 'Landak', 61),
(229, 'Langkat', 12),
(230, 'Langsa', 11),
(231, 'Lanny Jaya', 94),
(232, 'Lebak', 36),
(233, 'Lebong', 17),
(234, 'Lembata', 53),
(235, 'Lhokseumawe', 11),
(236, 'Lima Puluh Kota', 13),
(237, 'Lingga', 21),
(238, 'Lombok Barat', 52),
(239, 'Lombok Tengah', 52),
(240, 'Lombok Timur', 52),
(241, 'Lombok Utara', 52),
(242, 'Lubuklinggau', 16),
(243, 'Lumajang', 35),
(244, 'Luwu', 73),
(245, 'Luwu Timur', 73),
(246, 'Luwu Utara', 73),
(247, 'Madiun', 35),
(248, 'Madiun', 35),
(249, 'Magelang', 33),
(250, 'Magelang', 33),
(251, 'Magetan', 35),
(252, 'Majalengka', 32),
(253, 'Majene', 76),
(254, 'Makassar', 73),
(255, 'Malang', 35),
(256, 'Malang', 35),
(257, 'Malinau', 65),
(258, 'Maluku Barat Daya', 81),
(259, 'Maluku Tengah', 81),
(260, 'Maluku Tenggara', 81),
(261, 'Maluku Tenggara Barat', 81),
(262, 'Mamasa', 76),
(263, 'Mamberamo Raya', 94),
(264, 'Mamberamo Tengah', 94),
(265, 'Mamuju', 76),
(266, 'Mamuju Utara', 76),
(267, 'Manado', 71),
(268, 'Mandailing Natal', 12),
(269, 'Manggarai', 53),
(270, 'Manggarai Barat', 53),
(271, 'Manggarai Timur', 53),
(272, 'Manokwari', 91),
(273, 'Mappi', 94),
(274, 'Maros', 73),
(275, 'Mataram', 52),
(276, 'Maybrat', 91),
(277, 'Medan', 12),
(278, 'Melawi', 61),
(279, 'Merangin', 15),
(280, 'Merauke', 94),
(281, 'Mesuji', 18),
(282, 'Metro', 18),
(283, 'Mimika', 94),
(284, 'Minahasa', 71),
(285, 'Minahasa Selatan', 71),
(286, 'Minahasa Tenggara', 71),
(287, 'Minahasa Utara', 71),
(288, 'Mojokerto', 35),
(289, 'Mojokerto', 35),
(290, 'Morowali', 72),
(291, 'Muara Enim', 16),
(292, 'Muaro Jambi', 15),
(293, 'Mukomuko', 17),
(294, 'Muna', 74),
(295, 'Murung Raya', 62),
(296, 'Musi Banyuasin', 16),
(297, 'Musi Rawas', 16),
(298, 'Nabire', 94),
(299, 'Nagan Raya', 11),
(300, 'Nagekeo', 53),
(301, 'Natuna', 21),
(302, 'Nduga', 94),
(303, 'Ngada', 53),
(304, 'Nganjuk', 35),
(305, 'Ngawi', 35),
(306, 'Nias', 12),
(307, 'Nias Barat', 12),
(308, 'Nias Selatan', 12),
(309, 'Nias Utara', 12),
(310, 'Nunukan', 65),
(311, 'Ogan Ilir', 16),
(312, 'Ogan Komering Ilir', 16),
(313, 'Ogan Komering Ulu', 16),
(314, 'Ogan Komering Ulu Selatan', 16),
(315, 'Ogan Komering Ulu Timur', 16),
(316, 'Pacitan', 35),
(317, 'Padang', 13),
(318, 'Padang Lawas', 12),
(319, 'Padang Lawas Utara', 12),
(320, 'Padang Panjang', 13),
(321, 'Padang Pariaman', 13),
(322, 'Padangsidimpuan', 12),
(323, 'Pagar Alam', 16),
(324, 'Pakpak Bharat', 12),
(325, 'Palangka Raya', 62),
(326, 'Palembang', 16),
(327, 'Palopo', 73),
(328, 'Palu', 72),
(329, 'Pamekasan', 35),
(330, 'Pandeglang', 36),
(331, 'Pangandaran', 32),
(332, 'Pangkajene Dan Kepulauan', 73),
(333, 'Pangkal Pinang', 19),
(334, 'Paniai', 94),
(335, 'Parepare', 73),
(336, 'Pariaman', 13),
(337, 'Parigi Moutong', 72),
(338, 'Pasaman', 13),
(339, 'Pasaman Barat', 13),
(340, 'Paser', 64),
(341, 'Pasuruan', 35),
(342, 'Pasuruan', 35),
(343, 'Pati', 33),
(344, 'Payakumbuh', 13),
(345, 'Pegunungan Bintang', 94),
(346, 'Pekalongan', 33),
(347, 'Pekalongan', 33),
(348, 'Pekanbaru', 14),
(349, 'Pelalawan', 14),
(350, 'Pemalang', 33),
(351, 'Pematang Siantar', 12),
(352, 'Penajam Paser Utara', 64),
(353, 'Pesawaran', 18),
(354, 'Pesisir Barat', 18),
(355, 'Pesisir Selatan', 13),
(356, 'Pidie', 11),
(357, 'Pidie Jaya', 11),
(358, 'Pinrang', 73),
(359, 'Pohuwato', 75),
(360, 'Polewali Mandar', 76),
(361, 'Ponorogo', 35),
(362, 'Pontianak', 61),
(363, 'Pontianak', 61),
(364, 'Poso', 72),
(365, 'Prabumulih', 16),
(366, 'Pringsewu', 18),
(367, 'Probolinggo', 35),
(368, 'Probolinggo', 35),
(369, 'Pulang Pisau', 62),
(370, 'Pulau Morotai', 82),
(371, 'Puncak', 94),
(372, 'Puncak Jaya', 94),
(373, 'Purbalingga', 33),
(374, 'Purwakarta', 32),
(375, 'Purworejo', 33),
(376, 'Raja Ampat', 91),
(377, 'Rejang Lebong', 17),
(378, 'Rembang', 33),
(379, 'Rokan Hilir', 14),
(380, 'Rokan Hulu', 14),
(381, 'Rote Ndao', 53),
(382, 'S I A K', 14),
(383, 'Sabang', 11),
(384, 'Sabu Raijua', 53),
(385, 'Salatiga', 33),
(386, 'Samarinda', 64),
(387, 'Sambas', 61),
(388, 'Samosir', 12),
(389, 'Sampang', 35),
(390, 'Sanggau', 61),
(391, 'Sarmi', 94),
(392, 'Sarolangun', 15),
(393, 'Sawah Lunto', 13),
(394, 'Sekadau', 61),
(395, 'Seluma', 17),
(396, 'Semarang', 33),
(397, 'Semarang', 33),
(398, 'Seram Bagian Barat', 81),
(399, 'Seram Bagian Timur', 81),
(400, 'Serang', 36),
(401, 'Serang', 36),
(402, 'Serdang Bedagai', 12),
(403, 'Seruyan', 62),
(404, 'Siau Tagulandang Biaro', 71),
(405, 'Sibolga', 12),
(406, 'Sidenreng Rappang', 73),
(407, 'Sidoarjo', 35),
(408, 'Sigi', 72),
(409, 'Sijunjung', 13),
(410, 'Sikka', 53),
(411, 'Simalungun', 12),
(412, 'Simeulue', 11),
(413, 'Singkawang', 61),
(414, 'Sinjai', 73),
(415, 'Sintang', 61),
(416, 'Situbondo', 35),
(417, 'Sleman', 34),
(418, 'Solok', 13),
(419, 'Solok', 13),
(420, 'Solok Selatan', 13),
(421, 'Soppeng', 73),
(422, 'Sorong', 91),
(423, 'Sorong', 91),
(424, 'Sorong Selatan', 91),
(425, 'Sragen', 33),
(426, 'Subang', 32),
(427, 'Subulussalam', 11),
(428, 'Sukabumi', 32),
(429, 'Sukabumi', 32),
(430, 'Sukamara', 62),
(431, 'Sukoharjo', 33),
(432, 'Sumba Barat', 53),
(433, 'Sumba Barat Daya', 53),
(434, 'Sumba Tengah', 53),
(435, 'Sumba Timur', 53),
(436, 'Sumbawa', 52),
(437, 'Sumbawa Barat', 52),
(438, 'Sumedang', 32),
(439, 'Sumenep', 35),
(440, 'Sungai Penuh', 15),
(441, 'Supiori', 94),
(442, 'Surabaya', 35),
(443, 'Surakarta', 33),
(444, 'Tabalong', 63),
(445, 'Tabanan', 51),
(446, 'Takalar', 73),
(447, 'Tambrauw', 91),
(448, 'Tana Tidung', 65),
(449, 'Tana Toraja', 73),
(450, 'Tanah Bumbu', 63),
(451, 'Tanah Datar', 13),
(452, 'Tanah Laut', 63),
(453, 'Tangerang', 36),
(454, 'Tangerang', 36),
(455, 'Tangerang Selatan', 36),
(456, 'Tanggamus', 18),
(457, 'Tanjung Balai', 12),
(458, 'Tanjung Jabung Barat', 15),
(459, 'Tanjung Jabung Timur', 15),
(460, 'Tanjung Pinang', 21),
(461, 'Tapanuli Selatan', 12),
(462, 'Tapanuli Tengah', 12),
(463, 'Tapanuli Utara', 12),
(464, 'Tapin', 63),
(465, 'Tarakan', 65),
(466, 'Tasikmalaya', 32),
(467, 'Tasikmalaya', 32),
(468, 'Tebing Tinggi', 12),
(469, 'Tebo', 15),
(470, 'Tegal', 33),
(471, 'Tegal', 33),
(472, 'Teluk Bintuni', 91),
(473, 'Teluk Wondama', 91),
(474, 'Temanggung', 33),
(475, 'Ternate', 82),
(476, 'Tidore Kepulauan', 82),
(477, 'Timor Tengah Selatan', 53),
(478, 'Timor Tengah Utara', 53),
(479, 'Toba Samosir', 12),
(480, 'Tojo Una-una', 72),
(481, 'Tolikara', 94),
(482, 'Toli-toli', 72),
(483, 'Tomohon', 71),
(484, 'Toraja Utara', 73),
(485, 'Trenggalek', 35),
(486, 'Tual', 81),
(487, 'Tuban', 35),
(488, 'Tulang Bawang Barat', 18),
(489, 'Tulangbawang', 18),
(490, 'Tulungagung', 35),
(491, 'Wajo', 73),
(492, 'Wakatobi', 74),
(493, 'Waropen', 94),
(494, 'Way Kanan', 18),
(495, 'Wonogiri', 33),
(496, 'Wonosobo', 33),
(497, 'Yahukimo', 94),
(498, 'Yalimo', 94),
(499, 'Yogyakarta', 34);

-- --------------------------------------------------------

--
-- Table structure for table `contract`
--

CREATE TABLE IF NOT EXISTS `contract` (
  `id_contract` int(11) NOT NULL AUTO_INCREMENT,
  `filename` text NOT NULL,
  `filename_ori` text NOT NULL,
  `filename_type` varchar(255) NOT NULL,
  `startdate` date DEFAULT NULL,
  `expdate` date DEFAULT NULL,
  `invoice_term` varchar(45) DEFAULT NULL,
  `status` varchar(45) DEFAULT NULL,
  `po_number` varchar(45) DEFAULT NULL,
  `contract_number` varchar(45) DEFAULT NULL,
  PRIMARY KEY (`id_contract`)
) ENGINE=InnoDB  DEFAULT CHARSET=utf8 AUTO_INCREMENT=31 ;

--
-- Dumping data for table `contract`
--

INSERT INTO `contract` (`id_contract`, `filename`, `filename_ori`, `filename_type`, `startdate`, `expdate`, `invoice_term`, `status`, `po_number`, `contract_number`) VALUES
(1, 'test.docx', '', '', '2015-03-18', '2015-03-18', 'Every 6 Months', NULL, NULL, NULL),
(2, 'C150002', 'test2.docx', 'application/vnd.openxmlformats-officedocument.wordprocessingml.document', '2015-03-28', '2015-03-31', 'Every 3 Months', NULL, NULL, NULL),
(3, 'C150002', 'test.docx', 'application/vnd.openxmlformats-officedocument.wordprocessingml.document', NULL, NULL, NULL, NULL, NULL, NULL),
(4, 'C150003', 'test2.docx', 'application/vnd.openxmlformats-officedocument.wordprocessingml.document', '2015-03-29', '2015-03-29', 'Every 3 Months', NULL, NULL, NULL),
(5, 'C150005', '6403_4873190102603_1874271815_n.jpg', 'image/jpeg', '2015-04-01', '2015-06-27', 'Monthly', NULL, NULL, NULL),
(6, 'C150006', 'pertamina-logo.jpg', 'image/jpeg', '2015-04-30', '2015-04-30', 'Monthly', NULL, NULL, NULL),
(7, 'C150007', 'license-mit.txt', 'text/plain', '2015-04-01', '2015-04-25', 'Monthly', NULL, NULL, NULL),
(8, 'C150008', 'tumblr_n40y6edrao1s6bw99o1_1280_(1).png', 'image/png', '2015-04-01', '2016-04-01', 'Monthly', 'active', NULL, NULL),
(9, 'C150008', 'luke__s_lightsaber_by_dajhail-d34r4pq.jpg', 'image/jpeg', NULL, NULL, NULL, NULL, NULL, NULL),
(10, 'C150009', 'luke__s_lightsaber_by_dajhail-d34r4pq.jpg', 'image/jpeg', '2015-04-12', '2016-04-12', 'Monthly', 'active', NULL, NULL),
(11, 'C150011', 'db_structure.xlsx', 'application/vnd.openxmlformats-officedocument.spreadsheetml.sheet', '2015-04-15', '2015-05-15', 'Monthly', 'active', NULL, NULL),
(12, 'C150012', 'db_structure.xlsx', 'application/vnd.openxmlformats-officedocument.spreadsheetml.sheet', '2015-04-15', '2016-04-15', 'Monthly', 'active', NULL, NULL),
(13, 'C150013', 'Invoice-15586.pdf', 'application/pdf', '2015-05-07', '2016-05-07', 'Monthly', 'terminated', '111111', '111111'),
(14, 'C150013', 'PO150008.pdf', 'application/pdf', NULL, NULL, NULL, NULL, NULL, NULL),
(15, 'C150013', 'PO150008_(4).pdf', 'application/pdf', NULL, NULL, NULL, NULL, NULL, NULL),
(16, 'C150013', 'PO150008_(4).pdf', 'application/pdf', NULL, NULL, NULL, NULL, NULL, NULL),
(17, 'C150013', 'PO150008_(4).pdf', 'application/pdf', NULL, NULL, NULL, NULL, NULL, NULL),
(18, 'C150013', 'PO150008_(4).pdf', 'application/pdf', NULL, NULL, NULL, NULL, NULL, NULL),
(19, 'C150014', 'PO150008_(4).pdf', 'application/pdf', '2015-05-07', '2015-05-08', 'Monthly', 'draft', NULL, ''),
(20, 'C150014', 'PO150008_(4).pdf', 'application/pdf', NULL, NULL, NULL, NULL, NULL, NULL),
(21, 'C150020', 'PO150008_(4).pdf', 'application/pdf', '2015-05-07', '2015-05-07', 'Monthly', 'draft', NULL, NULL),
(22, 'C150020', 'PO150008.pdf', 'application/pdf', NULL, NULL, NULL, NULL, NULL, NULL),
(23, 'C150020', 'PO150008_(3).pdf', 'application/pdf', NULL, NULL, NULL, NULL, NULL, NULL),
(24, 'C150020', 'PO150008_(2).pdf', 'application/pdf', NULL, NULL, NULL, NULL, NULL, NULL),
(25, 'C150020', 'PO150008_(2).pdf', 'application/pdf', NULL, NULL, NULL, NULL, NULL, NULL),
(26, 'C150022', 'PO150008.pdf', 'application/pdf', '2015-04-30', '2015-05-07', 'Monthly', 'draft', NULL, NULL),
(27, 'C150027', 'PO150008_(4).pdf', 'application/pdf', '2015-05-07', '2015-05-07', 'Monthly', 'draft', NULL, NULL),
(28, 'C150028', 'PO150008.pdf', 'application/pdf', '2015-05-07', '2015-05-07', 'Monthly', 'draft', '222222', '22222'),
(29, 'C150029', 'PO150008.pdf', 'application/pdf', '2015-05-07', '2016-05-07', 'Monthly', 'active', '22222', '22222'),
(30, 'C150029', 'PO150008.pdf', 'application/pdf', NULL, NULL, NULL, NULL, NULL, NULL);

-- --------------------------------------------------------

--
-- Table structure for table `cost_element`
--

CREATE TABLE IF NOT EXISTS `cost_element` (
  `id_cost_element` int(11) NOT NULL AUTO_INCREMENT,
  `name` varchar(45) NOT NULL,
  `description` text,
  `date_create` timestamp NULL DEFAULT CURRENT_TIMESTAMP,
  PRIMARY KEY (`id_cost_element`)
) ENGINE=InnoDB  DEFAULT CHARSET=latin1 AUTO_INCREMENT=4 ;

--
-- Dumping data for table `cost_element`
--

INSERT INTO `cost_element` (`id_cost_element`, `name`, `description`, `date_create`) VALUES
(1, 'SO-SER-2015-8-01', 'Renumerasi SO 2015 Kab. Serang 8 working hours per shift per day', '2015-04-09 10:32:07'),
(2, 'SL-SER-2015-8-01', 'Renumerasi Shift Leader 2015 Kab. Serang 8 working hours per shift per day', '2015-04-10 03:44:22'),
(3, 'CE-SO-8-2015-JAK', 'Cost Element SO 8 Hour per shift', '2015-04-15 07:20:56');

-- --------------------------------------------------------

--
-- Table structure for table `cost_element_type`
--

CREATE TABLE IF NOT EXISTS `cost_element_type` (
  `id_cost_element_type` int(11) NOT NULL AUTO_INCREMENT,
  `name` varchar(45) NOT NULL,
  `description` text,
  PRIMARY KEY (`id_cost_element_type`)
) ENGINE=InnoDB DEFAULT CHARSET=latin1 AUTO_INCREMENT=1 ;

-- --------------------------------------------------------

--
-- Table structure for table `country`
--

CREATE TABLE IF NOT EXISTS `country` (
  `id_country` int(11) NOT NULL AUTO_INCREMENT,
  `name` varchar(45) NOT NULL,
  `abv` varchar(10) NOT NULL,
  PRIMARY KEY (`id_country`)
) ENGINE=InnoDB  DEFAULT CHARSET=latin1 AUTO_INCREMENT=3 ;

--
-- Dumping data for table `country`
--

INSERT INTO `country` (`id_country`, `name`, `abv`) VALUES
(1, 'Indonesia', 'INA'),
(2, 'Australia', 'AUS');

-- --------------------------------------------------------

--
-- Table structure for table `currency`
--

CREATE TABLE IF NOT EXISTS `currency` (
  `id_currency` int(11) NOT NULL,
  `name` varchar(45) NOT NULL,
  `symbol` varchar(45) NOT NULL,
  PRIMARY KEY (`id_currency`)
) ENGINE=InnoDB DEFAULT CHARSET=latin1;

-- --------------------------------------------------------

--
-- Table structure for table `customer_contract`
--

CREATE TABLE IF NOT EXISTS `customer_contract` (
  `id_customer_contract` int(11) NOT NULL AUTO_INCREMENT,
  `contract_number` varchar(45) NOT NULL,
  `period_start` date NOT NULL,
  `period_end` date NOT NULL,
  `invoice_period` varchar(45) NOT NULL,
  PRIMARY KEY (`id_customer_contract`)
) ENGINE=InnoDB DEFAULT CHARSET=latin1 AUTO_INCREMENT=1 ;

-- --------------------------------------------------------

--
-- Table structure for table `customer_site`
--

CREATE TABLE IF NOT EXISTS `customer_site` (
  `id_customer_site` int(11) NOT NULL AUTO_INCREMENT,
  `customer` int(11) NOT NULL,
  `site_name` varchar(45) DEFAULT NULL,
  `address` text NOT NULL,
  `city` int(11) NOT NULL,
  PRIMARY KEY (`id_customer_site`),
  KEY `fk_client_site_ext_company1_idx` (`customer`),
  KEY `fk_customer_site_city1_idx` (`city`)
) ENGINE=InnoDB  DEFAULT CHARSET=latin1 AUTO_INCREMENT=7 ;

--
-- Dumping data for table `customer_site`
--

INSERT INTO `customer_site` (`id_customer_site`, `customer`, `site_name`, `address`, `city`) VALUES
(1, 4, 'Site 1', 'Jl. Raya Walisongo No. 395 A KM 9.6', 396),
(2, 5, 'Menara Kuningan', 'Menara Kuningan', 153),
(3, 6, 'Cempaka Putih', 'Cempaka Putih', 152),
(4, 7, 'Hino Jatake', 'Jatake', 453),
(5, 7, 'Cikampek 8', 'Cikampek', 374),
(6, 7, 'Hino Autoi Car', 'CIkampek', 374);

-- --------------------------------------------------------

--
-- Table structure for table `database_field_interface`
--

CREATE TABLE IF NOT EXISTS `database_field_interface` (
  `id_database_field_interface` int(11) NOT NULL AUTO_INCREMENT,
  `field_name` varchar(45) NOT NULL,
  `model_field_name` varchar(45) NOT NULL,
  `database_interface_id` int(11) NOT NULL,
  `status_sync` tinyint(1) NOT NULL DEFAULT '0',
  `alias` varchar(45) NOT NULL,
  PRIMARY KEY (`id_database_field_interface`),
  UNIQUE KEY `field_name_UNIQUE` (`field_name`),
  UNIQUE KEY `model_field_name_UNIQUE` (`model_field_name`),
  KEY `fk_database_field_interface_database_interface1_idx` (`database_interface_id`)
) ENGINE=InnoDB DEFAULT CHARSET=latin1 AUTO_INCREMENT=1 ;

-- --------------------------------------------------------

--
-- Table structure for table `database_interface`
--

CREATE TABLE IF NOT EXISTS `database_interface` (
  `id_database_interface` int(11) NOT NULL AUTO_INCREMENT,
  `table_name` varchar(45) NOT NULL,
  `model_name` varchar(45) NOT NULL,
  `status_sync` tinyint(1) NOT NULL DEFAULT '0',
  `alias` varchar(45) NOT NULL,
  PRIMARY KEY (`id_database_interface`),
  UNIQUE KEY `model_name_UNIQUE` (`model_name`),
  UNIQUE KEY `table_name_UNIQUE` (`table_name`)
) ENGINE=InnoDB DEFAULT CHARSET=latin1 AUTO_INCREMENT=1 ;

-- --------------------------------------------------------

--
-- Table structure for table `detail_bom`
--

CREATE TABLE IF NOT EXISTS `detail_bom` (
  `id_detail_bom` int(11) NOT NULL AUTO_INCREMENT,
  `bom` int(11) NOT NULL,
  `product` bigint(20) NOT NULL,
  `qty` float NOT NULL,
  `uom` int(11) NOT NULL,
  PRIMARY KEY (`id_detail_bom`),
  KEY `fk_detail_bom_bom1_idx` (`bom`),
  KEY `fk_detail_bom_product1_idx` (`product`),
  KEY `fk_detail_bom_unit_measure1_idx` (`uom`)
) ENGINE=InnoDB  DEFAULT CHARSET=latin1 AUTO_INCREMENT=13 ;

--
-- Dumping data for table `detail_bom`
--

INSERT INTO `detail_bom` (`id_detail_bom`, `bom`, `product`, `qty`, `uom`) VALUES
(1, 2, 2, 10, 2),
(2, 2, 3, 5, 2),
(3, 3, 7, 1, 2),
(4, 3, 8, 1, 2),
(5, 3, 9, 1, 2),
(6, 4, 7, 1, 2),
(7, 4, 8, 1, 2),
(8, 4, 9, 1, 2),
(9, 5, 7, 1, 2),
(10, 5, 8, 1, 2),
(11, 5, 9, 1, 2),
(12, 5, 10, 1, 2);

-- --------------------------------------------------------

--
-- Table structure for table `detail_cost_element`
--

CREATE TABLE IF NOT EXISTS `detail_cost_element` (
  `id_detail_cost_element` int(11) NOT NULL AUTO_INCREMENT,
  `name` varchar(45) NOT NULL,
  `value_type` varchar(45) NOT NULL,
  `element_category` varchar(45) NOT NULL,
  `sequence_operation` varchar(45) NOT NULL,
  `value` float NOT NULL,
  `occurrence` varchar(45) NOT NULL,
  `cost_element` int(11) NOT NULL,
  `condition` text,
  `invoiceable` tinyint(4) NOT NULL,
  `salariable` tinyint(4) NOT NULL,
  `index` int(11) NOT NULL,
  PRIMARY KEY (`id_detail_cost_element`)
) ENGINE=InnoDB  DEFAULT CHARSET=latin1 AUTO_INCREMENT=328 ;

--
-- Dumping data for table `detail_cost_element`
--

INSERT INTO `detail_cost_element` (`id_detail_cost_element`, `name`, `value_type`, `element_category`, `sequence_operation`, `value`, `occurrence`, `cost_element`, `condition`, `invoiceable`, `salariable`, `index`) VALUES
(277, 'Gaji Pokok', 'numeric', 'base_salary', 'sum', 2500000, 'per_month', 2, '', 1, 1, 0),
(278, 'THR', 'numeric', 'employee_benefit', 'skip', 208333, 'per_year', 2, '{ "month_occurrence": 7, "value_based" : "monthly" }', 1, 1, 1),
(279, 'Jamsostek', 'numeric', 'jamsostek', 'sum', 262000, 'per_month', 2, '', 1, 1, 2),
(280, 'Annual Leave', 'numeric', 'employee_benefit', 'sum', 100000, 'per_month', 2, '', 1, 1, 3),
(281, 'Overtime National Holiday', 'numeric', 'overtime', 'skip', 405780, 'specific_condition', 2, '{ "date_occurrence" : "2015-8-17" }', 0, 1, 4),
(282, 'Severance Allowance', 'numeric', 'employee_benefit', 'skip', 208333, 'on_termination', 2, '{ "proportional" : 1 }', 0, 1, 5),
(283, 'PPH 21', 'percentage', 'pph', 'multply_sum', 0.2, 'per_month', 2, '{ "previous_value": ["Gaji Pokok", "THR"] }', 1, 1, 6),
(284, 'Uniform & Accesories', 'numeric', 'direct_cost', 'sum', 200000, 'per_year', 2, '{ "occurrence": "ask_on_invoice", "value_based": "yearly" }', 1, 0, 7),
(285, 'Administration Expense', 'numeric', 'direct_cost', 'sum', 100000, 'per_month', 2, '', 1, 0, 8),
(286, 'Operation Expense', 'numeric', 'direct_cost', 'sum', 65000, 'per_month', 2, '', 1, 0, 9),
(287, 'Management Fee', 'percentage', 'profit', 'multply_sum', 0.1, 'per_month', 2, '', 1, 0, 10),
(288, 'VAT (PPN)', 'percentage', 'ppn', 'multply_sum', 0.1, 'per_month', 2, '{ "previous_value": ["Management Fee"] }', 1, 0, 11),
(302, 'Gaji Pokok', 'numeric', 'base_salary', 'sum', 2700000, 'per_month', 3, '', 1, 1, 0),
(303, 'THR', 'numeric', 'employee_benefit', 'skip', 195000, 'per_year', 3, '{ "month_occurrence": 7, "value_based" : "monthly" }', 1, 1, 1),
(304, 'Jamsostek', 'numeric', 'jamsostek', 'sum', 239616, 'per_month', 3, '', 1, 1, 2),
(305, 'Annual Leave', 'numeric', 'employee_benefit', 'sum', 93600, 'per_month', 3, '', 1, 1, 3),
(306, 'Regular Overtime', 'numeric', 'overtime', 'sum', 100000, 'per_hour', 3, '', 1, 1, 4),
(307, 'Overtime National Holiday', 'numeric', 'overtime', 'sum', 405780, 'per_hour', 3, '{ "date_occurrence" : "2015-8-17" }', 1, 1, 5),
(308, 'Severance Allowance', 'numeric', 'employee_benefit', 'skip', 195000, 'on_termination', 3, '{ "proportional" : 1 }', 0, 1, 6),
(309, 'PPH 21', 'percentage', 'pph', 'multply_sum', 0.2, 'per_month', 3, '{ "previous_value": ["Gaji Pokok", "THR"] }', 1, 1, 7),
(310, 'Uniform & Accesories', 'numeric', 'direct_cost', 'sum', 200000, 'per_year', 3, '{ "occurrence": "ask_on_invoice", "value_based": "yearly" }', 1, 0, 8),
(311, 'Administration Expense', 'numeric', 'direct_cost', 'sum', 100000, 'per_month', 3, '', 1, 0, 9),
(312, 'Operation Expense', 'numeric', 'direct_cost', 'sum', 65000, 'per_month', 3, '', 1, 0, 10),
(313, 'Management Fee', 'percentage', 'profit', 'multply_sum', 0.1, 'per_month', 3, '', 1, 0, 11),
(314, 'VAT (PPN)', 'percentage', 'ppn', 'multply_sum', 0.1, 'per_month', 3, '{ "previous_value": ["Management Fee"] }', 1, 0, 12),
(315, 'Gaji Pokok', 'numeric', 'base_salary', 'sum', 2340000, 'per_month', 1, '', 1, 1, 0),
(316, 'THR', 'numeric', 'employee_benefit', 'skip', 195000, 'per_year', 1, '{ "month_occurrence": 7, "value_based" : "monthly" }', 1, 1, 1),
(317, 'Jamsostek', 'numeric', 'jamsostek', 'sum', 239616, 'per_month', 1, '', 1, 1, 2),
(318, 'Annual Leave', 'numeric', 'employee_benefit', 'sum', 93600, 'per_month', 1, '', 1, 1, 3),
(319, 'Regular Overtime', 'numeric', 'overtime', 'sum', 100000, 'per_hour', 1, '', 1, 1, 4),
(320, 'Overtime National Holiday', 'numeric', 'overtime', 'sum', 405780, 'per_hour', 1, '{ "date_occurrence" : "2015-8-17" }', 1, 1, 5),
(321, 'Severance Allowance', 'numeric', 'employee_benefit', 'skip', 195000, 'on_termination', 1, '{ "proportional" : 1 }', 0, 1, 6),
(322, 'PPH 21', 'percentage', 'pph', 'multply_sum', 0.2, 'per_month', 1, '{ "previous_value": ["Gaji Pokok", "THR", "Regular Overtime"] }', 1, 1, 7),
(323, 'Uniform & Accesories', 'numeric', 'direct_cost', 'sum', 200000, 'per_year', 1, '{ "occurrence": "ask_on_invoice", "value_based": "yearly" }', 1, 0, 8),
(324, 'Administration Expense', 'numeric', 'direct_cost', 'sum', 100000, 'per_month', 1, '', 1, 0, 9),
(325, 'Operation Expense', 'numeric', 'direct_cost', 'sum', 65000, 'per_month', 1, '', 1, 0, 10),
(326, 'Management Fee', 'percentage', 'profit', 'multply_sum', 0.1, 'per_month', 1, '', 1, 0, 11),
(327, 'VAT (PPN)', 'percentage', 'ppn', 'multply_sum', 0.1, 'per_month', 1, '{ "previous_value": ["Management Fee"] }', 1, 0, 12);

-- --------------------------------------------------------

--
-- Table structure for table `detail_payslip`
--

CREATE TABLE IF NOT EXISTS `detail_payslip` (
  `id_detail_payslip` bigint(20) NOT NULL AUTO_INCREMENT,
  `cost_element` varchar(45) DEFAULT NULL,
  `qty` float DEFAULT NULL,
  `value` float DEFAULT NULL,
  `payslip` bigint(20) DEFAULT NULL,
  `ce_name` varchar(45) DEFAULT NULL,
  PRIMARY KEY (`id_detail_payslip`)
) ENGINE=InnoDB  DEFAULT CHARSET=latin1 AUTO_INCREMENT=43 ;

--
-- Dumping data for table `detail_payslip`
--

INSERT INTO `detail_payslip` (`id_detail_payslip`, `cost_element`, `qty`, `value`, `payslip`, `ce_name`) VALUES
(1, 'base_salary', 1, 2500000, 13, 'Gaji Pokok'),
(2, 'jamsostek', 1, 262000, 13, 'Jamsostek'),
(3, 'employee_benefit', 1, 100000, 13, 'Annual Leave'),
(4, 'pph', 1, 500000, 13, 'PPH 21'),
(5, 'base_salary', 1, 2340000, 14, 'Gaji Pokok'),
(6, 'jamsostek', 1, 239616, 14, 'Jamsostek'),
(7, 'employee_benefit', 1, 93600, 14, 'Annual Leave'),
(8, 'overtime', 2, 200000, 14, 'Regular Overtime'),
(9, 'overtime', 1, NULL, 14, 'Overtime National Holiday'),
(10, 'pph', 1, 468000, 14, 'PPH 21'),
(11, 'base_salary', 1, 2500000, 15, 'Gaji Pokok'),
(12, 'jamsostek', 1, 262000, 15, 'Jamsostek'),
(13, 'employee_benefit', 1, 100000, 15, 'Annual Leave'),
(14, 'pph', 1, 500000, 15, 'PPH 21'),
(15, 'base_salary', 1, 2500000, 16, 'Gaji Pokok'),
(16, 'jamsostek', 1, 262000, 16, 'Jamsostek'),
(17, 'employee_benefit', 1, 100000, 16, 'Annual Leave'),
(18, 'pph', 1, 500000, 16, 'PPH 21'),
(19, 'base_salary', 1, 2500000, 17, 'Gaji Pokok'),
(20, 'jamsostek', 1, 262000, 17, 'Jamsostek'),
(21, 'employee_benefit', 1, 100000, 17, 'Annual Leave'),
(22, 'pph', 1, 500000, 17, 'PPH 21'),
(23, 'base_salary', 1, 2500000, 18, 'Gaji Pokok'),
(24, 'jamsostek', 1, 262000, 18, 'Jamsostek'),
(25, 'employee_benefit', 1, 100000, 18, 'Annual Leave'),
(26, 'pph', 1, 500000, 18, 'PPH 21'),
(27, 'base_salary', 1, NULL, 19, 'Gaji Pokok'),
(28, 'jamsostek', 1, NULL, 19, 'Jamsostek'),
(29, 'employee_benefit', 1, NULL, 19, 'Annual Leave'),
(30, 'pph', 1, 0, 19, 'PPH 21'),
(31, 'base_salary', 1, NULL, 20, 'Gaji Pokok'),
(32, 'jamsostek', 1, NULL, 20, 'Jamsostek'),
(33, 'employee_benefit', 1, NULL, 20, 'Annual Leave'),
(34, 'overtime', 1, NULL, 20, 'Regular Overtime'),
(35, 'overtime', 1, NULL, 20, 'Overtime National Holiday'),
(36, 'pph', 1, 0, 20, 'PPH 21'),
(37, 'base_salary', 1, NULL, 21, 'Gaji Pokok'),
(38, 'jamsostek', 1, NULL, 21, 'Jamsostek'),
(39, 'employee_benefit', 1, NULL, 21, 'Annual Leave'),
(40, 'overtime', 2, 200000, 21, 'Regular Overtime'),
(41, 'overtime', 1, NULL, 21, 'Overtime National Holiday'),
(42, 'pph', 1, 40000, 21, 'PPH 21');

-- --------------------------------------------------------

--
-- Table structure for table `detail_product_cost_structure`
--

CREATE TABLE IF NOT EXISTS `detail_product_cost_structure` (
  `id_detail_product_cost_structure` int(11) NOT NULL AUTO_INCREMENT,
  `product_cost_structure` int(11) NOT NULL,
  `cost_element` int(11) NOT NULL,
  `predecessor` int(11) DEFAULT NULL,
  `is_calc_based_predecessor` tinyint(1) NOT NULL DEFAULT '0',
  `single_value` float DEFAULT NULL,
  `accum_value` float DEFAULT NULL,
  PRIMARY KEY (`id_detail_product_cost_structure`),
  KEY `fk_detail_product_cost_structure_product_cost_structure1_idx` (`product_cost_structure`),
  KEY `fk_detail_product_cost_structure_cost_element1_idx` (`cost_element`),
  KEY `fk_detail_product_cost_structure_detail_product_cost_struct_idx` (`predecessor`)
) ENGINE=InnoDB DEFAULT CHARSET=latin1 AUTO_INCREMENT=1 ;

-- --------------------------------------------------------

--
-- Table structure for table `detail_role`
--

CREATE TABLE IF NOT EXISTS `detail_role` (
  `id_detail_role` int(11) NOT NULL AUTO_INCREMENT,
  `role` int(11) NOT NULL,
  `action` int(11) NOT NULL,
  PRIMARY KEY (`id_detail_role`),
  KEY `fk_detail_role_role1_idx` (`role`),
  KEY `fk_detail_role_application_action1_idx` (`action`)
) ENGINE=InnoDB  DEFAULT CHARSET=latin1 AUTO_INCREMENT=8275 ;

--
-- Dumping data for table `detail_role`
--

INSERT INTO `detail_role` (`id_detail_role`, `role`, `action`) VALUES
(9, 10, 1),
(10, 10, 2),
(11, 10, 3),
(12, 10, 4),
(323, 11, 1),
(349, 11, 1),
(350, 11, 1),
(351, 11, 1),
(437, 11, 11),
(438, 11, 12),
(439, 11, 13),
(440, 11, 14),
(441, 11, 15),
(442, 11, 16),
(443, 11, 17),
(444, 11, 18),
(445, 11, 19),
(446, 11, 20),
(447, 11, 21),
(448, 11, 22),
(449, 11, 23),
(450, 11, 24),
(451, 11, 25),
(452, 11, 26),
(453, 11, 27),
(454, 11, 28),
(455, 11, 29),
(456, 11, 30),
(457, 11, 31),
(458, 11, 32),
(459, 11, 33),
(460, 11, 34),
(461, 11, 35),
(462, 11, 36),
(463, 11, 37),
(464, 11, 38),
(465, 11, 39),
(466, 11, 40),
(467, 11, 41),
(468, 11, 43),
(469, 11, 44),
(470, 11, 45),
(471, 11, 46),
(472, 11, 47),
(473, 11, 48),
(474, 11, 49),
(475, 11, 50),
(476, 11, 51),
(477, 11, 57),
(478, 11, 58),
(479, 11, 59),
(480, 11, 60),
(481, 11, 61),
(482, 11, 62),
(483, 11, 63),
(484, 11, 64),
(485, 11, 65),
(486, 11, 66),
(487, 11, 67),
(488, 11, 68),
(489, 11, 69),
(490, 11, 70),
(491, 11, 71),
(492, 11, 72),
(493, 11, 73),
(494, 11, 74),
(495, 11, 75),
(496, 11, 76),
(497, 11, 77),
(498, 11, 78),
(499, 11, 79),
(500, 11, 80),
(501, 11, 81),
(502, 11, 82),
(503, 11, 83),
(504, 11, 84),
(505, 11, 85),
(506, 11, 86),
(507, 11, 87),
(508, 11, 88),
(509, 11, 89),
(510, 11, 90),
(511, 11, 91),
(512, 11, 92),
(513, 11, 93),
(514, 11, 94),
(515, 11, 95),
(516, 11, 96),
(517, 11, 97),
(518, 11, 98),
(519, 11, 1),
(520, 11, 2),
(521, 11, 3),
(522, 11, 4),
(523, 11, 5),
(524, 11, 6),
(525, 11, 7),
(526, 11, 8),
(527, 11, 9),
(528, 11, 10),
(529, 11, 99),
(7882, 12, 368),
(7883, 12, 400),
(7884, 12, 164),
(7885, 12, 165),
(7886, 12, 355),
(7887, 12, 374),
(7888, 1, 1),
(7889, 1, 2),
(7890, 1, 3),
(7891, 1, 4),
(7892, 1, 5),
(7893, 1, 6),
(7894, 1, 7),
(7895, 1, 8),
(7896, 1, 9),
(7897, 1, 10),
(7898, 1, 11),
(7899, 1, 12),
(7900, 1, 13),
(7901, 1, 14),
(7902, 1, 15),
(7903, 1, 16),
(7904, 1, 17),
(7905, 1, 18),
(7906, 1, 19),
(7907, 1, 20),
(7908, 1, 21),
(7909, 1, 22),
(7910, 1, 23),
(7911, 1, 24),
(7912, 1, 25),
(7913, 1, 26),
(7914, 1, 27),
(7915, 1, 28),
(7916, 1, 29),
(7917, 1, 30),
(7918, 1, 31),
(7919, 1, 32),
(7920, 1, 33),
(7921, 1, 34),
(7922, 1, 35),
(7923, 1, 36),
(7924, 1, 37),
(7925, 1, 38),
(7926, 1, 39),
(7927, 1, 40),
(7928, 1, 41),
(7929, 1, 43),
(7930, 1, 44),
(7931, 1, 45),
(7932, 1, 46),
(7933, 1, 47),
(7934, 1, 48),
(7935, 1, 49),
(7936, 1, 50),
(7937, 1, 51),
(7938, 1, 57),
(7939, 1, 58),
(7940, 1, 59),
(7941, 1, 60),
(7942, 1, 61),
(7943, 1, 62),
(7944, 1, 63),
(7945, 1, 64),
(7946, 1, 65),
(7947, 1, 66),
(7948, 1, 67),
(7949, 1, 68),
(7950, 1, 69),
(7951, 1, 70),
(7952, 1, 71),
(7953, 1, 72),
(7954, 1, 73),
(7955, 1, 74),
(7956, 1, 75),
(7957, 1, 76),
(7958, 1, 77),
(7959, 1, 78),
(7960, 1, 79),
(7961, 1, 80),
(7962, 1, 81),
(7963, 1, 82),
(7964, 1, 83),
(7965, 1, 84),
(7966, 1, 85),
(7967, 1, 86),
(7968, 1, 87),
(7969, 1, 88),
(7970, 1, 89),
(7971, 1, 90),
(7972, 1, 91),
(7973, 1, 92),
(7974, 1, 93),
(7975, 1, 94),
(7976, 1, 95),
(7977, 1, 96),
(7978, 1, 97),
(7979, 1, 98),
(7980, 1, 99),
(7981, 1, 100),
(7982, 1, 101),
(7983, 1, 102),
(7984, 1, 103),
(7985, 1, 104),
(7986, 1, 105),
(7987, 1, 106),
(7988, 1, 107),
(7989, 1, 108),
(7990, 1, 109),
(7991, 1, 110),
(7992, 1, 111),
(7993, 1, 112),
(7994, 1, 113),
(7995, 1, 114),
(7996, 1, 115),
(7997, 1, 116),
(7998, 1, 117),
(7999, 1, 118),
(8000, 1, 119),
(8001, 1, 120),
(8002, 1, 121),
(8003, 1, 122),
(8004, 1, 123),
(8005, 1, 124),
(8006, 1, 125),
(8007, 1, 126),
(8008, 1, 127),
(8009, 1, 128),
(8010, 1, 129),
(8011, 1, 130),
(8012, 1, 131),
(8013, 1, 132),
(8014, 1, 133),
(8015, 1, 134),
(8016, 1, 135),
(8017, 1, 136),
(8018, 1, 137),
(8019, 1, 138),
(8020, 1, 139),
(8021, 1, 140),
(8022, 1, 141),
(8023, 1, 142),
(8024, 1, 143),
(8025, 1, 144),
(8026, 1, 145),
(8027, 1, 146),
(8028, 1, 147),
(8029, 1, 148),
(8030, 1, 149),
(8031, 1, 150),
(8032, 1, 151),
(8033, 1, 152),
(8034, 1, 153),
(8035, 1, 154),
(8036, 1, 155),
(8037, 1, 156),
(8038, 1, 157),
(8039, 1, 158),
(8040, 1, 159),
(8041, 1, 160),
(8042, 1, 161),
(8043, 1, 162),
(8044, 1, 163),
(8045, 1, 164),
(8046, 1, 165),
(8047, 1, 166),
(8048, 1, 167),
(8049, 1, 168),
(8050, 1, 169),
(8051, 1, 170),
(8052, 1, 171),
(8053, 1, 172),
(8054, 1, 173),
(8055, 1, 174),
(8056, 1, 175),
(8057, 1, 176),
(8058, 1, 177),
(8059, 1, 178),
(8060, 1, 179),
(8061, 1, 180),
(8062, 1, 181),
(8063, 1, 182),
(8064, 1, 183),
(8065, 1, 184),
(8066, 1, 185),
(8067, 1, 186),
(8068, 1, 187),
(8069, 1, 188),
(8070, 1, 189),
(8071, 1, 190),
(8072, 1, 191),
(8073, 1, 192),
(8074, 1, 193),
(8075, 1, 194),
(8076, 1, 195),
(8077, 1, 196),
(8078, 1, 197),
(8079, 1, 198),
(8080, 1, 199),
(8081, 1, 200),
(8082, 1, 201),
(8083, 1, 202),
(8084, 1, 203),
(8085, 1, 204),
(8086, 1, 205),
(8087, 1, 206),
(8088, 1, 207),
(8089, 1, 208),
(8090, 1, 209),
(8091, 1, 210),
(8092, 1, 211),
(8093, 1, 212),
(8094, 1, 213),
(8095, 1, 214),
(8096, 1, 215),
(8097, 1, 216),
(8098, 1, 217),
(8099, 1, 218),
(8100, 1, 219),
(8101, 1, 220),
(8102, 1, 221),
(8103, 1, 222),
(8104, 1, 223),
(8105, 1, 224),
(8106, 1, 225),
(8107, 1, 226),
(8108, 1, 227),
(8109, 1, 228),
(8110, 1, 229),
(8111, 1, 230),
(8112, 1, 231),
(8113, 1, 232),
(8114, 1, 233),
(8115, 1, 234),
(8116, 1, 235),
(8117, 1, 236),
(8118, 1, 237),
(8119, 1, 238),
(8120, 1, 239),
(8121, 1, 240),
(8122, 1, 241),
(8123, 1, 242),
(8124, 1, 243),
(8125, 1, 244),
(8126, 1, 245),
(8127, 1, 246),
(8128, 1, 247),
(8129, 1, 248),
(8130, 1, 249),
(8131, 1, 250),
(8132, 1, 251),
(8133, 1, 252),
(8134, 1, 253),
(8135, 1, 254),
(8136, 1, 255),
(8137, 1, 256),
(8138, 1, 257),
(8139, 1, 258),
(8140, 1, 259),
(8141, 1, 260),
(8142, 1, 261),
(8143, 1, 262),
(8144, 1, 263),
(8145, 1, 264),
(8146, 1, 265),
(8147, 1, 266),
(8148, 1, 267),
(8149, 1, 268),
(8150, 1, 269),
(8151, 1, 270),
(8152, 1, 271),
(8153, 1, 272),
(8154, 1, 273),
(8155, 1, 274),
(8156, 1, 275),
(8157, 1, 276),
(8158, 1, 277),
(8159, 1, 278),
(8160, 1, 279),
(8161, 1, 280),
(8162, 1, 281),
(8163, 1, 282),
(8164, 1, 283),
(8165, 1, 284),
(8166, 1, 292),
(8167, 1, 293),
(8168, 1, 294),
(8169, 1, 295),
(8170, 1, 296),
(8171, 1, 297),
(8172, 1, 298),
(8173, 1, 299),
(8174, 1, 300),
(8175, 1, 301),
(8176, 1, 302),
(8177, 1, 303),
(8178, 1, 304),
(8179, 1, 305),
(8180, 1, 306),
(8181, 1, 307),
(8182, 1, 309),
(8183, 1, 310),
(8184, 1, 311),
(8185, 1, 312),
(8186, 1, 313),
(8187, 1, 314),
(8188, 1, 315),
(8189, 1, 316),
(8190, 1, 317),
(8191, 1, 318),
(8192, 1, 319),
(8193, 1, 320),
(8194, 1, 321),
(8195, 1, 322),
(8196, 1, 323),
(8197, 1, 342),
(8198, 1, 343),
(8199, 1, 344),
(8200, 1, 345),
(8201, 1, 346),
(8202, 1, 347),
(8203, 1, 348),
(8204, 1, 349),
(8205, 1, 350),
(8206, 1, 351),
(8207, 1, 352),
(8208, 1, 353),
(8209, 1, 354),
(8210, 1, 355),
(8211, 1, 356),
(8212, 1, 357),
(8213, 1, 358),
(8214, 1, 359),
(8215, 1, 360),
(8216, 1, 361),
(8217, 1, 362),
(8218, 1, 363),
(8219, 1, 364),
(8220, 1, 365),
(8221, 1, 366),
(8222, 1, 367),
(8223, 1, 368),
(8224, 1, 369),
(8225, 1, 370),
(8226, 1, 371),
(8227, 1, 372),
(8228, 1, 373),
(8229, 1, 374),
(8230, 1, 375),
(8231, 1, 376),
(8232, 1, 377),
(8233, 1, 378),
(8234, 1, 379),
(8235, 1, 380),
(8236, 1, 381),
(8237, 1, 382),
(8238, 1, 383),
(8239, 1, 384),
(8240, 1, 385),
(8241, 1, 386),
(8242, 1, 387),
(8243, 1, 388),
(8244, 1, 389),
(8245, 1, 390),
(8246, 1, 391),
(8247, 1, 392),
(8248, 1, 393),
(8249, 1, 394),
(8250, 1, 395),
(8251, 1, 396),
(8252, 1, 397),
(8253, 1, 398),
(8254, 1, 399),
(8255, 1, 400),
(8256, 1, 401),
(8257, 1, 402),
(8258, 1, 403),
(8259, 1, 404),
(8260, 1, 405),
(8261, 1, 406),
(8262, 1, 407),
(8263, 1, 410),
(8264, 1, 411),
(8265, 1, 412),
(8266, 1, 413),
(8267, 1, 414),
(8268, 1, 415),
(8269, 1, 416),
(8270, 1, 417),
(8271, 1, 308),
(8272, 1, 420),
(8273, 1, 419),
(8274, 1, 418);

-- --------------------------------------------------------

--
-- Table structure for table `detail_so_assignment`
--

CREATE TABLE IF NOT EXISTS `detail_so_assignment` (
  `id_detail_so_assignment` int(11) NOT NULL AUTO_INCREMENT,
  `so_assignment` int(11) NOT NULL,
  `detail_work_schedule` int(11) NOT NULL,
  `employee` int(11) NOT NULL,
  PRIMARY KEY (`id_detail_so_assignment`)
) ENGINE=InnoDB DEFAULT CHARSET=utf8 AUTO_INCREMENT=1 ;

-- --------------------------------------------------------

--
-- Table structure for table `detail_uda`
--

CREATE TABLE IF NOT EXISTS `detail_uda` (
  `id_detail_uda` int(11) NOT NULL AUTO_INCREMENT,
  `name` varchar(50) NOT NULL,
  `data_type` varchar(20) NOT NULL,
  `value` varchar(50) NOT NULL,
  `uda` int(11) NOT NULL,
  PRIMARY KEY (`id_detail_uda`),
  KEY `fk_detail_uda_uda1_idx` (`uda`)
) ENGINE=InnoDB DEFAULT CHARSET=latin1 AUTO_INCREMENT=1 ;

-- --------------------------------------------------------

--
-- Table structure for table `detail_work_schedule`
--

CREATE TABLE IF NOT EXISTS `detail_work_schedule` (
  `id_detail_work_schedule` int(11) NOT NULL AUTO_INCREMENT,
  `kode_schedule` varchar(255) DEFAULT NULL,
  `work_schedule` int(11) NOT NULL,
  `site` int(11) NOT NULL,
  `area` varchar(45) NOT NULL,
  `shift` varchar(3) NOT NULL,
  `working_hour` varchar(45) NOT NULL,
  `structure` int(11) NOT NULL,
  `qty` int(11) NOT NULL,
  `remark` text,
  PRIMARY KEY (`id_detail_work_schedule`),
  KEY `fk_detail_work_schedule_work_schedule1_idx` (`work_schedule`),
  KEY `fk_detail_work_schedule_customer_site1_idx` (`site`)
) ENGINE=InnoDB  DEFAULT CHARSET=latin1 AUTO_INCREMENT=48 ;

--
-- Dumping data for table `detail_work_schedule`
--

INSERT INTO `detail_work_schedule` (`id_detail_work_schedule`, `kode_schedule`, `work_schedule`, `site`, `area`, `shift`, `working_hour`, `structure`, `qty`, `remark`) VALUES
(1, NULL, 1, 1, 'Jakarta', '1', '8', 2, 0, ''),
(2, NULL, 2, 1, 'Gerbang Depan', '2', '8', 2, 12, ''),
(3, NULL, 3, 1, 'Office', '1', '8', 9, 1, ''),
(4, NULL, 3, 1, 'Depan', '1', '12', 11, 2, ''),
(5, NULL, 3, 1, 'Office', '1', '8', 10, 1, ''),
(6, NULL, 3, 1, 'Depan', '2', '12', 11, 2, ''),
(7, NULL, 4, 1, 'Office', '1', '12', 10, 1, ''),
(8, NULL, 4, 1, 'Depan', '1', '12', 11, 2, ''),
(9, NULL, 4, 1, 'Office', '1', '12', 11, 1, ''),
(10, NULL, 4, 1, 'Office', '1', '12', 9, 1, ''),
(11, NULL, 4, 1, 'Depan', '2', '12', 11, 1, ''),
(12, NULL, 4, 1, 'Office', '2', '12', 10, 1, ''),
(13, NULL, 4, 1, 'Office', '2', '12', 11, 1, ''),
(14, NULL, 7, 2, 'Gerbang Depan', '1', '12', 11, 8, ''),
(15, NULL, 8, 2, 'Gerbang', '1', '12', 11, 1, ''),
(16, NULL, 8, 2, 'Gerbang', '2', '12', 11, 1, ''),
(20, NULL, 11, 3, 'Gerbang Depan', '1', '8', 11, 1, ''),
(21, NULL, 11, 3, 'Gerbang Depan', '1', '8', 10, 1, ''),
(22, NULL, 11, 3, 'Gerbang Depan', '2', '8', 11, 1, ''),
(29, NULL, 14, 3, 'Gerbang', '1', '8', 11, 2, ''),
(30, NULL, 14, 3, 'Gerbang', '1', '8', 10, 1, ''),
(31, NULL, 14, 3, 'Gerbang', '2', '8', 11, 2, ''),
(32, NULL, 15, 2, 'Gate', '1', '12', 11, 2, ''),
(33, NULL, 15, 2, 'Gate', '2', '12', 11, 2, ''),
(34, NULL, 15, 2, 'Gate', '1', '12', 10, 1, ''),
(35, NULL, 16, 2, 'Gerbang Depan', '1', '8', 11, 3, ''),
(36, NULL, 16, 2, 'Gerbang Depan', '2', '8', 11, 3, ''),
(37, NULL, 17, 6, 'Pos 1', '1', '8', 11, 12, ''),
(38, NULL, 17, 6, 'Pos 1', '1', '12', 9, 3, ''),
(39, NULL, 17, 6, 'Pos 1', '2', '8', 11, 12, ''),
(40, NULL, 17, 6, 'Pos 1', '3', '8', 11, 12, ''),
(41, NULL, 17, 6, 'Pos 1', 'off', '8', 11, 12, ''),
(42, NULL, 18, 1, 'Gerbang', '1', '8', 11, 2, ''),
(43, NULL, 18, 1, 'Gerbang', '2', '8', 11, 2, ''),
(44, NULL, 18, 1, 'Gerbang', '3', '8', 11, 2, ''),
(45, NULL, 18, 1, 'Gerbang', 'off', '8', 11, 2, ''),
(46, NULL, 19, 4, 'Gerbang Depan', '1', '8', 11, 2, ''),
(47, NULL, 19, 4, 'Gerbang Depan', '2', '8', 11, 2, '');

-- --------------------------------------------------------

--
-- Table structure for table `division`
--

CREATE TABLE IF NOT EXISTS `division` (
  `id_division` int(11) NOT NULL AUTO_INCREMENT,
  `name` varchar(45) NOT NULL,
  `abbreviation` varchar(3) NOT NULL,
  PRIMARY KEY (`id_division`)
) ENGINE=InnoDB  DEFAULT CHARSET=latin1 AUTO_INCREMENT=10 ;

--
-- Dumping data for table `division`
--

INSERT INTO `division` (`id_division`, `name`, `abbreviation`) VALUES
(2, 'Marketing', 'MK'),
(3, 'Engineering', 'ENG'),
(4, 'PPIC', 'PPC'),
(5, 'Purchasing', 'PUR'),
(6, 'Production', 'PRD'),
(7, 'Delivery', 'DEL'),
(8, 'Finance', 'FI'),
(9, 'Administrator', 'adm');

-- --------------------------------------------------------

--
-- Table structure for table `dn`
--

CREATE TABLE IF NOT EXISTS `dn` (
  `id_dn` int(11) NOT NULL AUTO_INCREMENT,
  `so` int(11) NOT NULL,
  `no_dn` varchar(20) NOT NULL,
  `note` text,
  `date` date NOT NULL,
  `status` varchar(45) NOT NULL,
  PRIMARY KEY (`id_dn`),
  KEY `fk_dn_so1_idx` (`so`)
) ENGINE=InnoDB DEFAULT CHARSET=latin1 AUTO_INCREMENT=1 ;

-- --------------------------------------------------------

--
-- Table structure for table `dn_product`
--

CREATE TABLE IF NOT EXISTS `dn_product` (
  `id_dn_product` int(11) NOT NULL AUTO_INCREMENT,
  `dn` int(11) NOT NULL,
  `product` bigint(20) NOT NULL,
  `qty` decimal(10,0) NOT NULL,
  PRIMARY KEY (`id_dn_product`),
  KEY `fk_dn_product_dn1_idx` (`dn`),
  KEY `fk_dn_product_product1_idx` (`product`)
) ENGINE=InnoDB DEFAULT CHARSET=latin1 AUTO_INCREMENT=1 ;

-- --------------------------------------------------------

--
-- Table structure for table `education_level`
--

CREATE TABLE IF NOT EXISTS `education_level` (
  `id_education_level` int(11) NOT NULL AUTO_INCREMENT,
  `level_name` varchar(45) NOT NULL,
  PRIMARY KEY (`id_education_level`)
) ENGINE=InnoDB  DEFAULT CHARSET=latin1 AUTO_INCREMENT=8 ;

--
-- Dumping data for table `education_level`
--

INSERT INTO `education_level` (`id_education_level`, `level_name`) VALUES
(1, 'SD'),
(2, 'SMP'),
(3, 'SMA'),
(4, 'D3'),
(5, 'S1'),
(6, 'S2'),
(7, 'S3');

-- --------------------------------------------------------

--
-- Table structure for table `employe_education`
--

CREATE TABLE IF NOT EXISTS `employe_education` (
  `id_employe_education` int(11) NOT NULL AUTO_INCREMENT,
  `employee` int(11) NOT NULL,
  `education_level` int(11) NOT NULL,
  `institution_name` varchar(45) NOT NULL,
  `from_year` int(11) NOT NULL,
  `to_year` int(11) NOT NULL,
  `doc_attach` int(11) DEFAULT NULL,
  `graduated` tinyint(1) NOT NULL,
  `city` int(11) NOT NULL,
  PRIMARY KEY (`id_employe_education`),
  KEY `fk_employe_education_employee1_idx` (`employee`),
  KEY `fk_employe_education_education_level1_idx` (`education_level`),
  KEY `fk_employe_education_employee_document_detail1_idx` (`doc_attach`),
  KEY `fk_employe_education_city1_idx` (`city`)
) ENGINE=InnoDB DEFAULT CHARSET=latin1 AUTO_INCREMENT=1 ;

-- --------------------------------------------------------

--
-- Table structure for table `employee`
--

CREATE TABLE IF NOT EXISTS `employee` (
  `id_employee` int(11) NOT NULL AUTO_INCREMENT,
  `employment_type` int(11) NOT NULL,
  `employee_number` bigint(20) NOT NULL,
  `full_name` varchar(50) NOT NULL,
  `employee_status` int(11) NOT NULL,
  `employee_contract_type` int(11) NOT NULL,
  `birth_city` int(11) DEFAULT NULL,
  `birth_date` date DEFAULT NULL,
  `religion` int(11) DEFAULT NULL,
  `gender` varchar(45) DEFAULT NULL,
  `blood_type` varchar(3) DEFAULT NULL,
  `height` float DEFAULT NULL,
  `weight` float DEFAULT NULL,
  `hobbies` text,
  `tax_status` int(11) DEFAULT NULL,
  `marital_status` varchar(10) DEFAULT NULL,
  `father_name` varchar(45) DEFAULT NULL,
  `mother_name` varchar(45) DEFAULT NULL,
  `marital_date` date DEFAULT NULL,
  `native` varchar(45) DEFAULT NULL,
  `npwp` varchar(45) DEFAULT NULL,
  `npwp_date` date DEFAULT NULL,
  `bpjs` varchar(45) DEFAULT NULL,
  `bpjs_date` date DEFAULT NULL,
  `jamsostek` varchar(45) DEFAULT NULL,
  `jamsostek_date` date DEFAULT NULL,
  `rekening` varchar(45) DEFAULT NULL,
  `bank` int(11) DEFAULT NULL,
  `photo_path` varchar(45) DEFAULT NULL,
  `position_level` int(11) DEFAULT NULL,
  `organisation_structure_id` int(11) DEFAULT NULL,
  PRIMARY KEY (`id_employee`),
  KEY `fk_employee_employee_status1_idx` (`employee_status`),
  KEY `fk_employee_employment_type1_idx` (`employment_type`),
  KEY `fk_employee_employee_contract_type1_idx` (`employee_contract_type`),
  KEY `fk_employee_city2_idx` (`birth_city`),
  KEY `fk_employee_religion1_idx` (`religion`),
  KEY `fk_employee_bank1_idx` (`bank`),
  KEY `fk_position_level` (`position_level`)
) ENGINE=InnoDB  DEFAULT CHARSET=latin1 AUTO_INCREMENT=19 ;

--
-- Dumping data for table `employee`
--

INSERT INTO `employee` (`id_employee`, `employment_type`, `employee_number`, `full_name`, `employee_status`, `employee_contract_type`, `birth_city`, `birth_date`, `religion`, `gender`, `blood_type`, `height`, `weight`, `hobbies`, `tax_status`, `marital_status`, `father_name`, `mother_name`, `marital_date`, `native`, `npwp`, `npwp_date`, `bpjs`, `bpjs_date`, `jamsostek`, `jamsostek_date`, `rekening`, `bank`, `photo_path`, `position_level`, `organisation_structure_id`) VALUES
(3, 2, 10, 'Security 1', 4, 1, 3, '2015-02-27', 1, NULL, 'ab', 3123, 2131, '', NULL, NULL, NULL, NULL, NULL, 'Sdsa', NULL, NULL, NULL, NULL, NULL, NULL, NULL, NULL, NULL, 3, 11),
(4, 1, 1, 'Security 2', 1, 1, 499, '2015-03-01', 1, 'male', 'o', 222, 333, NULL, NULL, NULL, NULL, NULL, NULL, 'Betawi', NULL, NULL, NULL, NULL, NULL, NULL, NULL, NULL, NULL, 2, 11),
(7, 1, 2, 'Security 3', 1, 1, 1, '2015-03-01', 1, 'male', 'o', 123, 321, NULL, NULL, NULL, NULL, NULL, NULL, 'Jawa', NULL, NULL, NULL, NULL, NULL, NULL, NULL, NULL, NULL, 3, 10),
(8, 2, 3, 'Security 4', 1, 1, 2, '2015-03-06', 1, 'male', 'o', 4234, 4234210, NULL, NULL, NULL, NULL, NULL, NULL, 'terter', NULL, NULL, NULL, NULL, NULL, NULL, NULL, NULL, NULL, 3, 11),
(9, 1, 4, 'Security 5', 1, 1, 1, '2015-03-01', 1, 'male', 'o', 5434, 534, NULL, NULL, NULL, NULL, NULL, NULL, 'rtertretret', NULL, NULL, NULL, NULL, NULL, NULL, NULL, NULL, NULL, 2, 11),
(10, 2, 5, 'Security 6', 1, 1, 3, '2015-03-01', 1, 'male', 'a', 423, 43234, NULL, NULL, NULL, NULL, NULL, NULL, '', NULL, NULL, NULL, NULL, NULL, NULL, NULL, NULL, NULL, 2, 11),
(13, 2, 6, 'Security 7', 1, 1, 2, NULL, 1, 'male', 'o', 123, 22, NULL, NULL, NULL, NULL, NULL, NULL, 'Jawa', NULL, NULL, NULL, NULL, NULL, NULL, NULL, NULL, NULL, 3, 11),
(14, 2, 7, 'Security 8', 1, 1, 1, NULL, 1, 'male', 'b', 0, 0, NULL, NULL, NULL, NULL, NULL, NULL, '', NULL, NULL, NULL, NULL, NULL, NULL, NULL, NULL, NULL, 3, 11),
(15, 1, 8, 'Security 9', 1, 1, 6, NULL, 1, 'male', 'b', 0, 0, NULL, NULL, NULL, NULL, NULL, NULL, '', NULL, NULL, NULL, NULL, NULL, NULL, NULL, NULL, NULL, 3, 11),
(18, 1, 9, 'Security 10', 1, 1, 6, NULL, 1, 'male', 'b', NULL, NULL, NULL, NULL, NULL, NULL, NULL, NULL, NULL, NULL, NULL, NULL, NULL, NULL, NULL, NULL, NULL, NULL, 3, 11);

-- --------------------------------------------------------

--
-- Table structure for table `employee_address`
--

CREATE TABLE IF NOT EXISTS `employee_address` (
  `id_employee_address` int(11) NOT NULL AUTO_INCREMENT,
  `address` text NOT NULL,
  `city` int(11) NOT NULL,
  `phone` varchar(45) DEFAULT NULL,
  `address_type` int(11) NOT NULL,
  `employee` int(11) NOT NULL,
  `housing_owner` varchar(20) NOT NULL,
  PRIMARY KEY (`id_employee_address`),
  KEY `fk_employee_address_city1_idx` (`city`),
  KEY `fk_employee_address_address_type1_idx` (`address_type`),
  KEY `fk_employee_address_employee1_idx` (`employee`)
) ENGINE=InnoDB DEFAULT CHARSET=latin1 AUTO_INCREMENT=1 ;

-- --------------------------------------------------------

--
-- Table structure for table `employee_assignment`
--

CREATE TABLE IF NOT EXISTS `employee_assignment` (
  `id_employee_assignment` int(11) NOT NULL AUTO_INCREMENT,
  `customer_site` int(11) NOT NULL,
  `employee_id` int(11) NOT NULL,
  `effective_date` date DEFAULT NULL,
  `end_date` date DEFAULT NULL,
  `employmee_assignment_status` int(11) NOT NULL,
  PRIMARY KEY (`id_employee_assignment`),
  KEY `fk_employee_assignment_customer_site1_idx` (`customer_site`),
  KEY `fk_employee_assignment_employee1_idx` (`employee_id`),
  KEY `fk_employee_assignment_employmee_assignment_status1_idx` (`employmee_assignment_status`)
) ENGINE=InnoDB DEFAULT CHARSET=latin1 AUTO_INCREMENT=1 ;

-- --------------------------------------------------------

--
-- Table structure for table `employee_assignment_status`
--

CREATE TABLE IF NOT EXISTS `employee_assignment_status` (
  `id_employee_assignment_status` int(11) NOT NULL AUTO_INCREMENT,
  `name` varchar(45) NOT NULL,
  `abv` varchar(10) NOT NULL,
  PRIMARY KEY (`id_employee_assignment_status`)
) ENGINE=InnoDB DEFAULT CHARSET=latin1 AUTO_INCREMENT=1 ;

-- --------------------------------------------------------

--
-- Table structure for table `employee_contract`
--

CREATE TABLE IF NOT EXISTS `employee_contract` (
  `id_employee_contract` int(11) NOT NULL AUTO_INCREMENT,
  `contract_number` varchar(45) DEFAULT NULL,
  `employee` int(11) NOT NULL,
  `join_date` date DEFAULT NULL,
  `end_date` date DEFAULT NULL,
  `employee_contract_type` int(11) DEFAULT NULL,
  `contract_status` int(11) DEFAULT NULL,
  `position` int(11) DEFAULT NULL,
  `position_level` int(11) DEFAULT NULL,
  PRIMARY KEY (`id_employee_contract`),
  KEY `fk_employee_contract_employee1_idx` (`employee`),
  KEY `fk_employee_contract_employee_contract_type1_idx` (`employee_contract_type`),
  KEY `fk_employee_contract_employee_contract_status1_idx` (`contract_status`),
  KEY `fk_employee_contract_organisation_structure1_idx` (`position`),
  KEY `fk_employee_contract_position_level1_idx` (`position_level`)
) ENGINE=InnoDB  DEFAULT CHARSET=latin1 AUTO_INCREMENT=8 ;

--
-- Dumping data for table `employee_contract`
--

INSERT INTO `employee_contract` (`id_employee_contract`, `contract_number`, `employee`, `join_date`, `end_date`, `employee_contract_type`, `contract_status`, `position`, `position_level`) VALUES
(3, '111111', 3, '2015-03-17', '2015-03-17', 1, 5, 11, 2),
(4, '1111111', 4, '2015-03-17', '2015-03-17', 1, 5, 6, 2),
(5, '111111', 5, '2015-03-16', '2015-03-16', 1, 5, 11, 2),
(6, '111111', 6, '2015-03-16', '2015-03-16', 1, 5, 11, 2),
(7, '111111', 7, '2015-03-14', '2015-03-16', 2, 5, 10, 2);

-- --------------------------------------------------------

--
-- Table structure for table `employee_contract_phase_type`
--

CREATE TABLE IF NOT EXISTS `employee_contract_phase_type` (
  `id_employee_contract_phase_type` int(11) NOT NULL AUTO_INCREMENT,
  `name` varchar(45) DEFAULT NULL COMMENT 'probation I, probation II, hired',
  `abv` varchar(10) DEFAULT NULL,
  PRIMARY KEY (`id_employee_contract_phase_type`)
) ENGINE=InnoDB  DEFAULT CHARSET=latin1 AUTO_INCREMENT=2 ;

--
-- Dumping data for table `employee_contract_phase_type`
--

INSERT INTO `employee_contract_phase_type` (`id_employee_contract_phase_type`, `name`, `abv`) VALUES
(1, 'Probation', 'prob');

-- --------------------------------------------------------

--
-- Table structure for table `employee_contract_status`
--

CREATE TABLE IF NOT EXISTS `employee_contract_status` (
  `id_employee_contract_status` int(11) NOT NULL AUTO_INCREMENT,
  `status_name` varchar(45) NOT NULL COMMENT 'On going, teriminate by employee, terminate by company, close, draft',
  `abv` varchar(45) NOT NULL,
  PRIMARY KEY (`id_employee_contract_status`)
) ENGINE=InnoDB  DEFAULT CHARSET=latin1 AUTO_INCREMENT=6 ;

--
-- Dumping data for table `employee_contract_status`
--

INSERT INTO `employee_contract_status` (`id_employee_contract_status`, `status_name`, `abv`) VALUES
(1, 'On Going', 'on_going'),
(2, 'Terminate by Employee', 'term_emp'),
(3, 'Terminate by Company', 'term_comp'),
(4, 'Close', 'close'),
(5, 'Draft', 'draft');

-- --------------------------------------------------------

--
-- Table structure for table `employee_contract_type`
--

CREATE TABLE IF NOT EXISTS `employee_contract_type` (
  `id_employee_contract_type` int(11) NOT NULL AUTO_INCREMENT,
  `name` varchar(45) NOT NULL COMMENT 'Contract, Permanent, Expatriats',
  `abv` varchar(10) NOT NULL,
  PRIMARY KEY (`id_employee_contract_type`)
) ENGINE=InnoDB  DEFAULT CHARSET=latin1 AUTO_INCREMENT=4 ;

--
-- Dumping data for table `employee_contract_type`
--

INSERT INTO `employee_contract_type` (`id_employee_contract_type`, `name`, `abv`) VALUES
(1, 'Contract', 'CR'),
(2, 'Permanent', 'PR'),
(3, 'Expatriat', 'EXP');

-- --------------------------------------------------------

--
-- Table structure for table `employee_course`
--

CREATE TABLE IF NOT EXISTS `employee_course` (
  `id_employee_course` int(11) NOT NULL AUTO_INCREMENT,
  `name` varchar(45) NOT NULL,
  `field` varchar(45) NOT NULL,
  `provider` varchar(45) NOT NULL,
  `employee_coursecol` varchar(45) DEFAULT NULL,
  `duration_uom` int(11) NOT NULL,
  `duration` float NOT NULL,
  `year` int(11) NOT NULL,
  `supported_by` varchar(10) NOT NULL,
  `remarks` varchar(45) DEFAULT NULL,
  `employee` int(11) NOT NULL,
  `city` int(11) DEFAULT NULL,
  PRIMARY KEY (`id_employee_course`),
  KEY `fk_employee_course_unit_measure1_idx` (`duration_uom`),
  KEY `fk_employee_course_employee1_idx` (`employee`),
  KEY `fk_employee_course_city1_idx` (`city`)
) ENGINE=InnoDB DEFAULT CHARSET=latin1 AUTO_INCREMENT=1 ;

-- --------------------------------------------------------

--
-- Table structure for table `employee_document_detail`
--

CREATE TABLE IF NOT EXISTS `employee_document_detail` (
  `id_employee_document_detail` int(11) NOT NULL AUTO_INCREMENT,
  `employee` int(11) NOT NULL,
  `employee_document_type` int(11) NOT NULL,
  `filepath` text,
  `imagepath` text,
  `attachment_type` varchar(10) NOT NULL COMMENT 'image, file',
  `date_issue` date DEFAULT NULL,
  `date_expire` date DEFAULT NULL,
  `number` varchar(45) NOT NULL,
  PRIMARY KEY (`id_employee_document_detail`),
  KEY `fk_employee_document_detail_employee1_idx` (`employee`),
  KEY `fk_employee_document_detail_employee_document_type1_idx` (`employee_document_type`)
) ENGINE=InnoDB DEFAULT CHARSET=latin1 AUTO_INCREMENT=1 ;

-- --------------------------------------------------------

--
-- Table structure for table `employee_document_type`
--

CREATE TABLE IF NOT EXISTS `employee_document_type` (
  `id_employee_document_type` int(11) NOT NULL AUTO_INCREMENT,
  `name` varchar(45) NOT NULL COMMENT 'KTP, PASSPOR, SIM A, SIM B',
  `type` varchar(45) NOT NULL COMMENT 'Identity, Education',
  PRIMARY KEY (`id_employee_document_type`)
) ENGINE=InnoDB  DEFAULT CHARSET=latin1 AUTO_INCREMENT=7 ;

--
-- Dumping data for table `employee_document_type`
--

INSERT INTO `employee_document_type` (`id_employee_document_type`, `name`, `type`) VALUES
(1, 'KTP', 'identity'),
(2, 'PASSPOR', 'identity'),
(3, 'SIM A', 'driving_license'),
(4, 'SIM C', 'driving_license'),
(5, 'KITAS', 'indentity'),
(6, 'Working Permit', 'business_doc');

-- --------------------------------------------------------

--
-- Table structure for table `employee_emergency_contact`
--

CREATE TABLE IF NOT EXISTS `employee_emergency_contact` (
  `id_employee_emergency_contact` int(11) NOT NULL AUTO_INCREMENT,
  `name` varchar(45) NOT NULL,
  `address` text,
  `city` int(11) NOT NULL,
  `phone` varchar(45) NOT NULL,
  `profession` varchar(45) DEFAULT NULL,
  `relationship` varchar(45) NOT NULL,
  `employee` int(11) NOT NULL,
  PRIMARY KEY (`id_employee_emergency_contact`),
  KEY `fk_employee_emergency_contact_city1_idx` (`city`),
  KEY `fk_employee_emergency_contact_employee1_idx` (`employee`)
) ENGINE=InnoDB DEFAULT CHARSET=latin1 AUTO_INCREMENT=1 ;

-- --------------------------------------------------------

--
-- Table structure for table `employee_experience`
--

CREATE TABLE IF NOT EXISTS `employee_experience` (
  `id_employee_experience` int(11) NOT NULL AUTO_INCREMENT,
  `company_name` varchar(45) NOT NULL,
  `company_address` text,
  `city` int(11) NOT NULL,
  `company_phone` varchar(45) DEFAULT NULL,
  `from_month` int(11) DEFAULT NULL,
  `to_month` int(11) DEFAULT NULL,
  `entry_position` varchar(45) NOT NULL,
  `last_position` varchar(45) NOT NULL,
  `total_employees` int(11) DEFAULT NULL,
  `director_name` varchar(45) DEFAULT NULL,
  `type_of_business` varchar(45) DEFAULT NULL,
  `supervisor` varchar(45) DEFAULT NULL,
  `responsibilities` text NOT NULL,
  `reason_for_leaving` text NOT NULL,
  `last_salary` float NOT NULL,
  `facilities` text,
  `supervisor_phone` varchar(45) DEFAULT NULL,
  `supervisor_can_be_contacted` tinyint(1) DEFAULT NULL,
  `employee` int(11) NOT NULL,
  `from_year` int(11) DEFAULT NULL,
  `to_year` int(11) DEFAULT NULL,
  PRIMARY KEY (`id_employee_experience`),
  KEY `fk_employee_experience_city1_idx` (`city`),
  KEY `fk_employee_experience_employee1_idx` (`employee`)
) ENGINE=InnoDB DEFAULT CHARSET=latin1 AUTO_INCREMENT=1 ;

-- --------------------------------------------------------

--
-- Table structure for table `employee_family_tree`
--

CREATE TABLE IF NOT EXISTS `employee_family_tree` (
  `id_employee_family_tree` int(11) NOT NULL AUTO_INCREMENT,
  `relation` varchar(10) NOT NULL,
  `name` varchar(45) NOT NULL,
  `gender` varchar(10) NOT NULL,
  `birth_place` int(11) NOT NULL,
  `birth_date` date NOT NULL,
  `last_education` int(11) NOT NULL,
  `last_employment_position` varchar(45) DEFAULT NULL,
  `last_employment_company` varchar(45) DEFAULT NULL,
  `remarks` varchar(45) DEFAULT NULL,
  `employee` int(11) NOT NULL,
  PRIMARY KEY (`id_employee_family_tree`),
  KEY `fk_employee_family_tree_city1_idx` (`birth_place`),
  KEY `fk_employee_family_tree_education_level1_idx` (`last_education`),
  KEY `fk_employee_family_tree_employee1_idx` (`employee`)
) ENGINE=InnoDB  DEFAULT CHARSET=latin1 AUTO_INCREMENT=17 ;

--
-- Dumping data for table `employee_family_tree`
--

INSERT INTO `employee_family_tree` (`id_employee_family_tree`, `relation`, `name`, `gender`, `birth_place`, `birth_date`, `last_education`, `last_employment_position`, `last_employment_company`, `remarks`, `employee`) VALUES
(7, 'father', 'Test', 'male', 151, '2015-12-17', 1, '', '', NULL, 4),
(8, 'mother', 'Test', 'female', 151, '2015-12-17', 1, '', '', NULL, 4),
(9, 'father', 'test', 'male', 5, '2015-12-26', 5, '', '', NULL, 5),
(10, 'mother', 'test', 'female', 5, '2015-12-26', 4, '', '', NULL, 5),
(11, 'father', 'Test', 'male', 1, '2015-12-26', 5, '', '', NULL, 6),
(12, 'mother', 'Test', 'female', 1, '2015-12-26', 5, '', '', NULL, 6),
(13, 'father', 'Test', 'male', 151, '2015-12-26', 5, '', '', NULL, 7),
(14, 'mother', 'Test', 'female', 151, '2015-12-26', 5, '', '', NULL, 7),
(15, 'father', 'Test', 'male', 1, '2015-12-17', 1, '', '', NULL, 3),
(16, 'mother', 'Test', 'female', 1, '2015-12-17', 1, '', '', NULL, 3);

-- --------------------------------------------------------

--
-- Table structure for table `employee_languages`
--

CREATE TABLE IF NOT EXISTS `employee_languages` (
  `id_employee_languages` int(11) NOT NULL AUTO_INCREMENT,
  `languages` int(11) NOT NULL,
  `remarks` varchar(45) DEFAULT NULL,
  `employee` int(11) NOT NULL,
  `reading` int(11) NOT NULL,
  `writing` int(11) NOT NULL,
  `speaking` int(11) NOT NULL,
  `hearing` int(11) NOT NULL,
  PRIMARY KEY (`id_employee_languages`),
  KEY `fk_employee_languages_languages1_idx` (`languages`),
  KEY `fk_employee_languages_employee1_idx` (`employee`),
  KEY `fk_employee_languages_language_fluency1_idx` (`reading`),
  KEY `fk_employee_languages_language_fluency2_idx` (`writing`),
  KEY `fk_employee_languages_language_fluency3_idx` (`speaking`),
  KEY `fk_employee_languages_language_fluency4_idx` (`hearing`)
) ENGINE=InnoDB DEFAULT CHARSET=latin1 AUTO_INCREMENT=1 ;

-- --------------------------------------------------------

--
-- Table structure for table `employee_marital`
--

CREATE TABLE IF NOT EXISTS `employee_marital` (
  `id_employee_marital` int(11) NOT NULL AUTO_INCREMENT,
  `employee` int(11) NOT NULL,
  `relation` varchar(45) NOT NULL,
  `index` int(11) NOT NULL,
  `name` varchar(45) NOT NULL,
  `gender` varchar(10) NOT NULL,
  `birth_date` date NOT NULL,
  `birth_place` int(11) NOT NULL,
  `blood_type` varchar(3) DEFAULT NULL,
  `last_employment_position` varchar(45) DEFAULT NULL,
  `last_employment_company` varchar(45) DEFAULT NULL,
  `last_education` int(11) NOT NULL,
  PRIMARY KEY (`id_employee_marital`),
  KEY `fk_employee_family_employee1_idx` (`employee`),
  KEY `fk_employee_marital_city1_idx` (`birth_place`),
  KEY `fk_employee_marital_education_level1_idx` (`last_education`)
) ENGINE=InnoDB DEFAULT CHARSET=latin1 AUTO_INCREMENT=1 ;

-- --------------------------------------------------------

--
-- Table structure for table `employee_resign_history`
--

CREATE TABLE IF NOT EXISTS `employee_resign_history` (
  `id_employee_resign_history` int(11) NOT NULL AUTO_INCREMENT,
  `employee` int(11) NOT NULL,
  `employee_number` bigint(20) NOT NULL,
  `date_resign` date NOT NULL,
  `reason` text NOT NULL,
  PRIMARY KEY (`id_employee_resign_history`),
  KEY `fk_employee_resign_history_employee1_idx` (`employee`)
) ENGINE=InnoDB DEFAULT CHARSET=latin1 AUTO_INCREMENT=1 ;

-- --------------------------------------------------------

--
-- Table structure for table `employee_social`
--

CREATE TABLE IF NOT EXISTS `employee_social` (
  `id_employee_social` int(11) NOT NULL AUTO_INCREMENT,
  `organisation` varchar(45) NOT NULL,
  `activities` varchar(45) NOT NULL,
  `position` varchar(45) NOT NULL,
  `year` int(11) NOT NULL,
  `employee` int(11) NOT NULL,
  PRIMARY KEY (`id_employee_social`),
  KEY `fk_employee_social_employee1_idx` (`employee`)
) ENGINE=InnoDB DEFAULT CHARSET=latin1 AUTO_INCREMENT=1 ;

-- --------------------------------------------------------

--
-- Table structure for table `employee_status`
--

CREATE TABLE IF NOT EXISTS `employee_status` (
  `id_employee_status` int(11) NOT NULL AUTO_INCREMENT,
  `name` varchar(45) NOT NULL COMMENT 'New, Resign,Renewal, Contract Close, Permanent',
  `abv` varchar(10) NOT NULL,
  PRIMARY KEY (`id_employee_status`)
) ENGINE=InnoDB  DEFAULT CHARSET=latin1 AUTO_INCREMENT=6 ;

--
-- Dumping data for table `employee_status`
--

INSERT INTO `employee_status` (`id_employee_status`, `name`, `abv`) VALUES
(1, 'Hired', 'hired'),
(2, 'Resign', 'resign'),
(3, 'Contract Close', 'close'),
(4, 'Listed', 'list'),
(5, 'Recruitment', 'recr');

-- --------------------------------------------------------

--
-- Table structure for table `employee_vehicle`
--

CREATE TABLE IF NOT EXISTS `employee_vehicle` (
  `id_employee_vehicle` int(11) NOT NULL AUTO_INCREMENT,
  `vehicle_type` varchar(10) NOT NULL,
  `merk` varchar(45) NOT NULL,
  `year` int(11) NOT NULL,
  `owner` varchar(20) NOT NULL,
  `employee` int(11) NOT NULL,
  PRIMARY KEY (`id_employee_vehicle`),
  KEY `fk_employee_vehicle_employee1_idx` (`employee`)
) ENGINE=InnoDB DEFAULT CHARSET=latin1 AUTO_INCREMENT=1 ;

-- --------------------------------------------------------

--
-- Table structure for table `employeex`
--

CREATE TABLE IF NOT EXISTS `employeex` (
  `id_employee` int(11) NOT NULL AUTO_INCREMENT,
  `employment_type` int(11) NOT NULL,
  `employee_number` bigint(20) NOT NULL,
  `full_name` varchar(50) NOT NULL,
  `employee_status` int(11) NOT NULL,
  `employee_contract_type` int(11) NOT NULL,
  `birth_city` int(11) DEFAULT NULL,
  `birth_date` date DEFAULT NULL,
  `religion` int(11) DEFAULT NULL,
  `gender` varchar(45) DEFAULT NULL,
  `blood_type` varchar(3) DEFAULT NULL,
  `height` float DEFAULT NULL,
  `weight` float DEFAULT NULL,
  `hobbies` text,
  `tax_status` int(11) DEFAULT NULL,
  `marital_status` varchar(10) DEFAULT NULL,
  `father_name` varchar(45) DEFAULT NULL,
  `mother_name` varchar(45) DEFAULT NULL,
  `marital_date` date DEFAULT NULL,
  `native` varchar(45) DEFAULT NULL,
  `npwp` varchar(45) DEFAULT NULL,
  `npwp_date` date DEFAULT NULL,
  `bpjs` varchar(45) DEFAULT NULL,
  `bpjs_date` date DEFAULT NULL,
  `jamsostek` varchar(45) DEFAULT NULL,
  `jamsostek_date` date DEFAULT NULL,
  `rekening` varchar(45) DEFAULT NULL,
  `bank` int(11) DEFAULT NULL,
  `photo_path` varchar(45) DEFAULT NULL,
  `organisation_structure_id` int(11) DEFAULT NULL,
  PRIMARY KEY (`id_employee`),
  KEY `fk_employee_employee_status1_idx` (`employee_status`),
  KEY `fk_employee_employment_type1_idx` (`employment_type`),
  KEY `fk_employee_employee_contract_type1_idx` (`employee_contract_type`),
  KEY `fk_employee_city2_idx` (`birth_city`),
  KEY `fk_employee_religion1_idx` (`religion`),
  KEY `fk_employee_bank1_idx` (`bank`)
) ENGINE=InnoDB  DEFAULT CHARSET=latin1 AUTO_INCREMENT=8 ;

--
-- Dumping data for table `employeex`
--

INSERT INTO `employeex` (`id_employee`, `employment_type`, `employee_number`, `full_name`, `employee_status`, `employee_contract_type`, `birth_city`, `birth_date`, `religion`, `gender`, `blood_type`, `height`, `weight`, `hobbies`, `tax_status`, `marital_status`, `father_name`, `mother_name`, `marital_date`, `native`, `npwp`, `npwp_date`, `bpjs`, `bpjs_date`, `jamsostek`, `jamsostek_date`, `rekening`, `bank`, `photo_path`, `organisation_structure_id`) VALUES
(3, 2, 1, 'John Doe', 4, 1, 151, '2015-03-17', 1, 'male', 'o', 187, 87, '', NULL, 'married', NULL, NULL, '2015-03-17', 'Indonesia', NULL, NULL, NULL, NULL, NULL, NULL, NULL, NULL, NULL, NULL),
(4, 2, 2, 'John Doel', 4, 1, 151, '2015-03-17', 1, 'male', 'o', 184, 83, '', NULL, 'married', NULL, NULL, '2015-03-17', 'Indonesia', NULL, NULL, NULL, NULL, NULL, NULL, NULL, NULL, NULL, NULL),
(5, 2, 3, 'Adam Smith Edit', 4, 1, 151, '2015-03-16', 1, 'male', 'o', 187, 76, '', NULL, 'married', NULL, NULL, '2015-03-16', 'Indonesia', NULL, NULL, NULL, NULL, NULL, NULL, NULL, NULL, NULL, NULL),
(6, 2, 4, 'John Smith', 4, 1, 151, '2015-03-16', 1, 'male', 'o', 186, 76, '', NULL, 'married', NULL, NULL, '2015-03-16', 'Indonesia', NULL, NULL, NULL, NULL, NULL, NULL, NULL, NULL, NULL, NULL),
(7, 2, 5, 'Abraham Lunggana', 4, 2, 151, '2015-03-16', 1, 'male', 'o', 187, 76, '', NULL, 'married', NULL, NULL, '2015-03-16', 'Indonesia', NULL, NULL, NULL, NULL, NULL, NULL, NULL, NULL, NULL, NULL);

-- --------------------------------------------------------

--
-- Table structure for table `employent_contract_phase_detail`
--

CREATE TABLE IF NOT EXISTS `employent_contract_phase_detail` (
  `id_employent_contract_phase_detail` int(11) NOT NULL AUTO_INCREMENT,
  `employee_contract` int(11) NOT NULL,
  `contract_phase_type` int(11) NOT NULL,
  `start_date` date NOT NULL,
  `end_date` date NOT NULL,
  `status` varchar(15) NOT NULL,
  PRIMARY KEY (`id_employent_contract_phase_detail`),
  KEY `fk_employent_contract_phase_employee_contract1_idx` (`employee_contract`),
  KEY `fk_employent_contract_phase_detail_employee_contract_phase__idx` (`contract_phase_type`)
) ENGINE=InnoDB DEFAULT CHARSET=latin1 AUTO_INCREMENT=1 ;

-- --------------------------------------------------------

--
-- Table structure for table `employment_type`
--

CREATE TABLE IF NOT EXISTS `employment_type` (
  `id_employment_type` int(11) NOT NULL AUTO_INCREMENT,
  `name` varchar(45) NOT NULL COMMENT 'Management, Non Management',
  `abv` varchar(4) NOT NULL,
  PRIMARY KEY (`id_employment_type`)
) ENGINE=InnoDB  DEFAULT CHARSET=latin1 AUTO_INCREMENT=3 ;

--
-- Dumping data for table `employment_type`
--

INSERT INTO `employment_type` (`id_employment_type`, `name`, `abv`) VALUES
(1, 'Management', 'mgmt'),
(2, 'Non Management', 'non_');

-- --------------------------------------------------------

--
-- Table structure for table `ext_company`
--

CREATE TABLE IF NOT EXISTS `ext_company` (
  `id_ext_company` int(11) NOT NULL AUTO_INCREMENT,
  `name` varchar(45) NOT NULL,
  `address` text NOT NULL,
  `npwp` varchar(45) DEFAULT NULL,
  `contact` varchar(45) NOT NULL,
  `tlp` varchar(45) NOT NULL,
  `fax` varchar(45) DEFAULT NULL,
  `email` varchar(45) DEFAULT NULL,
  `rekening` varchar(45) DEFAULT NULL,
  `company_code` varchar(10) NOT NULL,
  `is_supplier` tinyint(1) NOT NULL DEFAULT '0',
  `is_customer` tinyint(1) NOT NULL DEFAULT '0',
  `city` int(11) DEFAULT NULL,
  PRIMARY KEY (`id_ext_company`),
  KEY `fk_ext_company_city1_idx` (`city`)
) ENGINE=InnoDB  DEFAULT CHARSET=latin1 AUTO_INCREMENT=8 ;

--
-- Dumping data for table `ext_company`
--

INSERT INTO `ext_company` (`id_ext_company`, `name`, `address`, `npwp`, `contact`, `tlp`, `fax`, `email`, `rekening`, `company_code`, `is_supplier`, `is_customer`, `city`) VALUES
(1, 'P.T Wahana Usaha Universal', 'Menara Kuningan', 'xxxxxx', 'Faris Rahman', '085720074869', '', 'faris.rahman@wahanausaha.co.id', 'xxxxxx', 'wuu', 1, 0, NULL),
(3, 'P.T Bina Dharmamigena', 'Fatmawati', 'xxxxxx', 'Adhi Nugroho', 'xxxxxx', 'xxxxxx', 'adhi.nugroho.murbini@bdmgroup.co.id', 'xxxxxx', 'bdm', 1, 0, NULL),
(4, 'P.T Cargill Indonesia', 'Jl. Raya Walisongo No. 395 A KM 9.6', 'xxxxxx', 'Bernadus Baiin', 'xxxxxx', '', '', '', 'cgi', 0, 1, 396),
(5, 'P.T Wahana Usaha Universal', 'Menara Kuningan Jl. H. Rasuna Said Kav.XX', 'XXXXXX', 'Faris Rahman', '085720074869', '', 'faris.rahman@wahanausaha.co.id', '', 'wuu', 0, 1, 153),
(6, 'Mitra Buana Solusindo', 'Cempaka Putih', 'xxxxxx', 'Roy Buana', '02122323232', '', 'roy.buana@mbs.com', '', 'mbs', 0, 1, 153),
(7, 'P.T Hino Motors Sales Indonesia', 'Alamat', 'xxxxxxx', 'Pak Bayu', 'xxxxxxx', 'xxxxxxx', 'xxxxxxxx', 'xxxxxxxx', 'hno', 0, 1, 152);

-- --------------------------------------------------------

--
-- Table structure for table `fdcommand_register`
--

CREATE TABLE IF NOT EXISTS `fdcommand_register` (
  `id_fdcommand_register` int(11) NOT NULL AUTO_INCREMENT,
  `command` text NOT NULL,
  PRIMARY KEY (`id_fdcommand_register`)
) ENGINE=InnoDB  DEFAULT CHARSET=latin1 AUTO_INCREMENT=50 ;

--
-- Dumping data for table `fdcommand_register`
--

INSERT INTO `fdcommand_register` (`id_fdcommand_register`, `command`) VALUES
(1, 'enroll_fingerprint'),
(2, 'enroll_fingerprint'),
(3, 'enroll_fingerprint'),
(4, 'enroll_fingerprint'),
(5, 'enroll_fingerprint'),
(6, 'enroll_fingerprint'),
(7, 'enroll_fingerprint'),
(8, 'enroll_fingerprint'),
(9, 'enroll_fingerprint'),
(10, 'enroll_fingerprint'),
(11, 'enroll_fingerprint'),
(12, 'enroll_fingerprint'),
(13, 'enroll_fingerprint'),
(14, 'enroll_fingerprint'),
(15, 'enroll_fingerprint'),
(16, 'enroll_fingerprint'),
(17, 'enroll_fingerprint'),
(18, 'enroll_fingerprint'),
(19, 'enroll_fingerprint'),
(20, 'enroll_fingerprint'),
(21, 'register_user_bulk'),
(22, 'register_user_bulk'),
(23, 'enroll_fingerprint'),
(24, 'enroll_fingerprint'),
(25, 'register_user_bulk'),
(26, 'enroll_fingerprint'),
(27, 'enroll_fingerprint'),
(28, 'enroll_fingerprint'),
(29, 'enroll_fingerprint'),
(30, 'enroll_fingerprint'),
(31, 'register_user_bulk'),
(32, 'enroll_fingerprint'),
(33, 'register_user_bulk'),
(34, 'register_user_bulk'),
(35, 'register_user_bulk'),
(36, 'register_user_bulk'),
(37, 'enroll_fingerprint'),
(38, 'register_user_bulk'),
(39, 'enroll_fingerprint'),
(40, 'enroll_fingerprint'),
(41, 'enroll_fingerprint'),
(42, 'enroll_fingerprint'),
(43, 'register_user_bulk'),
(44, 'register_user_bulk'),
(45, 'register_user_bulk'),
(46, 'register_user_bulk'),
(47, 'register_user_bulk'),
(48, 'enroll_fingerprint'),
(49, 'register_user_bulk');

-- --------------------------------------------------------

--
-- Table structure for table `fingerprint_assign`
--

CREATE TABLE IF NOT EXISTS `fingerprint_assign` (
  `id_fingerprint_assign` int(11) NOT NULL AUTO_INCREMENT,
  `work_order` int(11) NOT NULL,
  `app_id` varchar(45) NOT NULL,
  `status` varchar(45) NOT NULL,
  `site` int(11) NOT NULL,
  PRIMARY KEY (`id_fingerprint_assign`),
  KEY `fk_fingerprint_assign_work_order1_idx` (`work_order`),
  KEY `fk_fingerprint_assign_customer_site1_idx` (`site`)
) ENGINE=InnoDB  DEFAULT CHARSET=latin1 AUTO_INCREMENT=9 ;

--
-- Dumping data for table `fingerprint_assign`
--

INSERT INTO `fingerprint_assign` (`id_fingerprint_assign`, `work_order`, `app_id`, `status`, `site`) VALUES
(4, 1, 'APPID1500011', 'assigned', 1),
(5, 6, 'APPID1500061', 'assigned', 1),
(6, 9, 'APPID1500093', 'assigned', 3),
(7, 10, 'APPID1500103', 'assigned', 3),
(8, 12, 'APPID1500126', 'assigned', 6);

-- --------------------------------------------------------

--
-- Table structure for table `fingerprint_assign_detail`
--

CREATE TABLE IF NOT EXISTS `fingerprint_assign_detail` (
  `id_fingerprint_assign_detail` int(11) NOT NULL AUTO_INCREMENT,
  `fingerprint_assign` int(11) NOT NULL,
  `fingerprint_device` int(11) NOT NULL,
  `ip_local` varchar(45) NOT NULL,
  `comm_password` int(11) NOT NULL,
  `fdid` int(11) NOT NULL,
  `port` int(11) DEFAULT NULL,
  PRIMARY KEY (`id_fingerprint_assign_detail`),
  KEY `fk_fingerprint_assign_detail_fingerprint_assign1_idx` (`fingerprint_assign`),
  KEY `fk_fingerprint_assign_detail_fingerprint_device1_idx` (`fingerprint_device`)
) ENGINE=InnoDB  DEFAULT CHARSET=latin1 AUTO_INCREMENT=16 ;

--
-- Dumping data for table `fingerprint_assign_detail`
--

INSERT INTO `fingerprint_assign_detail` (`id_fingerprint_assign_detail`, `fingerprint_assign`, `fingerprint_device`, `ip_local`, `comm_password`, `fdid`, `port`) VALUES
(11, 4, 1, '192.168.13.200', 111111, 1, 4370),
(12, 5, 1, '192.168.1.11', 111111, 1, 4370),
(13, 6, 1, '192.168.1.11', 111111, 1, 4370),
(14, 7, 1, '192.168.1.11', 111111, 1, 4370),
(15, 8, 1, '192.168.1.11', 111111, 1, 4370);

-- --------------------------------------------------------

--
-- Table structure for table `fingerprint_device`
--

CREATE TABLE IF NOT EXISTS `fingerprint_device` (
  `id_fingerprint_device` int(11) NOT NULL AUTO_INCREMENT,
  `merk` varchar(45) NOT NULL,
  `series` varchar(45) NOT NULL,
  `serial_number` varchar(45) NOT NULL,
  `ip_local_setting` varchar(45) NOT NULL,
  `comm_password` varchar(45) NOT NULL,
  `status` varchar(45) NOT NULL,
  PRIMARY KEY (`id_fingerprint_device`)
) ENGINE=InnoDB  DEFAULT CHARSET=latin1 AUTO_INCREMENT=2 ;

--
-- Dumping data for table `fingerprint_device`
--

INSERT INTO `fingerprint_device` (`id_fingerprint_device`, `merk`, `series`, `serial_number`, `ip_local_setting`, `comm_password`, `status`) VALUES
(1, 'Fingerplus', 'ZT1800', '0266142700024', '192.168.1.11', '111111', 'active');

-- --------------------------------------------------------

--
-- Table structure for table `fingerprint_event`
--

CREATE TABLE IF NOT EXISTS `fingerprint_event` (
  `id_fingerprint_event` int(11) NOT NULL AUTO_INCREMENT,
  `datetime` datetime NOT NULL,
  `employee` int(11) NOT NULL,
  PRIMARY KEY (`id_fingerprint_event`,`employee`),
  KEY `fk_fingerprint_event_employee1_idx` (`employee`)
) ENGINE=InnoDB DEFAULT CHARSET=latin1 AUTO_INCREMENT=1 ;

-- --------------------------------------------------------

--
-- Table structure for table `fingerprint_template`
--

CREATE TABLE IF NOT EXISTS `fingerprint_template` (
  `id_fingerprint_template` int(11) NOT NULL AUTO_INCREMENT,
  `employee` int(11) NOT NULL,
  `fingerprint_tmp` text NOT NULL,
  `fid` int(11) NOT NULL,
  `flag` varchar(45) NOT NULL,
  `tmp_length` int(11) DEFAULT NULL,
  `password` varchar(10) DEFAULT NULL,
  PRIMARY KEY (`id_fingerprint_template`),
  KEY `fk_fingerprint_template_employee1_idx` (`employee`)
) ENGINE=InnoDB  DEFAULT CHARSET=latin1 AUTO_INCREMENT=9 ;

--
-- Dumping data for table `fingerprint_template`
--

INSERT INTO `fingerprint_template` (`id_fingerprint_template`, `employee`, `fingerprint_tmp`, `fid`, `flag`, `tmp_length`, `password`) VALUES
(1, 7, 'ocoTgowmQEEW4a51QQwtHUIBCecPQAEF7B5ZgQh9s2KBFT86REETHTZswRBBvVEBOI61RUETIy85wRNAJTPBDlQXQsEKcI1PwQV3tVCBJKUfKAEKXJIwQQRtr01BOyyecAENGi5kyxKnZE4VDxThx3YBBAfAxW6ivbq6wMRqo7vbu7rAw2Wjq73duwzAw2KhnMx3oezLwMNeoZzNdQah3dvAw1pbX2NsdwYOFRsdwMJXgVldanYIExwgIsDCU6FommECDx0jJijAwU+idYd3J6E9uivAwUmldmVSBqpnwMJFolUzFTA5PDg0wMJAoVUyJiMxSEU+wMM3oTMCFwFXTEXAxC0oIBoFbFtTScDJY1hQS8DJXlVRTMDJXVhT4A==', 0, '0', 384, NULL),
(2, 4, 'ocoXgY27OAEJRMcvgQVKIUNBFhKpWIEJJSY3gR0AHzLBDOQgTQEPFrI9QR01vVmBBjkkT8EIjpMfQQnXkzyBDO2cKUEJ2jxNgQo/mTxBDG0RL0EI4olHwQUDMzfBHUQwJcEFxw09gQ1skhJBBlc6RMEKPS45gVsZRhTsDQ8UxGqh27rAwl+j3ey728DBXKSr79y8y8DBW6Ss3u3M28B+WaWZ3t/d3MvAflelms/v/d3bwH5Woaq+anKi/+3aHcB+VaGavmlyAwyh7csfwH5UoZm+aHQGEaHruiDAflKhma5oAQ4YocqZIcB+UKGKnWUHFR2iu4mJfkyhmaxbFR6h65mCwUmhqqM0K6GJmIHAwUahqoI7ohV3hy3AwUSlqoRSVXZmwMJFpJhnV0VVLsDCR6SWh2dUVTLAwkmklodnZUY4wMNMo3h2dmQ+wMRLgaF3d+A=', 0, '0', 452, NULL),
(3, 3, 'ocohg42kTYELOqdKAQo5oz9BKUylQUEPSzQmQQ8rth/BDzKoO0EPwqk8wRfIr02BB0ixUsEJQMNRQSFpxVTBK2ekWkEHNDJgQQk6O1CBD045LcEamSUmAQlAGEYBJBAoZUEHMS1BwRZXuTwBL4ATUgESFx07gS3kQU2BHcmqEkEJQytNgQevHS9BCcwxRYEIVz0sgRd6ijbBDN6SF8EHyYZAgQporjkBRqxFRMgPxPQMD6wALwgPFMNaod7eAQfAwlahvO5xAQcNEMDBVKGbzWhwAaH/zMB+UaKau+9xAgoSFxrAflChmbxeZnEFDxccHh/Afk+hmatbY3MMFqHrmsB+TqGYm1dgAxeh7KklwH5Nonl6vhui3LmYwH5Lond4lzctopiHeH5KpmVmmGFmVmd+SKZUVZ2zRVVnfkahRDQzPkaiVERHMH5CoWIiKjxKokM0N8B+QD44MCcgIU+iMTM3wH5BQDoqHRV0WU6hAyMywMFJVnUFBXZnWE2hEhPAwmhxodxQY1pSSj/Awmqh7ch0a2VeWcDDcqK8ZQVlwMUAd3Rr4AA=', 0, '0', 564, NULL),
(6, 9, 'ocoVgoi2TAEOQrhSQRE/GizBCu4fWsELIDBagQozQk5BCFIkJ8EZ5DJGQRJAOzPBOpa4JkEOJDQ2wSamsijBDistMsEvMKwewRFEIhtBD1eVLYELdR5CAQmDDC6BBAMbEgEIYg4fQQRzjT4BBX8uFEsMp+QNDg8UwMN1os27mcDCc6O726qawMFwo6vMu6oRwMFto6zNu7sTwMFqpKvu3KybwMFmaW1yAqL9upnAfl6hy98CCqHtuRnAflpcX2dwAwsToeyYwH5VVVddbAUPGaHrmCPAfk9QUFRhDhkhodqIKcB+SkpIRzoqoV2oLIHAwUOkQgW9hVYuwME6oUEoOkShMzXAwTKhYiRSoTI0O8DCKCUeDF5UoRM3wMIlIRgAYVhSTkvAwx4SdmRaVVJPwMQNdmVZVVHgAAA=', 0, '0', 420, NULL),
(7, 10, 'ocoXgpGwZQERPjFdwQ1HHz8BIzIgOYElLw1eQQadDleBDJieVwEIMqQuQRExMi9BECSWXgEGKCtSQQ1EqF2BBTsoSkEVSio1wQ4jJz4BNKMdREEVkhI5ARJ3CUPBDIYqIwEEOZw6gVFkkCCBEFe3PkEteINYgQUdMZRHDqJEDA8PFMDEdQQKEBgfwMNudqLu/+rAwl1pcwIJEhkfIsDBUFdib3cJFBwhJCbAfklLT1lpdAoZofy5wH5FRkhNWW4QHiYqKyvAfkOheatJKqFumS7AfkKlaHYEfId2wH5BpWZEK+xXd8DBP6FjFDRDoaJHwME+oVMkO0+hQjbAwT6hMyM7U6FCJcDBPKFDEGVZoRMlwME7NjEqHnNdoQQmwMI0LybBYqEEJcDIXllV4AA=', 0, '0', 404, NULL),
(8, 13, 'ocoVgZE2Q4EMPTc/AQ1DpVNBCSw5XwEMNRtAwRUXmS8BDecbSgEQG7pRgQc/rDdBHTc/JwELR59KgQeRIDSBIAcVKQEK3w09QQ0DtDDBCUUtMUEbRhM8QQ10wSqBBr0oM0FsHAoywQnmqSDBB8hHRIoMDxTAxXCh7crAw2Oi7v7bEMDCXmJob3eh/M0WwMJdYWhvdweh7OrAwltfZm8Bov/tucDBWFldZG8DDBSh7KrAwVZXWmJxCROh/LolwMFTVFhecxAboduZJ8DBUFFUWQgcoe2pgcDBTE1QTzcpoZuYgcDCSktHPKEGl4LAwkekljJWd3fAwkaBo1VlZGbAwkWkmHZ1Y0bAwkiBo3dlU1bAw0qjh2ZlVDjAxE6iV1dVPcDFTaFmdkTgAA==', 0, '0', 400, NULL);

-- --------------------------------------------------------

--
-- Table structure for table `gr`
--

CREATE TABLE IF NOT EXISTS `gr` (
  `id_gr` int(11) NOT NULL AUTO_INCREMENT,
  `po` int(11) NOT NULL,
  `date` date NOT NULL,
  `do` varchar(45) DEFAULT NULL,
  `gr_number` varchar(45) NOT NULL,
  `status` varchar(45) NOT NULL,
  PRIMARY KEY (`id_gr`),
  KEY `fk_gr_po1_idx` (`po`)
) ENGINE=InnoDB  DEFAULT CHARSET=latin1 AUTO_INCREMENT=3 ;

--
-- Dumping data for table `gr`
--

INSERT INTO `gr` (`id_gr`, `po`, `date`, `do`, `gr_number`, `status`) VALUES
(1, 1, '2015-01-25', 'DN123332', 'GR150001', 'transfer'),
(2, 3, '2015-01-30', '123123', 'GR150002', 'transfer');

-- --------------------------------------------------------

--
-- Table structure for table `gr_product`
--

CREATE TABLE IF NOT EXISTS `gr_product` (
  `id_gr_product` int(11) NOT NULL AUTO_INCREMENT,
  `gr` int(11) NOT NULL,
  `product` bigint(20) NOT NULL,
  `qty` float NOT NULL DEFAULT '0',
  `uom` int(11) NOT NULL,
  PRIMARY KEY (`id_gr_product`),
  KEY `fk_gr_product_gr1_idx` (`gr`),
  KEY `fk_gr_product_product1_idx` (`product`),
  KEY `fk_gr_product_unit_measure1_idx` (`uom`)
) ENGINE=InnoDB  DEFAULT CHARSET=latin1 AUTO_INCREMENT=4 ;

--
-- Dumping data for table `gr_product`
--

INSERT INTO `gr_product` (`id_gr_product`, `gr`, `product`, `qty`, `uom`) VALUES
(1, 1, 2, 10, 2),
(2, 1, 3, 5, 2),
(3, 2, 2, 10, 2);

-- --------------------------------------------------------

--
-- Table structure for table `group`
--

CREATE TABLE IF NOT EXISTS `group` (
  `id_group` int(11) NOT NULL AUTO_INCREMENT,
  `name` varchar(45) NOT NULL,
  `description` text,
  `created_by` int(11) NOT NULL,
  `administrator` int(11) NOT NULL,
  PRIMARY KEY (`id_group`),
  KEY `fk_group_user1_idx` (`created_by`),
  KEY `fk_group_user2_idx` (`administrator`)
) ENGINE=InnoDB  DEFAULT CHARSET=latin1 AUTO_INCREMENT=3 ;

--
-- Dumping data for table `group`
--

INSERT INTO `group` (`id_group`, `name`, `description`, `created_by`, `administrator`) VALUES
(1, 'Group Test', 'Testing Group', 2, 2),
(2, 'Busdev', 'Busdev Group', 2, 2);

-- --------------------------------------------------------

--
-- Table structure for table `group_member`
--

CREATE TABLE IF NOT EXISTS `group_member` (
  `id_group_member` int(11) NOT NULL AUTO_INCREMENT,
  `group` int(11) NOT NULL,
  `user_member` int(11) NOT NULL,
  PRIMARY KEY (`id_group_member`),
  KEY `fk_group_member_group1_idx` (`group`),
  KEY `fk_group_member_user1_idx` (`user_member`)
) ENGINE=InnoDB  DEFAULT CHARSET=latin1 AUTO_INCREMENT=13 ;

--
-- Dumping data for table `group_member`
--

INSERT INTO `group_member` (`id_group_member`, `group`, `user_member`) VALUES
(1, 1, 42),
(2, 1, 43),
(3, 1, 46),
(10, 2, 42),
(11, 2, 43),
(12, 2, 46);

-- --------------------------------------------------------

--
-- Table structure for table `gudang`
--

CREATE TABLE IF NOT EXISTS `gudang` (
  `id_warehouse` int(11) NOT NULL AUTO_INCREMENT,
  `name` varchar(45) NOT NULL,
  `address` text NOT NULL,
  `note` text,
  `kode_lokasi` varchar(45) NOT NULL,
  `is_virtual` tinyint(1) NOT NULL DEFAULT '0',
  PRIMARY KEY (`id_warehouse`)
) ENGINE=InnoDB  DEFAULT CHARSET=latin1 AUTO_INCREMENT=6 ;

--
-- Dumping data for table `gudang`
--

INSERT INTO `gudang` (`id_warehouse`, `name`, `address`, `note`, `kode_lokasi`, `is_virtual`) VALUES
(1, 'bb', 'bb', 'bb', 'bb', 0),
(2, 'gg', 'gg', 'ggg', 'ggg', 0),
(3, 'Finish Product', '', '', 'prod', 0),
(4, 'Raw Material', '', '', 'raw', 0),
(5, 'Virtual Location', '', '', 'vloc', 1);

-- --------------------------------------------------------

--
-- Table structure for table `inquiry`
--

CREATE TABLE IF NOT EXISTS `inquiry` (
  `id_inquiry` int(11) NOT NULL AUTO_INCREMENT,
  `inquiry_number` varchar(45) DEFAULT NULL,
  `inquiry_date` date NOT NULL,
  `customer` int(11) NOT NULL,
  `expected_delivery` date NOT NULL,
  `notes` text,
  `status` varchar(45) DEFAULT NULL,
  `sales_person` text,
  `inquiry_detail` text,
  PRIMARY KEY (`id_inquiry`),
  KEY `fk_inquiry_ext_company1_idx` (`customer`)
) ENGINE=InnoDB  DEFAULT CHARSET=latin1 AUTO_INCREMENT=18 ;

--
-- Dumping data for table `inquiry`
--

INSERT INTO `inquiry` (`id_inquiry`, `inquiry_number`, `inquiry_date`, `customer`, `expected_delivery`, `notes`, `status`, `sales_person`, `inquiry_detail`) VALUES
(1, 'INQ150001', '2015-02-11', 4, '2015-02-11', 'ok', '+', NULL, NULL),
(2, 'INQ150002', '2015-03-06', 4, '2015-03-10', '', 'open', NULL, NULL),
(3, 'INQ150003', '2015-03-18', 4, '2015-03-18', '', 'close', NULL, NULL),
(4, 'INQ150004', '2015-03-28', 4, '2015-03-28', 'ok', 'close', NULL, NULL),
(5, 'INQ150005', '2015-03-29', 4, '2015-03-29', 'ok 1', 'close', NULL, NULL),
(6, 'INQ150006', '2015-04-02', 4, '2015-04-06', '', 'open', NULL, NULL),
(7, 'INQ150007', '2015-04-04', 5, '2015-04-24', '', 'close', NULL, NULL),
(8, 'INQ150008', '2015-04-05', 5, '2015-04-25', '', 'close', NULL, NULL),
(9, 'INQ150009', '2015-04-07', 5, '2015-04-30', '', '*', NULL, NULL),
(10, 'INQ150010', '2015-04-08', 6, '2015-04-30', '', 'close', NULL, NULL),
(11, 'INQ150011', '2015-04-08', 6, '2015-04-30', '', 'close', NULL, NULL),
(12, 'INQ150012', '2015-04-15', 5, '2015-04-30', '', 'close', NULL, NULL),
(13, 'INQ150013', '2015-04-15', 5, '2015-04-30', '', 'open', NULL, NULL),
(14, 'INQ150014', '2015-04-15', 7, '2015-04-23', '', 'close', NULL, NULL),
(15, 'INQ150015', '2015-04-15', 7, '2015-04-16', '', 'draft', NULL, NULL),
(16, 'INQ150016', '2015-04-21', 4, '2015-04-22', '', 'close', NULL, NULL),
(17, 'INQ150017', '2015-05-06', 7, '2015-05-14', NULL, 'close', 'Faris Rahman', 'Test');

-- --------------------------------------------------------

--
-- Table structure for table `inquiry_product`
--

CREATE TABLE IF NOT EXISTS `inquiry_product` (
  `id_inquiry_product` int(11) NOT NULL AUTO_INCREMENT,
  `inquiry` int(11) NOT NULL,
  `product` bigint(20) NOT NULL,
  `uom` int(11) NOT NULL,
  `qty_request` float DEFAULT NULL,
  `qty_deliver` float DEFAULT NULL,
  `remark` varchar(45) DEFAULT NULL,
  PRIMARY KEY (`id_inquiry_product`),
  KEY `fk_inquiry_product_inquiry1_idx` (`inquiry`),
  KEY `fk_inquiry_product_product1_idx` (`product`),
  KEY `fk_inquiry_product_unit_measure1_idx` (`uom`)
) ENGINE=InnoDB  DEFAULT CHARSET=latin1 AUTO_INCREMENT=11 ;

--
-- Dumping data for table `inquiry_product`
--

INSERT INTO `inquiry_product` (`id_inquiry_product`, `inquiry`, `product`, `uom`, `qty_request`, `qty_deliver`, `remark`) VALUES
(1, 1, 2, 2, 0, 0, ''),
(2, 2, 4, 19, 10, 10, ''),
(3, 3, 2, 2, 10, 10, 'ok'),
(4, 4, 2, 2, 10, 10, 'ok1'),
(5, 4, 3, 2, 5, 5, 'ok2'),
(6, 5, 2, 2, 10, 10, 'OK'),
(7, 5, 3, 2, 20, 20, 'OK 2'),
(8, 6, 4, 19, 0, 0, ''),
(9, 7, 4, 19, 20, 20, ''),
(10, 8, 4, 19, 10, 10, '');

-- --------------------------------------------------------

--
-- Table structure for table `insentive`
--

CREATE TABLE IF NOT EXISTS `insentive` (
  `id` int(10) unsigned NOT NULL AUTO_INCREMENT,
  `master_salary_type_id` int(11) DEFAULT NULL,
  `employee_id` int(11) DEFAULT NULL,
  `payroll_periode_id` int(11) DEFAULT NULL,
  `nominal` double DEFAULT NULL,
  `description` text,
  PRIMARY KEY (`id`)
) ENGINE=InnoDB  DEFAULT CHARSET=latin1 AUTO_INCREMENT=19 ;

--
-- Dumping data for table `insentive`
--

INSERT INTO `insentive` (`id`, `master_salary_type_id`, `employee_id`, `payroll_periode_id`, `nominal`, `description`) VALUES
(1, 0, 0, 0, 500000, '500000'),
(3, 5, 8, 2, 350000, 'Tambahan Pajak'),
(4, 7, 8, 2, 2300000, 'Bagi Hasil '),
(5, 0, 0, 0, 2500000, '252525'),
(7, 0, 0, 0, 5000000, 'Lima Juta Rupiah'),
(8, 0, 0, 0, 5000000, '500000'),
(9, 0, 0, 0, 0, ''),
(10, 0, 0, 0, 400000, '0'),
(11, 0, 0, 0, 0, '0'),
(13, 0, 0, 0, 5000000, 'Lima Ratus Ribu Rupiah'),
(14, 0, 0, 0, 700000, 'Lembur Tambahan'),
(15, 0, 0, 0, 700000, 'Tujuh Ratus Ribu Rupiah'),
(16, 3, 0, 0, 70000, 'Uang Makan'),
(17, 2, 0, 0, 700000, 'Lembur'),
(18, 2, 0, 0, 500000, 'Gapok');

-- --------------------------------------------------------

--
-- Table structure for table `internal_delivery`
--

CREATE TABLE IF NOT EXISTS `internal_delivery` (
  `id_internal_delivery` int(11) NOT NULL AUTO_INCREMENT,
  `mr` int(11) DEFAULT NULL,
  `so` int(11) DEFAULT NULL,
  `date` date NOT NULL,
  `id_number` varchar(45) NOT NULL,
  `status` varchar(45) NOT NULL,
  PRIMARY KEY (`id_internal_delivery`),
  KEY `fk_internal_delivery_mr1_idx` (`mr`),
  KEY `fk_internal_delivery_so1_idx` (`so`)
) ENGINE=InnoDB DEFAULT CHARSET=latin1 AUTO_INCREMENT=1 ;

-- --------------------------------------------------------

--
-- Table structure for table `internal_delivery_product`
--

CREATE TABLE IF NOT EXISTS `internal_delivery_product` (
  `id_internal_delivery_product` int(11) NOT NULL AUTO_INCREMENT,
  `internal_delivery` int(11) NOT NULL,
  `product` bigint(20) NOT NULL,
  `qty` decimal(10,0) NOT NULL,
  PRIMARY KEY (`id_internal_delivery_product`),
  KEY `fk_internal_delivery_product_internal_delivery1_idx` (`internal_delivery`),
  KEY `fk_internal_delivery_product_product1_idx` (`product`)
) ENGINE=InnoDB DEFAULT CHARSET=latin1 AUTO_INCREMENT=1 ;

-- --------------------------------------------------------

--
-- Table structure for table `internal_delivery_return`
--

CREATE TABLE IF NOT EXISTS `internal_delivery_return` (
  `id_internal_delivery_return` int(11) NOT NULL,
  `date` date NOT NULL,
  `idr_number` varchar(45) NOT NULL,
  `status` varchar(45) NOT NULL,
  `from` varchar(45) NOT NULL,
  `to` varchar(45) NOT NULL,
  `note` varchar(45) DEFAULT NULL,
  `so` int(11) NOT NULL,
  PRIMARY KEY (`id_internal_delivery_return`),
  KEY `fk_internal_delivery_return_so1_idx` (`so`)
) ENGINE=InnoDB DEFAULT CHARSET=latin1;

-- --------------------------------------------------------

--
-- Table structure for table `internal_delivery_return_product`
--

CREATE TABLE IF NOT EXISTS `internal_delivery_return_product` (
  `id_internal_delivery_return_product` int(11) NOT NULL,
  `internal_delivery_return` int(11) NOT NULL,
  `qty` float NOT NULL,
  `uom` int(11) NOT NULL,
  `product` bigint(20) NOT NULL,
  `source_location` int(11) NOT NULL,
  PRIMARY KEY (`id_internal_delivery_return_product`),
  KEY `fk_internal_delivery_return_product_internal_delivery_retur_idx` (`internal_delivery_return`),
  KEY `fk_internal_delivery_return_product_unit_measure1_idx` (`uom`),
  KEY `fk_internal_delivery_return_product_product1_idx` (`product`),
  KEY `fk_internal_delivery_return_product_gudang1_idx` (`source_location`)
) ENGINE=InnoDB DEFAULT CHARSET=latin1;

-- --------------------------------------------------------

--
-- Table structure for table `invoice`
--

CREATE TABLE IF NOT EXISTS `invoice` (
  `id_invoice` int(11) unsigned NOT NULL AUTO_INCREMENT,
  `total_invoice` float NOT NULL,
  `total_tax` float NOT NULL,
  `sub_total` float NOT NULL,
  `no_rekening` float NOT NULL,
  `status_invoice` enum('ok','bill','draft') NOT NULL DEFAULT 'draft',
  `invoice_date` date NOT NULL,
  `email` varchar(255) DEFAULT NULL,
  `link_invoice_pdf` varchar(255) DEFAULT NULL,
  `payroll_wo_id` int(11) DEFAULT NULL,
  `invoice_number` varchar(255) DEFAULT NULL,
  PRIMARY KEY (`id_invoice`)
) ENGINE=InnoDB  DEFAULT CHARSET=latin1 AUTO_INCREMENT=8 ;

--
-- Dumping data for table `invoice`
--

INSERT INTO `invoice` (`id_invoice`, `total_invoice`, `total_tax`, `sub_total`, `no_rekening`, `status_invoice`, `invoice_date`, `email`, `link_invoice_pdf`, `payroll_wo_id`, `invoice_number`) VALUES
(7, 7584870, 0, 7584870, 0, 'draft', '2015-04-30', 'xxxxxx', NULL, 14, 'INV150001');

-- --------------------------------------------------------

--
-- Table structure for table `invoice_detail`
--

CREATE TABLE IF NOT EXISTS `invoice_detail` (
  `id` int(10) unsigned NOT NULL AUTO_INCREMENT,
  `invoice_id` int(11) DEFAULT NULL,
  `unit` varchar(255) DEFAULT NULL,
  `description` varchar(255) DEFAULT NULL,
  `quantity` int(10) DEFAULT NULL,
  `price` double DEFAULT NULL,
  `product` bigint(20) DEFAULT NULL,
  PRIMARY KEY (`id`)
) ENGINE=InnoDB  DEFAULT CHARSET=latin1 AUTO_INCREMENT=3 ;

--
-- Dumping data for table `invoice_detail`
--

INSERT INTO `invoice_detail` (`id`, `invoice_id`, `unit`, `description`, `quantity`, `price`, `product`) VALUES
(1, 7, NULL, NULL, 1, 3914970, NULL),
(2, 7, NULL, NULL, 1, 3669899.76, NULL);

-- --------------------------------------------------------

--
-- Table structure for table `join_item`
--

CREATE TABLE IF NOT EXISTS `join_item` (
  `id_join_item` int(11) NOT NULL AUTO_INCREMENT,
  `join_item_number` varchar(45) NOT NULL,
  `date` date NOT NULL,
  `activity` varchar(45) NOT NULL,
  `qty` float DEFAULT NULL,
  `bom` int(11) NOT NULL,
  `gudang` int(11) DEFAULT NULL,
  `status` varchar(45) NOT NULL,
  PRIMARY KEY (`id_join_item`),
  KEY `fk_join_item_bom1_idx` (`bom`),
  KEY `fk_join_item_gudang1_idx` (`gudang`)
) ENGINE=InnoDB DEFAULT CHARSET=latin1 AUTO_INCREMENT=1 ;

-- --------------------------------------------------------

--
-- Table structure for table `join_item_product`
--

CREATE TABLE IF NOT EXISTS `join_item_product` (
  `id_join_item_product` int(11) NOT NULL AUTO_INCREMENT,
  `product` bigint(20) NOT NULL,
  `qty_bom` float NOT NULL,
  `qty_transfer` float NOT NULL,
  `gudang` int(11) DEFAULT NULL,
  `join_item` int(11) NOT NULL,
  PRIMARY KEY (`id_join_item_product`),
  KEY `fk_join_item_product_product1_idx` (`product`),
  KEY `fk_join_item_product_gudang1_idx` (`gudang`),
  KEY `fk_join_item_product_join_item1_idx` (`join_item`)
) ENGINE=InnoDB DEFAULT CHARSET=latin1 AUTO_INCREMENT=1 ;

-- --------------------------------------------------------

--
-- Table structure for table `language_fluency`
--

CREATE TABLE IF NOT EXISTS `language_fluency` (
  `id_language_fluency` int(11) NOT NULL AUTO_INCREMENT,
  `name` varchar(45) NOT NULL,
  `value` int(11) NOT NULL,
  PRIMARY KEY (`id_language_fluency`)
) ENGINE=InnoDB  DEFAULT CHARSET=latin1 AUTO_INCREMENT=4 ;

--
-- Dumping data for table `language_fluency`
--

INSERT INTO `language_fluency` (`id_language_fluency`, `name`, `value`) VALUES
(1, 'basic', 1),
(2, 'middle', 2),
(3, 'advance', 3);

-- --------------------------------------------------------

--
-- Table structure for table `languages`
--

CREATE TABLE IF NOT EXISTS `languages` (
  `id_languages` int(11) NOT NULL AUTO_INCREMENT,
  `name` varchar(45) NOT NULL,
  PRIMARY KEY (`id_languages`)
) ENGINE=InnoDB  DEFAULT CHARSET=latin1 AUTO_INCREMENT=9 ;

--
-- Dumping data for table `languages`
--

INSERT INTO `languages` (`id_languages`, `name`) VALUES
(1, 'Indonesia'),
(2, 'English'),
(3, 'Japanese'),
(4, 'Mandarin'),
(5, 'Malay'),
(6, 'Dutch'),
(7, 'France'),
(8, 'Korean');

-- --------------------------------------------------------

--
-- Table structure for table `master_salary_type`
--

CREATE TABLE IF NOT EXISTS `master_salary_type` (
  `id` int(10) unsigned NOT NULL AUTO_INCREMENT,
  `salary_code` varchar(15) DEFAULT NULL,
  `salary_type` varchar(255) DEFAULT NULL,
  `description` varchar(255) DEFAULT NULL,
  PRIMARY KEY (`id`)
) ENGINE=InnoDB  DEFAULT CHARSET=latin1 AUTO_INCREMENT=11 ;

--
-- Dumping data for table `master_salary_type`
--

INSERT INTO `master_salary_type` (`id`, `salary_code`, `salary_type`, `description`) VALUES
(1, 'ST1', 'Gaji Pokok', '%bulan% X %base_salary%'),
(2, 'ST2', 'Overtime', ' %jam% X %base_overtime%'),
(3, 'ST3', 'Uang Makan', '%hari% X %base_uang_makan%'),
(4, 'ST4', 'Uang Transport', NULL),
(5, 'ST5', 'Pajak Pendapatan', ' - %15/100% X %base_salary%'),
(6, 'ST6', 'Komisi ', NULL),
(7, 'ST7', 'Bagi Hasil Tahunan', NULL),
(8, 'ST8', 'Uang Bagi Hasil juga', NULL),
(10, 'ST9', 'Coba aja', NULL);

-- --------------------------------------------------------

--
-- Table structure for table `merk`
--

CREATE TABLE IF NOT EXISTS `merk` (
  `id_merk` int(11) NOT NULL AUTO_INCREMENT,
  `name` varchar(45) NOT NULL,
  `abbreviation` varchar(45) NOT NULL,
  PRIMARY KEY (`id_merk`)
) ENGINE=InnoDB  DEFAULT CHARSET=latin1 AUTO_INCREMENT=6 ;

--
-- Dumping data for table `merk`
--

INSERT INTO `merk` (`id_merk`, `name`, `abbreviation`) VALUES
(2, 'Merk1', 'm1'),
(4, 'Wavin', 'WVN'),
(5, 'RUCIKA', 'RCK');

-- --------------------------------------------------------

--
-- Table structure for table `mr`
--

CREATE TABLE IF NOT EXISTS `mr` (
  `id_mr` int(11) NOT NULL AUTO_INCREMENT,
  `project_list` int(11) NOT NULL,
  `date` date NOT NULL,
  `mr_number` varchar(45) NOT NULL,
  `status` varchar(45) NOT NULL,
  PRIMARY KEY (`id_mr`),
  KEY `fk_mr_project_list1_idx` (`project_list`)
) ENGINE=InnoDB DEFAULT CHARSET=latin1 AUTO_INCREMENT=1 ;

-- --------------------------------------------------------

--
-- Table structure for table `mr_product`
--

CREATE TABLE IF NOT EXISTS `mr_product` (
  `id_mr_product` int(11) NOT NULL AUTO_INCREMENT,
  `mr` int(11) NOT NULL,
  `product` bigint(20) NOT NULL,
  `qty` decimal(10,0) NOT NULL,
  PRIMARY KEY (`id_mr_product`),
  KEY `fk_mr_product_mr1_idx` (`mr`),
  KEY `fk_mr_product_product1_idx` (`product`)
) ENGINE=InnoDB DEFAULT CHARSET=latin1 AUTO_INCREMENT=1 ;

-- --------------------------------------------------------

--
-- Table structure for table `notification_setting`
--

CREATE TABLE IF NOT EXISTS `notification_setting` (
  `id_notification_setting` int(11) NOT NULL AUTO_INCREMENT,
  `name` varchar(45) NOT NULL,
  `description` text,
  `email_template_header` text,
  PRIMARY KEY (`id_notification_setting`)
) ENGINE=InnoDB DEFAULT CHARSET=latin1 AUTO_INCREMENT=1 ;

-- --------------------------------------------------------

--
-- Table structure for table `notification_setting_action`
--

CREATE TABLE IF NOT EXISTS `notification_setting_action` (
  `id_notification_setting_action` int(11) NOT NULL AUTO_INCREMENT,
  `notification_setting` int(11) NOT NULL,
  `action` int(11) NOT NULL,
  PRIMARY KEY (`id_notification_setting_action`),
  KEY `fk_notification_setting_action_notification_setting1_idx` (`notification_setting`),
  KEY `fk_notification_setting_action_application_action1_idx` (`action`)
) ENGINE=InnoDB DEFAULT CHARSET=latin1 AUTO_INCREMENT=1 ;

-- --------------------------------------------------------

--
-- Table structure for table `notification_setting_group`
--

CREATE TABLE IF NOT EXISTS `notification_setting_group` (
  `id_notification_setting_group` int(11) NOT NULL AUTO_INCREMENT,
  `notification_setting` int(11) NOT NULL,
  `group` int(11) NOT NULL,
  PRIMARY KEY (`id_notification_setting_group`),
  KEY `fk_notification_setting_group_notification_setting1_idx` (`notification_setting`),
  KEY `fk_notification_setting_group_group1_idx` (`group`)
) ENGINE=InnoDB DEFAULT CHARSET=latin1 AUTO_INCREMENT=1 ;

-- --------------------------------------------------------

--
-- Table structure for table `object_identifier`
--

CREATE TABLE IF NOT EXISTS `object_identifier` (
  `id_object_identifier` int(11) NOT NULL AUTO_INCREMENT,
  `name` varchar(45) DEFAULT NULL,
  PRIMARY KEY (`id_object_identifier`)
) ENGINE=InnoDB DEFAULT CHARSET=latin1 AUTO_INCREMENT=1 ;

-- --------------------------------------------------------

--
-- Table structure for table `object_owning`
--

CREATE TABLE IF NOT EXISTS `object_owning` (
  `id_object_owning` int(11) NOT NULL AUTO_INCREMENT,
  `object` int(11) NOT NULL,
  `object_type` varchar(45) NOT NULL,
  `status` varchar(45) NOT NULL,
  `datetime` datetime NOT NULL,
  `user` int(11) NOT NULL,
  `object_id` text NOT NULL,
  PRIMARY KEY (`id_object_owning`),
  KEY `fk_object_owning_user1_idx` (`user`)
) ENGINE=InnoDB DEFAULT CHARSET=latin1 AUTO_INCREMENT=1 ;

-- --------------------------------------------------------

--
-- Table structure for table `organisation_structure`
--

CREATE TABLE IF NOT EXISTS `organisation_structure` (
  `id_organisation_structure` int(11) NOT NULL AUTO_INCREMENT,
  `structure_name` varchar(45) NOT NULL,
  `parent_structure` int(11) DEFAULT NULL,
  `employment_type` int(11) NOT NULL,
  `position_type` varchar(45) NOT NULL,
  PRIMARY KEY (`id_organisation_structure`),
  KEY `fk_organisation_structure_organisation_structure1_idx` (`parent_structure`),
  KEY `fk_organisation_structure_employment_type1_idx` (`employment_type`)
) ENGINE=InnoDB  DEFAULT CHARSET=latin1 AUTO_INCREMENT=12 ;

--
-- Dumping data for table `organisation_structure`
--

INSERT INTO `organisation_structure` (`id_organisation_structure`, `structure_name`, `parent_structure`, `employment_type`, `position_type`) VALUES
(2, 'President Director', NULL, 0, 'non_service'),
(3, 'Operational Director', 2, 0, 'non_service'),
(4, 'Business Development Manager', 3, 0, 'non_service'),
(5, 'OPS Manager', 3, 0, 'non_service'),
(6, 'HR Manager', 3, 0, 'non_service'),
(7, 'Finance Manager', 3, 0, 'non_service'),
(8, 'GA Manager', 3, 0, 'non_service'),
(9, 'Security Supervisor', NULL, 2, 'service'),
(10, 'Shift Leader', 9, 2, 'service'),
(11, 'Security Officer', 10, 2, 'service');

-- --------------------------------------------------------

--
-- Table structure for table `overtime`
--

CREATE TABLE IF NOT EXISTS `overtime` (
  `id_overtime` int(11) unsigned NOT NULL AUTO_INCREMENT,
  `id_security` int(11) DEFAULT NULL,
  `date_overtime` date DEFAULT NULL,
  `from_overtime` time DEFAULT NULL,
  `to_overtime` time DEFAULT NULL,
  `hours_overtime` double DEFAULT NULL,
  `supervisor` int(11) DEFAULT NULL,
  `description` text,
  `status` enum('validated','created') DEFAULT 'created',
  PRIMARY KEY (`id_overtime`)
) ENGINE=InnoDB  DEFAULT CHARSET=latin1 AUTO_INCREMENT=20 ;

--
-- Dumping data for table `overtime`
--

INSERT INTO `overtime` (`id_overtime`, `id_security`, `date_overtime`, `from_overtime`, `to_overtime`, `hours_overtime`, `supervisor`, `description`, `status`) VALUES
(1, 3, '1970-01-02', '12:08:25', '17:08:31', 3, 10, 'Kerja Tambahan                                                    ', 'validated'),
(9, 15, '2015-04-01', '16:00:00', '20:00:00', 4, 4, '                            Jaga Tambahan                                                                            ', 'validated'),
(10, 15, '2015-03-10', '06:00:00', '10:00:00', 4, 4, '                                                        OK Bro                                                                                                    ', 'validated'),
(12, 8, '2015-03-01', '03:00:00', '06:00:00', 6, 14, 'Kerja Tambahan                                            ', 'validated'),
(13, 9, '2015-04-07', '00:00:00', '00:00:00', 5, 14, '5555                                                    ', 'validated'),
(14, 8, '1970-01-01', '00:00:00', '00:00:00', 2, 14, '                                                    ', 'validated'),
(15, 3, '2015-03-03', '00:00:00', '00:00:00', 2, 14, 'ok                                                    ', 'validated'),
(16, 4, '2015-04-06', '18:00:00', '20:00:00', 1, 3, '                                                    ', 'created'),
(17, 3, '2015-04-07', '12:00:00', '14:10:00', 2, 4, '', 'validated'),
(18, 8, '2015-04-14', '17:00:00', '03:00:00', 2, 3, '', 'validated'),
(19, 13, '2015-04-30', '00:00:00', '00:00:00', 2, 14, '', 'created');

-- --------------------------------------------------------

--
-- Table structure for table `payment_receipt`
--

CREATE TABLE IF NOT EXISTS `payment_receipt` (
  `id_payment_receipt` int(11) NOT NULL AUTO_INCREMENT,
  `po` int(11) NOT NULL,
  `sub_total` float NOT NULL,
  `tax` float NOT NULL,
  `total_price` float NOT NULL,
  `total_payment` float NOT NULL,
  `status` varchar(45) NOT NULL,
  `payment_receipt_number` varchar(45) NOT NULL,
  `payment_date` date NOT NULL,
  `payment_method` varchar(45) DEFAULT NULL,
  `rekening` varchar(45) DEFAULT NULL,
  PRIMARY KEY (`id_payment_receipt`),
  KEY `fk_payment_receipt_po1_idx` (`po`)
) ENGINE=InnoDB  DEFAULT CHARSET=latin1 AUTO_INCREMENT=6 ;

--
-- Dumping data for table `payment_receipt`
--

INSERT INTO `payment_receipt` (`id_payment_receipt`, `po`, `sub_total`, `tax`, `total_price`, `total_payment`, `status`, `payment_receipt_number`, `payment_date`, `payment_method`, `rekening`) VALUES
(1, 1, 4225000, 422500, 4647500, 3000000, 'close', 'PR150001', '2015-01-25', 'cash', ''),
(2, 1, 4225000, 422500, 4647500, 1647500, 'close', 'PR150002', '2015-01-25', 'transfer', '123332'),
(3, 3, 1000000, 100000, 1100000, 500000, 'close', 'PR150003', '2015-01-30', 'transfer', ''),
(4, 3, 1000000, 100000, 1100000, 600000, 'close', 'PR150004', '2015-01-30', 'transfer', ''),
(5, 2, 450000, 45000, 495000, 200000, 'close', 'PR150005', '2015-04-15', 'transfer', '');

-- --------------------------------------------------------

--
-- Table structure for table `payroll`
--

CREATE TABLE IF NOT EXISTS `payroll` (
  `id_payroll` int(11) NOT NULL AUTO_INCREMENT,
  `process_date` date NOT NULL,
  `period_start` date NOT NULL,
  `period_end` date NOT NULL,
  `customer` int(11) NOT NULL,
  `overtime` int(11) NOT NULL,
  PRIMARY KEY (`id_payroll`)
) ENGINE=InnoDB DEFAULT CHARSET=utf8 AUTO_INCREMENT=1 ;

-- --------------------------------------------------------

--
-- Table structure for table `payroll_periode`
--

CREATE TABLE IF NOT EXISTS `payroll_periode` (
  `id_payroll_periode` int(11) NOT NULL AUTO_INCREMENT,
  `periode_name` varchar(25) DEFAULT NULL,
  `date_start` date DEFAULT NULL,
  `date_finish` date DEFAULT NULL,
  `status` enum('draft','generate_all','generate_partial') DEFAULT 'draft',
  `payroll_type` varchar(15) DEFAULT NULL,
  PRIMARY KEY (`id_payroll_periode`)
) ENGINE=InnoDB  DEFAULT CHARSET=latin1 AUTO_INCREMENT=7 ;

--
-- Dumping data for table `payroll_periode`
--

INSERT INTO `payroll_periode` (`id_payroll_periode`, `periode_name`, `date_start`, `date_finish`, `status`, `payroll_type`) VALUES
(1, 'Januari 2015', '2015-01-01', '2015-01-31', 'draft', 'regular'),
(2, 'Februari 2015', '2015-04-01', '2015-05-01', 'draft', 'regular'),
(3, 'Maret 2015', '2015-03-01', '2015-03-31', 'draft', 'regular'),
(4, 'April 2015', '2015-04-01', '2015-04-30', 'draft', 'regular'),
(5, '21 April - 20 Mei 2015', '2015-04-21', '2015-05-20', 'draft', 'regular'),
(6, 'April - May 2015', '2015-04-02', '2015-05-02', 'draft', 'overtime');

-- --------------------------------------------------------

--
-- Table structure for table `payroll_wo`
--

CREATE TABLE IF NOT EXISTS `payroll_wo` (
  `id` int(10) unsigned NOT NULL AUTO_INCREMENT,
  `payroll_periode_id` int(11) DEFAULT NULL,
  `work_order_id` int(11) DEFAULT NULL,
  `status_po` enum('draft','generated','approve') DEFAULT 'draft',
  PRIMARY KEY (`id`)
) ENGINE=InnoDB  DEFAULT CHARSET=latin1 AUTO_INCREMENT=18 ;

--
-- Dumping data for table `payroll_wo`
--

INSERT INTO `payroll_wo` (`id`, `payroll_periode_id`, `work_order_id`, `status_po`) VALUES
(11, 3, 6, 'draft'),
(14, 4, 10, 'generated'),
(15, 4, 9, 'approve'),
(16, 5, 12, 'generated'),
(17, 6, 10, 'approve');

-- --------------------------------------------------------

--
-- Table structure for table `payslip`
--

CREATE TABLE IF NOT EXISTS `payslip` (
  `id_payslip` bigint(11) NOT NULL AUTO_INCREMENT,
  `employee` int(11) NOT NULL,
  `date` timestamp NULL DEFAULT CURRENT_TIMESTAMP,
  `total_gross` float DEFAULT NULL,
  `total_thp` float(11,0) DEFAULT NULL,
  `pph` float DEFAULT NULL,
  `status` varchar(45) DEFAULT NULL,
  `work_order` int(11) DEFAULT NULL,
  `payroll_periode` int(11) DEFAULT NULL,
  `date_start` date DEFAULT NULL,
  `date_finished` date DEFAULT NULL,
  `total_overtime` float DEFAULT NULL,
  `jamsostek` float DEFAULT NULL,
  PRIMARY KEY (`id_payslip`),
  KEY `fk_employee_idx` (`employee`)
) ENGINE=InnoDB  DEFAULT CHARSET=utf8 AUTO_INCREMENT=19 ;

--
-- Dumping data for table `payslip`
--

INSERT INTO `payslip` (`id_payslip`, `employee`, `date`, `total_gross`, `total_thp`, `pph`, `status`, `work_order`, `payroll_periode`, `date_start`, `date_finished`, `total_overtime`, `jamsostek`) VALUES
(11, 7, '2015-04-14 17:38:40', 3362000, 2600000, 500000, 'generated', 10, 4, '2015-04-01', '2015-04-30', NULL, 262000),
(13, 7, '2015-04-14 17:39:21', 3362000, 2600000, 500000, 'generated', 10, 4, '2015-04-01', '2015-04-30', NULL, 262000),
(14, 8, '2015-04-14 17:39:21', 3341220, 2633600, 468000, 'generated', 10, 4, '2015-04-01', '2015-04-30', 2, 239616),
(15, 13, '2015-04-15 09:34:28', 3362000, 2600000, 500000, 'generated', 12, 5, '2015-04-21', '2015-05-20', NULL, 262000),
(16, 14, '2015-04-15 09:34:28', 3362000, 2600000, 500000, 'generated', 12, 5, '2015-04-21', '2015-05-20', NULL, 262000),
(17, 15, '2015-04-15 09:34:28', 3362000, 2600000, 500000, 'generated', 12, 5, '2015-04-21', '2015-05-20', NULL, 262000),
(18, 18, '2015-04-15 09:34:28', 3362000, 2600000, 500000, 'generated', 12, 5, '2015-04-21', '2015-05-20', NULL, 262000);

-- --------------------------------------------------------

--
-- Table structure for table `po`
--

CREATE TABLE IF NOT EXISTS `po` (
  `id_po` int(11) NOT NULL AUTO_INCREMENT,
  `supplier` int(11) NOT NULL,
  `po_number` varchar(45) NOT NULL,
  `note` varchar(45) DEFAULT NULL,
  `date` date NOT NULL,
  `status` varchar(45) NOT NULL,
  `delivery_date` date DEFAULT NULL,
  `mr` int(11) DEFAULT NULL,
  `user_create` int(11) NOT NULL,
  `date_create` datetime NOT NULL,
  `source` varchar(45) DEFAULT NULL COMMENT 'source:\nMR\nReorder Point\nMake Stock',
  `total_price` float NOT NULL,
  `tax` float NOT NULL,
  `sub_total` float NOT NULL,
  PRIMARY KEY (`id_po`),
  KEY `fk_po_supplier1_idx` (`supplier`),
  KEY `fk_po_mr1_idx` (`mr`),
  KEY `fk_po_user1_idx` (`user_create`)
) ENGINE=InnoDB  DEFAULT CHARSET=latin1 AUTO_INCREMENT=5 ;

--
-- Dumping data for table `po`
--

INSERT INTO `po` (`id_po`, `supplier`, `po_number`, `note`, `date`, `status`, `delivery_date`, `mr`, `user_create`, `date_create`, `source`, `total_price`, `tax`, `sub_total`) VALUES
(1, 1, 'PO150001', '', '2015-01-24', 'close', '2015-01-29', NULL, 2, '2015-01-24 23:50:23', 'make_stock', 4647500, 422500, 4225000),
(2, 1, 'PO150002', '', '2015-01-25', 'open', '2015-01-29', NULL, 2, '2015-01-25 00:01:19', 'make_stock', 495000, 45000, 450000),
(3, 1, 'PO150003', '', '2015-01-30', 'close', '2015-01-31', NULL, 2, '2015-01-30 20:30:09', 'make_stock', 1100000, 100000, 1000000),
(4, 1, 'PO150004', '', '2015-04-15', 'open', '2015-04-23', NULL, 2, '2015-04-15 00:58:13', 'make_stock', 1650000, 150000, 1500000);

-- --------------------------------------------------------

--
-- Table structure for table `po_product`
--

CREATE TABLE IF NOT EXISTS `po_product` (
  `id_po_product` int(11) NOT NULL AUTO_INCREMENT,
  `po` int(11) NOT NULL,
  `product` bigint(20) NOT NULL,
  `qty` float NOT NULL,
  `unit_price` float NOT NULL,
  `total_price` float NOT NULL,
  `uom` int(11) NOT NULL,
  `qty_received` float NOT NULL DEFAULT '0',
  `product_barcode` varchar(12) DEFAULT NULL,
  PRIMARY KEY (`id_po_product`),
  KEY `fk_po_product_po1_idx` (`po`),
  KEY `fk_po_product_product1_idx` (`product`),
  KEY `fk_po_product_unit_measure1_idx` (`uom`)
) ENGINE=InnoDB  DEFAULT CHARSET=latin1 AUTO_INCREMENT=6 ;

--
-- Dumping data for table `po_product`
--

INSERT INTO `po_product` (`id_po_product`, `po`, `product`, `qty`, `unit_price`, `total_price`, `uom`, `qty_received`, `product_barcode`) VALUES
(1, 1, 2, 10, 250000, 2500000, 2, 10, NULL),
(2, 1, 3, 5, 345000, 1725000, 2, 5, NULL),
(3, 2, 3, 3, 150000, 450000, 2, 0, NULL),
(4, 3, 2, 10, 100000, 1000000, 2, 10, NULL),
(5, 4, 7, 10, 150000, 1500000, 2, 0, '00070004');

-- --------------------------------------------------------

--
-- Table structure for table `position_level`
--

CREATE TABLE IF NOT EXISTS `position_level` (
  `id_position_level` int(11) NOT NULL AUTO_INCREMENT,
  `name` varchar(45) NOT NULL COMMENT 'Associate, Mid, Senior, Advisor',
  `position_code` varchar(45) NOT NULL,
  `weight` float DEFAULT NULL,
  PRIMARY KEY (`id_position_level`)
) ENGINE=InnoDB  DEFAULT CHARSET=latin1 AUTO_INCREMENT=4 ;

--
-- Dumping data for table `position_level`
--

INSERT INTO `position_level` (`id_position_level`, `name`, `position_code`, `weight`) VALUES
(1, 'Associate', 'ASC', 1),
(2, 'Middle', 'MID', 2),
(3, 'Senior', 'SNR', 3);

-- --------------------------------------------------------

--
-- Table structure for table `product`
--

CREATE TABLE IF NOT EXISTS `product` (
  `id_product` bigint(20) NOT NULL AUTO_INCREMENT,
  `product_code` varchar(20) NOT NULL,
  `product_category` int(11) NOT NULL,
  `product_name` varchar(45) NOT NULL,
  `type` int(11) DEFAULT NULL,
  `merk` int(11) NOT NULL,
  `description` text,
  `is_service` tinyint(1) NOT NULL,
  `is_active` tinyint(1) NOT NULL,
  `unit` int(11) NOT NULL,
  `image` text,
  `is_finish_product` tinyint(1) NOT NULL,
  `cost_price` float DEFAULT '0',
  `is_material_valuation` tinyint(1) NOT NULL,
  PRIMARY KEY (`id_product`),
  KEY `fk_product_product_category1_idx` (`product_category`),
  KEY `fk_product_type_material1_idx` (`type`),
  KEY `fk_product_merk1_idx` (`merk`),
  KEY `fk_product_unit_measure1_idx` (`unit`)
) ENGINE=InnoDB  DEFAULT CHARSET=latin1 AUTO_INCREMENT=11 ;

--
-- Dumping data for table `product`
--

INSERT INTO `product` (`id_product`, `product_code`, `product_category`, `product_name`, `type`, `merk`, `description`, `is_service`, `is_active`, `unit`, `image`, `is_finish_product`, `cost_price`, `is_material_valuation`) VALUES
(2, 'XXX.XXX.XXX.001', 1, 'Product Test', NULL, 2, 'Dummy Product', 1, 1, 2, NULL, 0, 0, 0),
(3, 'XXX.XXX.XXX.002', 3, 'Product Test 3', NULL, 2, 'Test 3', 1, 1, 2, NULL, 0, 0, 0),
(4, '___.___.___.___', 1, 'Security Office', NULL, 2, '', 1, 1, 19, NULL, 0, 0, 0),
(5, '___.___.___.___', 1, 'Security Supervisor', NULL, 2, '', 1, 1, 19, NULL, 0, 0, 0),
(6, '___.___.___.___', 1, 'Shift Leader', NULL, 2, '', 1, 1, 19, NULL, 0, 0, 0),
(7, 'XXX.XXX.XXX.003', 1, 'Seragam', NULL, 2, 'Seragam', 1, 1, 2, NULL, 0, 0, 0),
(8, 'XXX.XXX.XXX.004', 1, 'Topi', NULL, 2, 'Topi', 1, 1, 2, NULL, 0, 0, 0),
(9, 'XXX.XXX.XXX.005', 1, 'Ikat Pinggang', NULL, 2, 'Ikat Pinggang', 1, 1, 2, NULL, 0, 0, 0),
(10, 'XXX.XXX.XXX.006', 1, 'Seragam Khusus', NULL, 2, 'Seragam Khusus Supervisor', 1, 1, 2, NULL, 0, 0, 0);

-- --------------------------------------------------------

--
-- Table structure for table `product_buy_price`
--

CREATE TABLE IF NOT EXISTS `product_buy_price` (
  `id_product_buy_price` bigint(20) NOT NULL AUTO_INCREMENT,
  `product` bigint(20) NOT NULL,
  `supplier` int(11) DEFAULT NULL,
  PRIMARY KEY (`id_product_buy_price`),
  KEY `fk_product_buy_price_product1_idx` (`product`),
  KEY `fk_product_buy_price_supplier1_idx` (`supplier`)
) ENGINE=InnoDB DEFAULT CHARSET=latin1 AUTO_INCREMENT=1 ;

-- --------------------------------------------------------

--
-- Table structure for table `product_category`
--

CREATE TABLE IF NOT EXISTS `product_category` (
  `id_product_category` int(11) NOT NULL AUTO_INCREMENT,
  `product_category` varchar(45) NOT NULL,
  `abbreviation` varchar(45) NOT NULL,
  PRIMARY KEY (`id_product_category`)
) ENGINE=InnoDB  DEFAULT CHARSET=latin1 AUTO_INCREMENT=4 ;

--
-- Dumping data for table `product_category`
--

INSERT INTO `product_category` (`id_product_category`, `product_category`, `abbreviation`) VALUES
(1, 'Category 1', 'cat1'),
(3, 'Category 2', 'cat2');

-- --------------------------------------------------------

--
-- Table structure for table `product_cost_structure`
--

CREATE TABLE IF NOT EXISTS `product_cost_structure` (
  `id_product_cost_structure` int(11) NOT NULL AUTO_INCREMENT,
  `product` bigint(20) NOT NULL,
  `template_name` varchar(45) NOT NULL,
  `description` text,
  `status` varchar(45) NOT NULL,
  `currency` int(11) NOT NULL,
  PRIMARY KEY (`id_product_cost_structure`),
  KEY `fk_product_cost_structure_product1_idx` (`product`),
  KEY `fk_product_cost_structure_currency1_idx` (`currency`)
) ENGINE=InnoDB DEFAULT CHARSET=latin1 AUTO_INCREMENT=1 ;

-- --------------------------------------------------------

--
-- Table structure for table `product_definition`
--

CREATE TABLE IF NOT EXISTS `product_definition` (
  `id_product_definition` int(11) NOT NULL AUTO_INCREMENT,
  `product` bigint(20) NOT NULL,
  `organisation_structure` int(11) NOT NULL,
  `position_level` int(11) DEFAULT NULL,
  PRIMARY KEY (`id_product_definition`),
  KEY `fk_product_definition_product1_idx` (`product`),
  KEY `fk_product_definition_organisation_structure1_idx` (`organisation_structure`),
  KEY `fk_product_definition_position_level1_idx` (`position_level`)
) ENGINE=InnoDB  DEFAULT CHARSET=latin1 AUTO_INCREMENT=9 ;

--
-- Dumping data for table `product_definition`
--

INSERT INTO `product_definition` (`id_product_definition`, `product`, `organisation_structure`, `position_level`) VALUES
(1, 4, 11, NULL),
(2, 5, 9, NULL),
(3, 6, 10, NULL),
(6, 7, 2, NULL),
(7, 8, 3, NULL),
(8, 10, 8, NULL);

-- --------------------------------------------------------

--
-- Table structure for table `product_po_barcode`
--

CREATE TABLE IF NOT EXISTS `product_po_barcode` (
  `id_product_po_barcode` int(11) NOT NULL AUTO_INCREMENT,
  `product` bigint(20) NOT NULL,
  `product_barcode` varchar(12) NOT NULL,
  `po` int(11) NOT NULL,
  `qty` float NOT NULL,
  PRIMARY KEY (`id_product_po_barcode`),
  KEY `fk_product_po_barcode_product1_idx` (`product`),
  KEY `fk_product_po_barcode_po1_idx` (`po`)
) ENGINE=InnoDB DEFAULT CHARSET=latin1 AUTO_INCREMENT=1 ;

-- --------------------------------------------------------

--
-- Table structure for table `product_sell_price`
--

CREATE TABLE IF NOT EXISTS `product_sell_price` (
  `id_product_sell_price` bigint(20) NOT NULL,
  `product` bigint(20) NOT NULL,
  `price` decimal(10,0) NOT NULL,
  PRIMARY KEY (`id_product_sell_price`),
  KEY `fk_product_sell_price_product1_idx` (`product`)
) ENGINE=InnoDB DEFAULT CHARSET=latin1;

-- --------------------------------------------------------

--
-- Table structure for table `product_unit`
--

CREATE TABLE IF NOT EXISTS `product_unit` (
  `id_product_unit` bigint(20) NOT NULL,
  `product_id_product` bigint(20) NOT NULL,
  `name` varchar(45) NOT NULL,
  `abbreviation` varchar(45) NOT NULL,
  PRIMARY KEY (`id_product_unit`),
  KEY `fk_product_unit_product1_idx` (`product_id_product`)
) ENGINE=InnoDB DEFAULT CHARSET=latin1;

-- --------------------------------------------------------

--
-- Table structure for table `project_list`
--

CREATE TABLE IF NOT EXISTS `project_list` (
  `id_project_list` int(11) NOT NULL AUTO_INCREMENT,
  `so` int(11) NOT NULL,
  `project_list_number` varchar(45) NOT NULL,
  `date_create` date NOT NULL,
  `note` text,
  `status` varchar(45) NOT NULL,
  `user_create` int(11) DEFAULT NULL,
  PRIMARY KEY (`id_project_list`),
  KEY `fk_project_list_so1_idx` (`so`)
) ENGINE=InnoDB DEFAULT CHARSET=latin1 AUTO_INCREMENT=1 ;

-- --------------------------------------------------------

--
-- Table structure for table `project_list_product`
--

CREATE TABLE IF NOT EXISTS `project_list_product` (
  `id_project_list_product` int(11) NOT NULL AUTO_INCREMENT,
  `project_list` int(11) NOT NULL,
  `product` bigint(20) NOT NULL,
  `qty` float NOT NULL,
  `unit_price` float DEFAULT NULL,
  `total_price` float DEFAULT NULL,
  `uom` int(11) NOT NULL,
  PRIMARY KEY (`id_project_list_product`),
  KEY `fk_project_list_product_project_list1_idx` (`project_list`),
  KEY `fk_project_list_product_product1_idx` (`product`),
  KEY `fk_project_list_product_unit_measure1_idx` (`uom`)
) ENGINE=InnoDB DEFAULT CHARSET=latin1 AUTO_INCREMENT=1 ;

-- --------------------------------------------------------

--
-- Table structure for table `project_report`
--

CREATE TABLE IF NOT EXISTS `project_report` (
  `id_project_report` int(11) NOT NULL AUTO_INCREMENT,
  `work_order` int(11) NOT NULL,
  `subject` varchar(45) DEFAULT NULL,
  `remark` varchar(45) DEFAULT NULL,
  `status` varchar(45) DEFAULT NULL,
  `user` int(11) NOT NULL,
  PRIMARY KEY (`id_project_report`),
  KEY `fk_project_report_work_order1_idx` (`work_order`),
  KEY `fk_project_report_user1_idx` (`user`)
) ENGINE=InnoDB DEFAULT CHARSET=latin1 AUTO_INCREMENT=1 ;

-- --------------------------------------------------------

--
-- Table structure for table `project_report_files`
--

CREATE TABLE IF NOT EXISTS `project_report_files` (
  `id_project_report_files` int(11) NOT NULL AUTO_INCREMENT,
  `subject` varchar(45) DEFAULT NULL,
  `filepath` text NOT NULL,
  `project_report_files` int(11) NOT NULL,
  PRIMARY KEY (`id_project_report_files`),
  KEY `fk_project_report_files_project_report1_idx` (`project_report_files`)
) ENGINE=InnoDB DEFAULT CHARSET=latin1 AUTO_INCREMENT=1 ;

-- --------------------------------------------------------

--
-- Table structure for table `quotation`
--

CREATE TABLE IF NOT EXISTS `quotation` (
  `id_quotation` int(11) NOT NULL AUTO_INCREMENT,
  `quote_number` varchar(45) DEFAULT NULL,
  `quote_date` date DEFAULT NULL,
  `quotationcol` varchar(45) DEFAULT NULL,
  `inquiry` int(11) NOT NULL,
  `notes` text,
  `invoice_period` varchar(45) NOT NULL,
  `status` varchar(45) DEFAULT NULL,
  PRIMARY KEY (`id_quotation`),
  KEY `fk_quotation_inquiry1_idx` (`inquiry`)
) ENGINE=InnoDB  DEFAULT CHARSET=latin1 AUTO_INCREMENT=21 ;

--
-- Dumping data for table `quotation`
--

INSERT INTO `quotation` (`id_quotation`, `quote_number`, `quote_date`, `quotationcol`, `inquiry`, `notes`, `invoice_period`, `status`) VALUES
(1, 'INQ150001', '2015-02-12', NULL, 1, '', 'Monthly', 'open'),
(2, 'Q150002', '2015-03-18', NULL, 3, '', 'Monthly', 'close'),
(3, 'Q150003', '2015-03-28', NULL, 4, '', 'Every 3 Month', 'close'),
(4, 'Q150004', '2015-03-29', NULL, 5, '', 'Every 3 Month', 'close'),
(5, 'Q150005', '2015-04-08', NULL, 2, '', 'Monthly', 'draft'),
(6, 'Q150006', '2015-04-04', NULL, 7, '', 'Monthly', 'close'),
(7, 'Q150007', '2015-04-05', NULL, 6, '', 'Monthly', 'draft'),
(8, 'Q150008', '2015-04-05', NULL, 8, '', 'Monthly', 'close'),
(9, 'Q150009', '2015-04-07', NULL, 9, '', 'Monthly', 'draft'),
(10, 'Q150010', '2015-04-08', NULL, 10, '', 'Monthly', 'close'),
(15, 'Q150011', '2015-04-12', NULL, 11, '', 'Monthly', 'close'),
(16, 'Q150016', '2015-04-15', NULL, 12, '', 'Monthly', 'close'),
(17, 'Q150017', '2015-04-15', NULL, 13, '', 'Monthly', 'draft'),
(18, 'Q150018', '2015-04-15', NULL, 14, '', 'Monthly', 'close'),
(19, 'Q150019', '2015-04-21', NULL, 16, '', 'Monthly', 'close'),
(20, 'Q150020', '2015-05-06', NULL, 17, '', 'Monthly', 'close');

-- --------------------------------------------------------

--
-- Table structure for table `quotation_ce_assign`
--

CREATE TABLE IF NOT EXISTS `quotation_ce_assign` (
  `id_quotation_ce_assignment` int(11) NOT NULL AUTO_INCREMENT,
  `quotation` int(11) DEFAULT NULL,
  `cost_element` int(11) NOT NULL,
  `structure` int(11) DEFAULT NULL,
  PRIMARY KEY (`id_quotation_ce_assignment`)
) ENGINE=InnoDB  DEFAULT CHARSET=latin1 AUTO_INCREMENT=34 ;

--
-- Dumping data for table `quotation_ce_assign`
--

INSERT INTO `quotation_ce_assign` (`id_quotation_ce_assignment`, `quotation`, `cost_element`, `structure`) VALUES
(25, 15, 1, 11),
(26, 15, 2, 10),
(27, 16, 2, 10),
(28, 16, 1, 11),
(29, 17, 1, 11),
(30, 18, 1, 9),
(31, 18, 2, 11),
(32, 19, 3, 11),
(33, 20, 3, 11);

-- --------------------------------------------------------

--
-- Table structure for table `quotation_cost_element`
--

CREATE TABLE IF NOT EXISTS `quotation_cost_element` (
  `id` int(10) unsigned NOT NULL AUTO_INCREMENT,
  `quotation_id` int(11) DEFAULT NULL,
  `structure_org_id` int(11) DEFAULT NULL,
  `level_employee_id` int(11) DEFAULT NULL,
  `description` text,
  `notes` text,
  `total_value` double(10,0) DEFAULT NULL,
  PRIMARY KEY (`id`)
) ENGINE=InnoDB  DEFAULT CHARSET=latin1 AUTO_INCREMENT=46 ;

--
-- Dumping data for table `quotation_cost_element`
--

INSERT INTO `quotation_cost_element` (`id`, `quotation_id`, `structure_org_id`, `level_employee_id`, `description`, `notes`, `total_value`) VALUES
(13, 15, 10, 3, 'Cost Element For Security Officer 2014', 'SK Gubernur Banten', NULL),
(14, 15, 11, 3, 'Cost Element Leader', 'SK Bupati', NULL),
(15, 15, 9, 3, 'Cost Element Suverpisor', 'SK Walikota', NULL),
(22, 15, 4, 1, 'LLL', NULL, NULL),
(23, 17, 10, 3, 'Cost Element For Security Officer 2014', 'SK Gubernur Banten', NULL),
(24, 17, 11, 2, 'Cost Element Leader', 'SK Bupati', NULL),
(25, 18, 10, 3, 'Cost Element For Security Officer 2014', 'SK Gubernur Banten', NULL),
(26, 18, 11, 2, 'Cost Element Leader', 'SK Bupati', NULL),
(27, 18, 3, 2, '', NULL, NULL),
(30, 19, 10, 3, 'Cost Element For Security Officer 2014', 'SK Gubernur Banten', NULL),
(31, 19, 11, 2, 'Cost Element Leader', 'SK Bupati', NULL),
(32, 19, 9, 3, 'Cost Element Suverpisor', 'SK Walikota', NULL),
(33, 20, 10, 3, 'Cost Element For Security Officer 2014', 'SK Gubernur Banten', NULL),
(34, 20, 11, 2, 'Cost Element Leader', 'SK Bupati', NULL),
(35, 20, 9, 3, 'Cost Element Suverpisor', 'SK Walikota', NULL),
(36, 21, 11, 2, 'Cost Element Leader', 'SK Bupati', NULL),
(37, 0, 11, 2, 'Cost Element Leader', 'SK Bupati', NULL),
(38, 10, 11, 2, 'Cost Element Leader', 'SK Bupati', NULL),
(39, 9, 10, 3, 'Cost Element For Security Officer 2014', 'SK Gubernur Banten', NULL),
(40, 9, 11, 2, 'Cost Element Leader', 'SK Bupati', NULL),
(41, 9, 9, 3, 'Cost Element Suverpisor', 'SK Walikota', NULL),
(42, 11, 10, 3, 'Cost Element For Security Officer 2014', 'SK Gubernur Banten', NULL),
(43, 11, 11, 2, 'Cost Element Leader', 'SK Bupati', NULL),
(44, 1, 10, 3, 'Cost Element For Security Officer 2014', 'SK Gubernur Banten', NULL),
(45, 1, 11, 2, 'Cost Element Leader', 'SK Bupati', NULL);

-- --------------------------------------------------------

--
-- Table structure for table `quotation_cost_element_detail`
--

CREATE TABLE IF NOT EXISTS `quotation_cost_element_detail` (
  `id` int(10) unsigned NOT NULL AUTO_INCREMENT,
  `quotation_cost_element_id` int(11) DEFAULT NULL,
  `item` varchar(255) DEFAULT NULL,
  `nominal` double(11,0) DEFAULT NULL,
  `persentase` double(10,1) DEFAULT NULL,
  `recipient` varchar(255) DEFAULT NULL,
  `remarks` varchar(255) DEFAULT NULL,
  `salary_type_id` int(11) DEFAULT NULL,
  PRIMARY KEY (`id`)
) ENGINE=InnoDB  DEFAULT CHARSET=latin1 AUTO_INCREMENT=139 ;

--
-- Dumping data for table `quotation_cost_element_detail`
--

INSERT INTO `quotation_cost_element_detail` (`id`, `quotation_cost_element_id`, `item`, `nominal`, `persentase`, `recipient`, `remarks`, `salary_type_id`) VALUES
(26, 13, 'Wage', 2340000, 54.1, 'Employee', 'UMK Kab Serang 2014', NULL),
(32, 13, 'Operation Expense', 100000, NULL, 'Site', 'Training, Patroll, Communication', NULL),
(33, 14, 'Wage', 3000000, 90.0, 'Employee', 'UMK', NULL),
(34, 15, 'ewrfw', 53, 534.0, '5435', '534', NULL),
(35, 22, 'rwer', 5, 5345.0, '5345', '543', NULL),
(36, 23, 'Wage', 2340000, 54.1, 'Employee', 'UMK Kab Serang 2014', NULL),
(37, 23, 'Tittle Allowance', 0, 0.0, 'Employee', NULL, NULL),
(38, 23, 'Shift Allowance', 0, 0.0, 'Employee', NULL, NULL),
(39, 23, 'Meal Allowance', 0, NULL, 'Employee', NULL, NULL),
(40, 23, 'Transport Allowance', 0, NULL, 'Employee', NULL, NULL),
(41, 23, 'Management Fee', 0, NULL, 'BAZCORP', 'Profi & Corporate Risk', NULL),
(42, 23, 'Operation Expense', 100000, NULL, 'Site', 'Training, Patroll, Communication', NULL),
(43, 24, 'Wage', 3000000, 90.0, 'Employee', 'UMK', NULL),
(44, 25, 'Wage', 2340000, 54.1, 'Employee', 'UMK Kab Serang 2014', NULL),
(45, 25, 'Tittle Allowance', 0, 0.0, 'Employee', NULL, NULL),
(46, 25, 'Shift Allowance', 0, 0.0, 'Employee', NULL, NULL),
(47, 25, 'Meal Allowance', 0, NULL, 'Employee', NULL, NULL),
(48, 25, 'Transport Allowance', 0, NULL, 'Employee', NULL, NULL),
(49, 25, 'Management Fee', 0, NULL, 'BAZCORP', 'Profi & Corporate Risk', NULL),
(50, 25, 'Operation Expense', 100000, NULL, 'Site', 'Training, Patroll, Communication', NULL),
(51, 26, 'Wage', 3000000, 90.0, 'Employee', 'UMK', NULL),
(52, 30, 'Wage', 5000000, 54.1, 'Employee', 'UMK Kab Serang 2014', 1),
(53, 30, 'Tittle Allowance', 1500000, 0.0, 'Employee', NULL, 8),
(54, 30, 'Shift Allowance', 0, 0.0, 'Employee', NULL, 8),
(55, 30, 'Meal Allowance', 0, NULL, 'Employee', NULL, 8),
(56, 30, 'Transport Allowance', 0, NULL, 'Employee', NULL, 8),
(57, 30, 'Management Fee', 0, NULL, 'BAZCORP', 'Profi & Corporate Risk', NULL),
(58, 30, 'Operation Expense', 100000, NULL, 'Site', 'Training, Patroll, Communication', NULL),
(59, 31, 'Wage', 3000000, 90.0, 'Employee', 'UMK', 1),
(60, 33, 'Wage', 5000000, 54.1, 'Employee', 'UMK Kab Serang 2014', 1),
(61, 33, 'Tittle Allowance', 1500000, 0.0, 'Employee', NULL, 8),
(62, 33, 'Shift Allowance', 0, 0.0, 'Employee', NULL, 8),
(63, 33, 'Meal Allowance', 0, NULL, 'Employee', NULL, 8),
(64, 33, 'Transport Allowance', 0, NULL, 'Employee', NULL, 8),
(65, 33, 'Management Fee', 0, NULL, 'BAZCORP', 'Profi & Corporate Risk', NULL),
(66, 33, 'Operation Expense', 100000, NULL, 'Site', 'Training, Patroll, Communication', NULL),
(67, 33, 'Management Fee', 500000, NULL, 'BAZCORP', NULL, NULL),
(75, 34, 'Wage', 3000000, 90.0, 'Employee', 'UMK', 1),
(76, 34, 'Management Fee', 300000, NULL, 'BAZCORP', NULL, NULL),
(78, 36, 'Wage', 3000000, 90.0, 'Employee', 'UMK', 1),
(79, 36, 'Management Fee', 300000, NULL, 'BAZCORP', NULL, NULL),
(81, 37, 'Wage', 3000000, 90.0, 'Employee', 'UMK', 1),
(82, 37, 'Management Fee', 300000, NULL, 'BAZCORP', NULL, NULL),
(84, 38, 'Wage', 3000000, 90.0, 'Employee', 'UMK', 1),
(85, 38, 'Management Fee', 300000, NULL, 'BAZCORP', NULL, NULL),
(87, 39, 'Wage', 5000000, 54.1, 'Employee', 'UMK Kab Serang 2014', 1),
(88, 39, 'Tittle Allowance', 1500000, 0.0, 'Employee', NULL, 8),
(89, 39, 'Shift Allowance', 0, 0.0, 'Employee', NULL, 8),
(90, 39, 'Meal Allowance', 0, NULL, 'Employee', NULL, 8),
(91, 39, 'Transport Allowance', 0, NULL, 'Employee', NULL, 8),
(92, 39, 'Management Fee', 0, NULL, 'BAZCORP', 'Profi & Corporate Risk', NULL),
(93, 39, 'Operation Expense', 100000, NULL, 'Site', 'Training, Patroll, Communication', NULL),
(94, 39, 'Management Fee', 500000, NULL, 'BAZCORP', NULL, NULL),
(102, 40, 'Wage', 3000000, 90.0, 'Employee', 'UMK', 1),
(103, 40, 'Management Fee', 300000, NULL, 'BAZCORP', NULL, NULL),
(105, 42, 'Wage', 5000000, 54.1, 'Employee', 'UMK Kab Serang 2014', 1),
(106, 42, 'Tittle Allowance', 1500000, 0.0, 'Employee', NULL, 8),
(107, 42, 'Shift Allowance', 0, 0.0, 'Employee', NULL, 8),
(108, 42, 'Meal Allowance', 0, NULL, 'Employee', NULL, 8),
(109, 42, 'Transport Allowance', 0, NULL, 'Employee', NULL, 8),
(110, 42, 'Management Fee', 0, NULL, 'BAZCORP', 'Profi & Corporate Risk', NULL),
(111, 42, 'Operation Expense', 100000, NULL, 'Site', 'Training, Patroll, Communication', NULL),
(112, 42, 'Management Fee', 500000, NULL, 'BAZCORP', NULL, NULL),
(120, 43, 'Wage', 3000000, 90.0, 'Employee', 'UMK', 1),
(121, 43, 'Management Fee', 300000, NULL, 'BAZCORP', NULL, NULL),
(122, 44, 'Wage', 5000000, 54.1, 'Employee', 'UMK Kab Serang 2014', 1),
(123, 44, 'Tittle Allowance', 1500000, 0.0, 'Employee', NULL, 8),
(124, 44, 'Shift Allowance', 0, 0.0, 'Employee', NULL, 8),
(125, 44, 'Meal Allowance', 0, NULL, 'Employee', NULL, 8),
(126, 44, 'Transport Allowance', 0, NULL, 'Employee', NULL, 8),
(127, 44, 'Management Fee', 0, NULL, 'BAZCORP', 'Profi & Corporate Risk', NULL),
(128, 44, 'Operation Expense', 100000, NULL, 'Site', 'Training, Patroll, Communication', NULL),
(129, 44, 'Management Fee', 500000, NULL, 'BAZCORP', NULL, NULL),
(137, 45, 'Wage', 3000000, 90.0, 'Employee', 'UMK', 1),
(138, 45, 'Management Fee', 300000, NULL, 'BAZCORP', NULL, NULL);

-- --------------------------------------------------------

--
-- Table structure for table `quotation_cost_element_detail_template`
--

CREATE TABLE IF NOT EXISTS `quotation_cost_element_detail_template` (
  `id` int(10) unsigned NOT NULL AUTO_INCREMENT,
  `quotation_cost_element_template_id` int(11) DEFAULT NULL,
  `item` varchar(255) DEFAULT NULL,
  `nominal` double(11,0) DEFAULT NULL,
  `persentase` double(10,1) DEFAULT NULL,
  `recipient` varchar(255) DEFAULT NULL,
  `remarks` varchar(255) DEFAULT NULL,
  `salary_type_id` int(11) DEFAULT NULL,
  PRIMARY KEY (`id`)
) ENGINE=InnoDB  DEFAULT CHARSET=latin1 AUTO_INCREMENT=91 ;

--
-- Dumping data for table `quotation_cost_element_detail_template`
--

INSERT INTO `quotation_cost_element_detail_template` (`id`, `quotation_cost_element_template_id`, `item`, `nominal`, `persentase`, `recipient`, `remarks`, `salary_type_id`) VALUES
(81, 1, 'Wage', 5000000, 54.1, 'Employee', 'UMK Kab Serang 2014', 1),
(82, 1, 'Tittle Allowance', 1500000, 0.0, 'Employee', NULL, 8),
(83, 1, 'Shift Allowance', 0, 0.0, 'Employee', NULL, 8),
(84, 1, 'Meal Allowance', 0, NULL, 'Employee', NULL, 8),
(85, 1, 'Transport Allowance', 0, NULL, 'Employee', NULL, 8),
(86, 1, 'Management Fee', 0, NULL, 'BAZCORP', 'Profi & Corporate Risk', NULL),
(87, 1, 'Operation Expense', 100000, NULL, 'Site', 'Training, Patroll, Communication', NULL),
(88, 2, 'Wage', 3000000, 90.0, 'Employee', 'UMK', 1),
(89, 2, 'Management Fee', 300000, NULL, 'BAZCORP', NULL, NULL),
(90, 1, 'Management Fee', 500000, NULL, 'BAZCORP', NULL, NULL);

-- --------------------------------------------------------

--
-- Table structure for table `quotation_cost_element_template`
--

CREATE TABLE IF NOT EXISTS `quotation_cost_element_template` (
  `quotation_cost_element_template_id` int(10) unsigned NOT NULL AUTO_INCREMENT,
  `structure_org_id` int(11) DEFAULT NULL,
  `level_employee_id` int(11) DEFAULT NULL,
  `description` text,
  `notes` text,
  PRIMARY KEY (`quotation_cost_element_template_id`)
) ENGINE=InnoDB  DEFAULT CHARSET=latin1 AUTO_INCREMENT=4 ;

--
-- Dumping data for table `quotation_cost_element_template`
--

INSERT INTO `quotation_cost_element_template` (`quotation_cost_element_template_id`, `structure_org_id`, `level_employee_id`, `description`, `notes`) VALUES
(1, 10, 3, 'Cost Element For Security Officer 2014', 'SK Gubernur Banten'),
(2, 11, 2, 'Cost Element Leader', 'SK Bupati'),
(3, 9, 3, 'Cost Element Suverpisor', 'SK Walikota');

-- --------------------------------------------------------

--
-- Table structure for table `quotation_product`
--

CREATE TABLE IF NOT EXISTS `quotation_product` (
  `id_quotation_product` int(11) NOT NULL AUTO_INCREMENT,
  `quotation` int(11) NOT NULL,
  `product` bigint(20) NOT NULL,
  `qty` float DEFAULT NULL,
  `price` float DEFAULT NULL,
  PRIMARY KEY (`id_quotation_product`,`product`),
  KEY `fk_quotation_product_quotation1_idx` (`quotation`),
  KEY `fk_quotation_product_product1_idx` (`product`)
) ENGINE=InnoDB  DEFAULT CHARSET=latin1 AUTO_INCREMENT=33 ;

--
-- Dumping data for table `quotation_product`
--

INSERT INTO `quotation_product` (`id_quotation_product`, `quotation`, `product`, `qty`, `price`) VALUES
(1, 1, 2, 10, NULL),
(2, 2, 2, 10, 250000),
(3, 3, 2, 10, 100000),
(4, 3, 3, 5, 500000),
(5, 4, 2, 10, 1000000),
(6, 4, 3, 20, 500000),
(7, 4, 6, 2, NULL),
(8, 4, 4, 5, NULL),
(9, 4, 5, 1, NULL),
(10, 5, 3, 10, 100),
(11, 6, 4, 20, 4000000),
(12, 6, 4, 8, NULL),
(13, 7, 4, 5, 100000),
(14, 8, 4, 10, NULL),
(15, 8, 4, 2, NULL),
(16, 9, 4, 2, NULL),
(17, 10, 4, 2, NULL),
(24, 15, 4, 4, 3669900),
(25, 15, 6, 1, 3914970),
(26, 16, 4, 4, 3669900),
(27, 16, 6, 1, 3914970),
(28, 17, 4, 6, NULL),
(29, 18, 4, 48, 3914970),
(30, 18, 5, 3, 3669900),
(31, 19, 4, 8, 4149420),
(32, 20, 4, 4, 4149420);

-- --------------------------------------------------------

--
-- Table structure for table `quotation_survey`
--

CREATE TABLE IF NOT EXISTS `quotation_survey` (
  `id_quotation_survey` int(11) NOT NULL AUTO_INCREMENT,
  `quotation` int(11) NOT NULL,
  `survey_assessment` int(11) NOT NULL,
  PRIMARY KEY (`id_quotation_survey`),
  KEY `fk_quotation_survey_quotation1_idx` (`quotation`),
  KEY `fk_quotation_survey_survey_assessment1_idx` (`survey_assessment`)
) ENGINE=InnoDB  DEFAULT CHARSET=latin1 AUTO_INCREMENT=19 ;

--
-- Dumping data for table `quotation_survey`
--

INSERT INTO `quotation_survey` (`id_quotation_survey`, `quotation`, `survey_assessment`) VALUES
(1, 1, 1),
(2, 2, 2),
(3, 3, 3),
(4, 3, 4),
(5, 4, 5),
(6, 4, 6),
(7, 8, 10),
(8, 9, 11),
(9, 10, 12),
(13, 15, 16),
(14, 16, 17),
(15, 17, 18),
(16, 18, 22),
(17, 19, 23),
(18, 20, 24);

-- --------------------------------------------------------

--
-- Table structure for table `recruitment`
--

CREATE TABLE IF NOT EXISTS `recruitment` (
  `id` int(10) NOT NULL AUTO_INCREMENT,
  `nama` varchar(50) DEFAULT NULL,
  `alamat` text,
  `telepon` varchar(15) DEFAULT NULL,
  `email` varchar(50) DEFAULT NULL,
  `birt_date` date DEFAULT NULL,
  `religion` varchar(15) DEFAULT NULL,
  `gender` enum('Male','Female') DEFAULT NULL,
  `blood_type` varchar(10) DEFAULT NULL,
  `validation` enum('0','1') DEFAULT '0',
  PRIMARY KEY (`id`)
) ENGINE=InnoDB  DEFAULT CHARSET=latin1 AUTO_INCREMENT=4 ;

--
-- Dumping data for table `recruitment`
--

INSERT INTO `recruitment` (`id`, `nama`, `alamat`, `telepon`, `email`, `birt_date`, `religion`, `gender`, `blood_type`, `validation`) VALUES
(1, 'Arief', 'Jakarta Timur	', '085718908416', 'kickerif@yahoo.com', '1990-01-21', 'Islam', 'Male', 'A', '0'),
(2, 'Hidayat', 'Jakarta Barat', '02137834888', 'hidayat@gmail.com', '1990-02-01', 'Islam', 'Male', 'AB', '0'),
(3, 'Inoy Juga', 'jakarta x', '8903903940 8', 'supri170845@rocketmail.comx', '1990-04-21', 'Islam', 'Male', 'A', '0');

-- --------------------------------------------------------

--
-- Table structure for table `recruitment_temp`
--

CREATE TABLE IF NOT EXISTS `recruitment_temp` (
  `id` int(10) NOT NULL AUTO_INCREMENT,
  `nama` varchar(50) DEFAULT NULL,
  `alamat` text,
  `telepon` varchar(15) DEFAULT NULL,
  `email` varchar(50) DEFAULT NULL,
  `birt_date` date DEFAULT NULL,
  `religion` varchar(15) DEFAULT NULL,
  `gender` enum('Male','Female') DEFAULT NULL,
  `blood_type` varchar(10) DEFAULT NULL,
  PRIMARY KEY (`id`)
) ENGINE=InnoDB DEFAULT CHARSET=latin1 AUTO_INCREMENT=1 ;

-- --------------------------------------------------------

--
-- Table structure for table `religion`
--

CREATE TABLE IF NOT EXISTS `religion` (
  `id_religion` int(11) NOT NULL AUTO_INCREMENT,
  `name` varchar(45) NOT NULL,
  PRIMARY KEY (`id_religion`)
) ENGINE=InnoDB  DEFAULT CHARSET=latin1 AUTO_INCREMENT=7 ;

--
-- Dumping data for table `religion`
--

INSERT INTO `religion` (`id_religion`, `name`) VALUES
(1, 'Islam'),
(2, 'Protestan'),
(3, 'Katolik'),
(4, 'Hindu'),
(5, 'Budha'),
(6, 'Konghucu');

-- --------------------------------------------------------

--
-- Table structure for table `role`
--

CREATE TABLE IF NOT EXISTS `role` (
  `id_role` int(11) NOT NULL AUTO_INCREMENT,
  `name` varchar(45) DEFAULT NULL,
  PRIMARY KEY (`id_role`)
) ENGINE=InnoDB  DEFAULT CHARSET=latin1 AUTO_INCREMENT=13 ;

--
-- Dumping data for table `role`
--

INSERT INTO `role` (`id_role`, `name`) VALUES
(1, 'administrator'),
(2, 'divadministrator'),
(3, 'standard'),
(10, 'Purchasing Manager'),
(11, 'Appilcation Administrator'),
(12, 'Supervisor');

-- --------------------------------------------------------

--
-- Table structure for table `sales_instance`
--

CREATE TABLE IF NOT EXISTS `sales_instance` (
  `id_sales_instance` int(11) NOT NULL AUTO_INCREMENT,
  PRIMARY KEY (`id_sales_instance`)
) ENGINE=InnoDB DEFAULT CHARSET=latin1 AUTO_INCREMENT=1 ;

-- --------------------------------------------------------

--
-- Table structure for table `send_email_temp`
--

CREATE TABLE IF NOT EXISTS `send_email_temp` (
  `id_send_email_temp` int(11) NOT NULL AUTO_INCREMENT,
  `to` text NOT NULL,
  `cc` text,
  `bcc` text,
  `subject` text,
  `content` text,
  `sending_status` varchar(45) NOT NULL,
  PRIMARY KEY (`id_send_email_temp`,`sending_status`)
) ENGINE=InnoDB DEFAULT CHARSET=latin1 AUTO_INCREMENT=1 ;

-- --------------------------------------------------------

--
-- Table structure for table `shift_rotation`
--

CREATE TABLE IF NOT EXISTS `shift_rotation` (
  `id` int(10) unsigned NOT NULL AUTO_INCREMENT,
  `work_order_id` int(11) DEFAULT NULL,
  `tahun` year(4) DEFAULT NULL,
  `bulan` varchar(2) DEFAULT NULL,
  `employee_id` int(11) DEFAULT NULL,
  `01` varchar(2) DEFAULT NULL,
  `02` varchar(2) DEFAULT NULL,
  `03` varchar(2) DEFAULT NULL,
  `04` varchar(2) DEFAULT NULL,
  `05` varchar(2) DEFAULT NULL,
  `06` varchar(2) DEFAULT NULL,
  `07` varchar(2) DEFAULT NULL,
  `08` varchar(2) DEFAULT NULL,
  `09` varchar(2) DEFAULT NULL,
  `d10` varchar(2) DEFAULT NULL,
  `d11` varchar(2) DEFAULT NULL,
  `d12` varchar(2) DEFAULT NULL,
  `d13` varchar(2) DEFAULT NULL,
  `d14` varchar(2) DEFAULT NULL,
  `d15` varchar(2) DEFAULT NULL,
  `d16` varchar(2) DEFAULT NULL,
  `d17` varchar(2) DEFAULT NULL,
  `d18` varchar(2) DEFAULT NULL,
  `d19` varchar(2) DEFAULT NULL,
  `d20` varchar(2) DEFAULT NULL,
  `d21` varchar(2) DEFAULT NULL,
  `d22` varchar(2) DEFAULT NULL,
  `d23` varchar(2) DEFAULT NULL,
  `d24` varchar(2) DEFAULT NULL,
  `d25` varchar(2) DEFAULT NULL,
  `d26` varchar(2) DEFAULT NULL,
  `d27` varchar(2) DEFAULT NULL,
  `d28` varchar(2) DEFAULT NULL,
  `d29` varchar(2) DEFAULT NULL,
  `d30` varchar(2) DEFAULT NULL,
  `d31` varchar(2) DEFAULT NULL,
  PRIMARY KEY (`id`)
) ENGINE=InnoDB  DEFAULT CHARSET=latin1 AUTO_INCREMENT=136 ;

--
-- Dumping data for table `shift_rotation`
--

INSERT INTO `shift_rotation` (`id`, `work_order_id`, `tahun`, `bulan`, `employee_id`, `01`, `02`, `03`, `04`, `05`, `06`, `07`, `08`, `09`, `d10`, `d11`, `d12`, `d13`, `d14`, `d15`, `d16`, `d17`, `d18`, `d19`, `d20`, `d21`, `d22`, `d23`, `d24`, `d25`, `d26`, `d27`, `d28`, `d29`, `d30`, `d31`) VALUES
(94, 1, 2015, '1', 4, '10', '10', '10', '10', '10', '10', '6', '5', '5', '5', '5', '5', '5', '6', '4', '4', '4', '4', '4', '4', '6', '5', '5', '5', '5', '5', '5', '6', '4', '4', '4'),
(95, 1, 2015, '1', 3, '11', '11', '11', '11', '11', '11', '6', '4', '4', '4', '4', '4', '4', '6', '5', '5', '5', '5', '5', '5', '6', '4', '4', '4', '4', '4', '4', '6', '5', '5', '5'),
(98, 3, 2015, '1', 7, '18', '18', '18', '', '', '', '', '', '', '', '', '', '', '', '', '', '', '', '', '', '', '', '', '', '', '', '', '', '', '', ''),
(99, 3, 2015, '1', 8, '19', '19', '19', '', '', '', '', '', '', '', '', '', '', '', '', '', '', '', '', '', '', '', '', '', '', '', '', '', '', '', ''),
(100, 4, 2015, '1', 9, '21', '21', '21', '21', '21', NULL, NULL, NULL, NULL, NULL, NULL, NULL, NULL, NULL, NULL, NULL, NULL, NULL, NULL, NULL, NULL, NULL, NULL, NULL, NULL, NULL, NULL, NULL, NULL, NULL, NULL),
(110, 6, 2015, '4', 3, '42', '42', '42', '42', '42', '42', '42', '', '', '', '', '', '', '', '', '', '', '', '', '', '', '', '', '', '', '', '', '', '', '', ''),
(111, 6, 2015, '4', 4, '43', '43', '43', '43', '43', '43', '43', '', '', '', '', '', '', '', '', '', '', '', '', '', '', '', '', '', '', '', '', '', '', '', ''),
(116, 9, 2015, '4', 9, '48', '48', '48', '48', '48', '48', '48', '48', '48', '48', '48', '48', '48', '48', '48', '48', '', '', '', '', '', '', '', '', '', '', '', '', '', '', ''),
(117, 9, 2015, '4', 10, '49', '49', '49', '49', '49', '49', '49', '49', '49', '49', '49', '49', '49', '49', '49', '49', '', '', '', '', '', '', '', '', '', '', '', '', '', '', ''),
(124, 10, 2015, '4', 7, '64', '64', '64', '64', '64', '64', '64', '64', '64', '64', '64', '64', '64', '64', '64', '64', '', '', '', '', '', '', '', '', '', '', '', '', '', '', ''),
(125, 10, 2015, '4', 8, '65', '65', '65', '65', '65', '65', '65', '65', '65', '65', '65', '65', '65', '65', '65', '65', '', '', '', '', '', '', '', '', '', '', '', '', '', '', ''),
(132, 12, 2015, '5', 13, '70', '70', '70', '70', '70', '70', '70', '70', '70', '70', '70', '70', '70', '70', '70', '70', '70', '', '', '', '', '', '', '', '', '', '', '', '', '', ''),
(133, 12, 2015, '5', 14, '72', '72', '72', '72', '72', '72', '72', '72', '', '', '', '', '', '', '', '', '72', '', '', '', '', '', '', '', '', '', '', '', '', '', ''),
(134, 12, 0000, '', 15, '', '', '', '', '', '', '', '', '', '', '', '', '', '', '', '', '70', '', '', '', '', '', '', '', '', '', '', '', '', '', ''),
(135, 12, 0000, '', 18, '', '', '', '', '', '', '', '', '', '', '', '', '', '', '', '', '70', '', '', '', '', '', '', '', '', '', '', '', '', '', '');

-- --------------------------------------------------------

--
-- Table structure for table `shift_rotationx`
--

CREATE TABLE IF NOT EXISTS `shift_rotationx` (
  `id` int(10) unsigned NOT NULL AUTO_INCREMENT,
  `work_order_id` int(11) DEFAULT NULL,
  `tahun` year(4) DEFAULT NULL,
  `bulan` int(11) DEFAULT NULL,
  `employee_id` int(11) DEFAULT NULL,
  `01` varchar(2) DEFAULT NULL,
  `02` varchar(2) DEFAULT NULL,
  `03` varchar(2) DEFAULT NULL,
  `04` varchar(2) DEFAULT NULL,
  `05` varchar(2) DEFAULT NULL,
  `06` varchar(2) DEFAULT NULL,
  `07` varchar(2) DEFAULT NULL,
  `08` varchar(2) DEFAULT NULL,
  `09` varchar(2) DEFAULT NULL,
  `10` varchar(2) DEFAULT NULL,
  `11` varchar(2) DEFAULT NULL,
  `12` varchar(2) DEFAULT NULL,
  `13` varchar(2) DEFAULT NULL,
  `14` varchar(2) DEFAULT NULL,
  `15` varchar(2) DEFAULT NULL,
  `16` varchar(2) DEFAULT NULL,
  `17` varchar(2) DEFAULT NULL,
  `18` varchar(2) DEFAULT NULL,
  `19` varchar(2) DEFAULT NULL,
  `20` varchar(2) DEFAULT NULL,
  `21` varchar(2) DEFAULT NULL,
  `22` varchar(2) DEFAULT NULL,
  `23` varchar(2) DEFAULT NULL,
  `24` varchar(2) DEFAULT NULL,
  `25` varchar(2) DEFAULT NULL,
  `26` varchar(2) DEFAULT NULL,
  `27` varchar(2) DEFAULT NULL,
  `28` varchar(2) DEFAULT NULL,
  `29` varchar(2) DEFAULT NULL,
  `30` varchar(2) DEFAULT NULL,
  `31` varchar(2) DEFAULT NULL,
  PRIMARY KEY (`id`)
) ENGINE=InnoDB  DEFAULT CHARSET=latin1 AUTO_INCREMENT=3 ;

--
-- Dumping data for table `shift_rotationx`
--

INSERT INTO `shift_rotationx` (`id`, `work_order_id`, `tahun`, `bulan`, `employee_id`, `01`, `02`, `03`, `04`, `05`, `06`, `07`, `08`, `09`, `10`, `11`, `12`, `13`, `14`, `15`, `16`, `17`, `18`, `19`, `20`, `21`, `22`, `23`, `24`, `25`, `26`, `27`, `28`, `29`, `30`, `31`) VALUES
(1, 1, 2015, 1, 3, '4', '4', '4', '4', '4', '4', '6', '5', '5', '5', '5', '5', '5', '6', '4', '4', '4', '4', '4', '4', '6', '5', '5', '5', '5', '5', '5', '6', '4', '4', '4'),
(2, 1, 2015, 1, 4, '5', '5', '5', '5', '5', '5', '6', '4', '4', '4', '4', '4', '4', '6', '5', '5', '5', '5', '5', '5', '6', '4', '4', '4', '4', '4', '4', '6', '5', '5', '5');

-- --------------------------------------------------------

--
-- Table structure for table `so`
--

CREATE TABLE IF NOT EXISTS `so` (
  `id_so` int(11) NOT NULL AUTO_INCREMENT,
  `so_number` varchar(45) NOT NULL,
  `date` date NOT NULL,
  `date_delivery` date NOT NULL,
  `customer` int(11) NOT NULL,
  `quotation` int(11) NOT NULL,
  `contract_number` varchar(100) DEFAULT NULL,
  `contract_startdate` date DEFAULT NULL,
  `contract_expdate` date DEFAULT NULL,
  `invoice_period` varchar(45) DEFAULT NULL,
  `notes` text,
  `status` varchar(45) DEFAULT NULL,
  `po_number` varchar(45) DEFAULT NULL,
  PRIMARY KEY (`id_so`),
  KEY `fk_so_ext_company1_idx` (`customer`),
  KEY `fk_so_quotation1_idx` (`quotation`)
) ENGINE=InnoDB  DEFAULT CHARSET=latin1 AUTO_INCREMENT=14 ;

--
-- Dumping data for table `so`
--

INSERT INTO `so` (`id_so`, `so_number`, `date`, `date_delivery`, `customer`, `quotation`, `contract_number`, `contract_startdate`, `contract_expdate`, `invoice_period`, `notes`, `status`, `po_number`) VALUES
(1, 'SO150001', '2015-03-18', '2015-03-18', 4, 2, NULL, NULL, NULL, NULL, NULL, 'close', NULL),
(2, 'SO150002', '2015-03-27', '2015-03-28', 4, 3, NULL, NULL, NULL, NULL, NULL, 'close', NULL),
(3, 'SO150003', '2015-03-29', '2015-03-29', 4, 4, NULL, NULL, NULL, NULL, NULL, 'close', NULL),
(4, 'SO150004', '2015-04-04', '2015-04-30', 5, 6, NULL, NULL, NULL, NULL, NULL, 'close', NULL),
(5, 'SO150005', '2015-04-05', '2015-04-30', 5, 8, NULL, NULL, NULL, NULL, NULL, 'close', NULL),
(6, 'SO150006', '2015-04-08', '2015-04-30', 6, 10, NULL, NULL, NULL, NULL, '', 'close', NULL),
(9, 'SO150007', '2015-04-12', '2015-04-30', 6, 15, NULL, NULL, NULL, NULL, '', 'close', NULL),
(10, 'SO150010', '2015-04-15', '2015-04-30', 5, 16, NULL, NULL, NULL, NULL, '', 'close', NULL),
(11, 'SO150011', '2015-04-15', '2015-04-30', 7, 18, NULL, NULL, NULL, NULL, '', 'close', NULL),
(12, 'SO150012', '2015-04-21', '2015-04-30', 4, 19, NULL, NULL, NULL, NULL, '', 'close', NULL),
(13, 'SO150013', '2015-05-07', '2015-05-07', 7, 20, NULL, NULL, NULL, NULL, '', 'close', NULL);

-- --------------------------------------------------------

--
-- Table structure for table `so_assignment`
--

CREATE TABLE IF NOT EXISTS `so_assignment` (
  `id_so_assignment` int(11) NOT NULL AUTO_INCREMENT,
  `so_assignment_number` varchar(45) NOT NULL,
  `work_schedule` int(11) NOT NULL,
  `status` varchar(45) DEFAULT 'assign',
  `work_order_id` int(11) DEFAULT NULL,
  `fingerprint_assign_status` varchar(45) DEFAULT NULL,
  PRIMARY KEY (`id_so_assignment`)
) ENGINE=InnoDB  DEFAULT CHARSET=utf8 AUTO_INCREMENT=21 ;

--
-- Dumping data for table `so_assignment`
--

INSERT INTO `so_assignment` (`id_so_assignment`, `so_assignment_number`, `work_schedule`, `status`, `work_order_id`, `fingerprint_assign_status`) VALUES
(3, '3', 0, 'close', 1, 'register_success'),
(4, '4', 0, 'close', 1, 'register_success'),
(5, '7', 0, 'close', 1, NULL),
(9, '3', 0, 'assign', 6, NULL),
(10, '4', 0, 'assign', 6, NULL),
(13, '9', 0, 'assign', 9, 'register_success'),
(14, '10', 0, 'assign', 9, 'register_success'),
(15, '7', 0, 'assign', 10, NULL),
(16, '8', 0, 'assign', 10, NULL),
(17, '13', 0, 'assign', 12, 'register_success'),
(18, '14', 0, 'assign', 12, 'need_enroll'),
(19, '15', 0, 'assign', 12, 'need_enroll'),
(20, '18', 0, 'assign', 12, 'need_enroll');

-- --------------------------------------------------------

--
-- Table structure for table `so_contract`
--

CREATE TABLE IF NOT EXISTS `so_contract` (
  `id_so_contract` int(11) NOT NULL AUTO_INCREMENT,
  `contract` int(11) DEFAULT NULL,
  `so` int(11) DEFAULT NULL,
  PRIMARY KEY (`id_so_contract`)
) ENGINE=InnoDB  DEFAULT CHARSET=utf8 AUTO_INCREMENT=45 ;

--
-- Dumping data for table `so_contract`
--

INSERT INTO `so_contract` (`id_so_contract`, `contract`, `so`) VALUES
(1, 1, 1),
(2, 2, 2),
(3, 2, 2),
(4, 4, 3),
(5, 5, 4),
(6, 6, 5),
(7, 7, 6),
(9, 10, 9),
(10, 11, 10),
(11, 12, 11),
(12, 13, 13),
(13, 13, 0),
(14, 13, 0),
(15, 13, 0),
(16, 13, 0),
(17, 13, 0),
(18, 13, 0),
(19, 13, 0),
(20, 19, 0),
(21, 13, 0),
(22, 21, 0),
(23, 13, 0),
(24, 26, 0),
(25, 13, 0),
(26, 27, 0),
(27, 13, 0),
(28, 28, 0),
(29, 13, 13),
(30, 29, 13),
(31, 13, 13),
(32, 29, 13),
(33, 13, 0),
(34, 29, 0),
(35, 13, 0),
(36, 29, 0),
(37, 13, 0),
(38, 29, 0),
(39, 13, 0),
(40, 29, 0),
(41, 13, 0),
(42, 29, 0),
(43, 13, 0),
(44, 29, 0);

-- --------------------------------------------------------

--
-- Table structure for table `so_finish_product`
--

CREATE TABLE IF NOT EXISTS `so_finish_product` (
  `id_so_finish_product` int(11) NOT NULL AUTO_INCREMENT,
  `so` int(11) NOT NULL,
  `product` bigint(20) NOT NULL,
  `qty` decimal(10,0) NOT NULL,
  PRIMARY KEY (`id_so_finish_product`),
  KEY `fk_so_finish_product_so1_idx` (`so`),
  KEY `fk_so_finish_product_product1_idx` (`product`)
) ENGINE=InnoDB DEFAULT CHARSET=latin1 AUTO_INCREMENT=1 ;

-- --------------------------------------------------------

--
-- Table structure for table `so_product`
--

CREATE TABLE IF NOT EXISTS `so_product` (
  `id_so_product` int(11) NOT NULL AUTO_INCREMENT,
  `so` int(11) NOT NULL,
  `product` bigint(20) NOT NULL,
  `qty` float DEFAULT NULL,
  `price` float DEFAULT NULL,
  PRIMARY KEY (`id_so_product`,`product`),
  KEY `fk_so_product_so1_idx` (`so`),
  KEY `fk_so_product_product1_idx` (`product`)
) ENGINE=InnoDB  DEFAULT CHARSET=latin1 AUTO_INCREMENT=26 ;

--
-- Dumping data for table `so_product`
--

INSERT INTO `so_product` (`id_so_product`, `so`, `product`, `qty`, `price`) VALUES
(1, 1, 2, 10, 250000),
(2, 2, 2, 10, 100000),
(3, 2, 3, 5, 500000),
(4, 3, 2, 10, 1000000),
(5, 3, 3, 20, 500000),
(6, 3, 4, 5, NULL),
(7, 3, 5, 1, NULL),
(8, 3, 6, 2, NULL),
(9, 4, 4, 20, 4000000),
(10, 4, 4, 8, NULL),
(11, 5, 4, 10, NULL),
(12, 5, 4, 2, NULL),
(13, 6, 4, 2, NULL),
(18, 9, 4, 4, 3669900),
(19, 9, 6, 1, 3914970),
(20, 10, 4, 4, 3669900),
(21, 10, 6, 1, 3914970),
(22, 11, 4, 48, 3914970),
(23, 11, 5, 3, 3669900),
(24, 12, 4, 8, 4149420),
(25, 13, 4, 4, 4149420);

-- --------------------------------------------------------

--
-- Table structure for table `so_schedule`
--

CREATE TABLE IF NOT EXISTS `so_schedule` (
  `id_so_schedule` int(11) NOT NULL AUTO_INCREMENT,
  `work_schedule` int(11) DEFAULT NULL,
  `so` int(11) DEFAULT NULL,
  PRIMARY KEY (`id_so_schedule`)
) ENGINE=InnoDB  DEFAULT CHARSET=utf8 AUTO_INCREMENT=14 ;

--
-- Dumping data for table `so_schedule`
--

INSERT INTO `so_schedule` (`id_so_schedule`, `work_schedule`, `so`) VALUES
(1, 2, 1),
(2, 3, 2),
(3, 4, 3),
(4, 7, 4),
(5, 8, 5),
(6, 10, 6),
(9, 14, 9),
(10, 15, 10),
(11, 17, 11),
(12, 18, 12),
(13, 19, 13);

-- --------------------------------------------------------

--
-- Table structure for table `so_survey`
--

CREATE TABLE IF NOT EXISTS `so_survey` (
  `id_so_survey` int(11) NOT NULL AUTO_INCREMENT,
  `so` int(11) NOT NULL,
  `survey_assessment` int(11) NOT NULL,
  PRIMARY KEY (`id_so_survey`),
  KEY `fk_so_survey_so1_idx` (`so`),
  KEY `fk_so_survey_survey_assessment1_idx` (`survey_assessment`)
) ENGINE=InnoDB  DEFAULT CHARSET=latin1 AUTO_INCREMENT=15 ;

--
-- Dumping data for table `so_survey`
--

INSERT INTO `so_survey` (`id_so_survey`, `so`, `survey_assessment`) VALUES
(1, 1, 2),
(2, 2, 3),
(3, 2, 4),
(4, 3, 5),
(5, 3, 6),
(6, 5, 10),
(7, 6, 12),
(10, 9, 16),
(11, 10, 17),
(12, 11, 22),
(13, 12, 23),
(14, 13, 24);

-- --------------------------------------------------------

--
-- Table structure for table `state`
--

CREATE TABLE IF NOT EXISTS `state` (
  `id_state` int(11) NOT NULL AUTO_INCREMENT,
  `country` int(11) NOT NULL,
  `name` varchar(45) NOT NULL,
  PRIMARY KEY (`id_state`),
  KEY `fk_state_country1_idx` (`country`)
) ENGINE=InnoDB  DEFAULT CHARSET=latin1 AUTO_INCREMENT=95 ;

--
-- Dumping data for table `state`
--

INSERT INTO `state` (`id_state`, `country`, `name`) VALUES
(11, 1, 'Aceh'),
(12, 1, 'Sumatera Utara'),
(13, 1, 'Sumatera Barat'),
(14, 1, 'Riau'),
(15, 1, 'Jambi'),
(16, 1, 'Sumatera Selatan'),
(17, 1, 'Bengkulu'),
(18, 1, 'Lampung'),
(19, 1, 'Kepulauan Bangka Belitung'),
(21, 1, 'Kepulauan Riau'),
(31, 1, 'Dki Jakarta'),
(32, 1, 'Jawa Barat'),
(33, 1, 'Jawa Tengah'),
(34, 1, 'Di Yogyakarta'),
(35, 1, 'Jawa Timur'),
(36, 1, 'Banten'),
(51, 1, 'Bali'),
(52, 1, 'Nusa Tenggara Barat'),
(53, 1, 'Nusa Tenggara Timur'),
(61, 1, 'Kalimantan Barat'),
(62, 1, 'Kalimantan Tengah'),
(63, 1, 'Kalimantan Selatan'),
(64, 1, 'Kalimantan Timur'),
(65, 1, 'Kalimantan Utara'),
(71, 1, 'Sulawesi Utara'),
(72, 1, 'Sulawesi Tengah'),
(73, 1, 'Sulawesi Selatan'),
(74, 1, 'Sulawesi Tenggara'),
(75, 1, 'Gorontalo'),
(76, 1, 'Sulawesi Barat'),
(81, 1, 'Maluku'),
(82, 1, 'Maluku Utara'),
(91, 1, 'Papua Barat'),
(94, 1, 'Papua');

-- --------------------------------------------------------

--
-- Table structure for table `stock_adjustment`
--

CREATE TABLE IF NOT EXISTS `stock_adjustment` (
  `id_stock_adjustment` int(11) NOT NULL AUTO_INCREMENT,
  `date` date NOT NULL,
  `description` varchar(45) NOT NULL,
  `status` varchar(45) NOT NULL,
  PRIMARY KEY (`id_stock_adjustment`)
) ENGINE=InnoDB DEFAULT CHARSET=latin1 AUTO_INCREMENT=1 ;

-- --------------------------------------------------------

--
-- Table structure for table `stock_adjustment_product`
--

CREATE TABLE IF NOT EXISTS `stock_adjustment_product` (
  `id_stock_adjustment_product` int(11) NOT NULL AUTO_INCREMENT,
  `stock_adjustment` int(11) NOT NULL,
  `product` bigint(20) NOT NULL,
  `gudang` int(11) NOT NULL,
  `remark` varchar(45) DEFAULT NULL,
  PRIMARY KEY (`id_stock_adjustment_product`),
  KEY `fk_stock_adjustment_product_stock_adjustment1_idx` (`stock_adjustment`),
  KEY `fk_stock_adjustment_product_product1_idx` (`product`),
  KEY `fk_stock_adjustment_product_gudang1_idx` (`gudang`)
) ENGINE=InnoDB DEFAULT CHARSET=latin1 AUTO_INCREMENT=1 ;

-- --------------------------------------------------------

--
-- Table structure for table `stock_opname`
--

CREATE TABLE IF NOT EXISTS `stock_opname` (
  `id_stock_opname` int(11) NOT NULL AUTO_INCREMENT,
  `date` date NOT NULL,
  PRIMARY KEY (`id_stock_opname`)
) ENGINE=InnoDB DEFAULT CHARSET=latin1 AUTO_INCREMENT=1 ;

-- --------------------------------------------------------

--
-- Table structure for table `stock_opname_detail`
--

CREATE TABLE IF NOT EXISTS `stock_opname_detail` (
  `id_stock_opname_detail` int(11) NOT NULL AUTO_INCREMENT,
  `stock_opname` int(11) NOT NULL,
  `product` bigint(20) NOT NULL,
  `warehouse` int(11) NOT NULL,
  PRIMARY KEY (`id_stock_opname_detail`),
  KEY `fk_stock_opname_product_stock_opname1_idx` (`stock_opname`),
  KEY `fk_stock_opname_product_product1_idx` (`product`),
  KEY `fk_stock_opname_detail_warehouse1_idx` (`warehouse`)
) ENGINE=InnoDB DEFAULT CHARSET=latin1 AUTO_INCREMENT=1 ;

-- --------------------------------------------------------

--
-- Table structure for table `stock_product`
--

CREATE TABLE IF NOT EXISTS `stock_product` (
  `id_stock_product` int(11) NOT NULL AUTO_INCREMENT,
  `product` bigint(20) NOT NULL,
  `warehouse` int(11) NOT NULL,
  PRIMARY KEY (`id_stock_product`),
  KEY `fk_stock_product_product1_idx` (`product`),
  KEY `fk_stock_product_warehouse1_idx` (`warehouse`)
) ENGINE=InnoDB DEFAULT CHARSET=latin1 AUTO_INCREMENT=1 ;

-- --------------------------------------------------------

--
-- Table structure for table `stock_transaction`
--

CREATE TABLE IF NOT EXISTS `stock_transaction` (
  `id_stock_transaction` int(11) NOT NULL AUTO_INCREMENT,
  `product` bigint(20) NOT NULL,
  `qty` float NOT NULL,
  `uom` int(11) NOT NULL,
  `picking_type` varchar(45) NOT NULL COMMENT 'good_receipt,internal_delivery',
  `source_location` int(11) NOT NULL,
  `transaction_date` datetime NOT NULL,
  `status` varchar(45) NOT NULL,
  `destination_location` int(11) NOT NULL,
  `description` varchar(45) NOT NULL,
  PRIMARY KEY (`id_stock_transaction`),
  KEY `fk_stock_transaction_product1_idx` (`product`),
  KEY `fk_stock_transaction_unit_measure1_idx` (`uom`),
  KEY `fk_stock_transaction_gudang1_idx` (`source_location`),
  KEY `fk_stock_transaction_gudang2_idx` (`destination_location`)
) ENGINE=InnoDB  DEFAULT CHARSET=latin1 AUTO_INCREMENT=4 ;

--
-- Dumping data for table `stock_transaction`
--

INSERT INTO `stock_transaction` (`id_stock_transaction`, `product`, `qty`, `uom`, `picking_type`, `source_location`, `transaction_date`, `status`, `destination_location`, `description`) VALUES
(1, 2, 10, 2, 'good_receive', 5, '2015-01-25 00:18:47', 'post', 3, 'GR150001'),
(2, 3, 5, 2, 'good_receive', 5, '2015-01-25 00:18:47', 'post', 3, 'GR150001'),
(3, 2, 10, 2, 'good_receive', 5, '2015-01-30 20:31:57', 'post', 4, 'GR150002');

-- --------------------------------------------------------

--
-- Table structure for table `survey_answer`
--

CREATE TABLE IF NOT EXISTS `survey_answer` (
  `id_object_survey_relationship` int(11) NOT NULL AUTO_INCREMENT,
  `survey_question_relation` int(11) NOT NULL,
  `answer` text NOT NULL,
  `remark` text,
  PRIMARY KEY (`id_object_survey_relationship`),
  KEY `fk_survey_answer_survey_question_relation1_idx` (`survey_question_relation`)
) ENGINE=InnoDB DEFAULT CHARSET=latin1 AUTO_INCREMENT=1 ;

-- --------------------------------------------------------

--
-- Table structure for table `survey_assessment`
--

CREATE TABLE IF NOT EXISTS `survey_assessment` (
  `id_survey_assessment` int(11) NOT NULL AUTO_INCREMENT,
  `filename` text NOT NULL,
  `filename_ori` text NOT NULL,
  `filename_type` varchar(255) NOT NULL,
  `site` int(11) DEFAULT NULL,
  `remark` text,
  PRIMARY KEY (`id_survey_assessment`)
) ENGINE=InnoDB  DEFAULT CHARSET=latin1 AUTO_INCREMENT=25 ;

--
-- Dumping data for table `survey_assessment`
--

INSERT INTO `survey_assessment` (`id_survey_assessment`, `filename`, `filename_ori`, `filename_type`, `site`, `remark`) VALUES
(1, '', '', '', 0, NULL),
(2, 'test2.docx', '', '', 1, 'ok'),
(3, 'S150003', 'test2.docx', 'application/vnd.openxmlformats-officedocument.wordprocessingml.document', 1, 'ok 1'),
(4, 'S150004', 'test2.docx', 'application/vnd.openxmlformats-officedocument.wordprocessingml.document', 1, 'ok 2'),
(5, 'S150005', 'test.docx', 'application/vnd.openxmlformats-officedocument.wordprocessingml.document', 1, 'OK'),
(6, 'S150006', 'test2.docx', 'application/vnd.openxmlformats-officedocument.wordprocessingml.document', 1, 'OK 2'),
(7, 'S150007', 'codeigniter_logo.png', 'image/png', NULL, NULL),
(8, 'S150008', 'Survey.PNG', 'image/png', NULL, NULL),
(9, 'S150009', 'skema.PNG', 'image/png', NULL, NULL),
(10, 'S150010', '2014-02-06_101855.jpg', 'image/jpeg', 2, ''),
(11, 'S150011', '.gitignore', 'text/plain', 2, 'Test'),
(12, 'S150012', '.htaccess', 'application/octet-stream', 3, ''),
(13, 'S150013', 'tumblr_n40y6edrao1s6bw99o1_1280.png', 'image/png', 3, ''),
(14, 'S150014', 'tumblr_mr7agvH2Y71s6bw99o1_1280.png', 'image/png', 3, ''),
(15, 'S150015', 'sucofindo_logo.jpg', 'image/jpeg', 3, ''),
(16, 'S150016', '20150407192307.jpg', 'image/jpeg', 3, ''),
(17, 'S150017', 'db_structure.xlsx', 'application/vnd.openxmlformats-officedocument.spreadsheetml.sheet', 2, ''),
(18, 'S150018', 'db_structure.xlsx', 'application/vnd.openxmlformats-officedocument.spreadsheetml.sheet', 2, ''),
(19, 'S150019', 'db_structure.xlsx', 'application/vnd.openxmlformats-officedocument.spreadsheetml.sheet', NULL, NULL),
(20, 'S150020', 'db_structure.xlsx', 'application/vnd.openxmlformats-officedocument.spreadsheetml.sheet', NULL, NULL),
(21, 'S150021', 'db_structure.xlsx', 'application/vnd.openxmlformats-officedocument.spreadsheetml.sheet', NULL, NULL),
(22, 'S150022', 'db_structure.xlsx', 'application/vnd.openxmlformats-officedocument.spreadsheetml.sheet', 6, 'Survey Site Auto Car'),
(23, 'S150023', 'Invoice-15586.pdf', 'application/pdf', 1, ''),
(24, 'S150024', 'PO150008_(4).pdf', 'application/pdf', 4, '');

-- --------------------------------------------------------

--
-- Table structure for table `survey_question_list`
--

CREATE TABLE IF NOT EXISTS `survey_question_list` (
  `id_survey_question_list` int(11) NOT NULL AUTO_INCREMENT,
  `question` text NOT NULL,
  `question_type` varchar(10) NOT NULL,
  `weight` float DEFAULT NULL,
  `survey_template` int(11) NOT NULL,
  PRIMARY KEY (`id_survey_question_list`),
  KEY `fk_survey_question_list_survey_template1_idx` (`survey_template`)
) ENGINE=InnoDB  DEFAULT CHARSET=latin1 AUTO_INCREMENT=5 ;

--
-- Dumping data for table `survey_question_list`
--

INSERT INTO `survey_question_list` (`id_survey_question_list`, `question`, `question_type`, `weight`, `survey_template`) VALUES
(1, 'Apakah Anda pernah bekerja di Group atau perusahaan ini?', 'yes_no', 1, 0),
(2, 'Kapan, bilamana dan sebagai apa?', 'fill_in', 1, 0),
(3, 'Apakah anda terikat kontrak dengan pihak lain saat ini?', 'yes_no', 1, 0),
(4, 'Apakah Anda pernah menderita penyakit keras, kecelakaan, operasi? Bilamana dan macam apa?', 'yes_no_fil', 1, 0);

-- --------------------------------------------------------

--
-- Table structure for table `survey_question_relation`
--

CREATE TABLE IF NOT EXISTS `survey_question_relation` (
  `id_survey_question_relation` int(11) NOT NULL AUTO_INCREMENT,
  `survey_question` int(11) NOT NULL,
  `object_relation` varchar(45) DEFAULT NULL,
  PRIMARY KEY (`id_survey_question_relation`),
  KEY `fk_survey_question_relation_survey_question_list1_idx` (`survey_question`)
) ENGINE=InnoDB DEFAULT CHARSET=latin1 AUTO_INCREMENT=1 ;

-- --------------------------------------------------------

--
-- Table structure for table `survey_template`
--

CREATE TABLE IF NOT EXISTS `survey_template` (
  `id_survey_template` int(11) NOT NULL AUTO_INCREMENT,
  `name` varchar(45) DEFAULT NULL,
  PRIMARY KEY (`id_survey_template`)
) ENGINE=InnoDB DEFAULT CHARSET=latin1 AUTO_INCREMENT=1 ;

-- --------------------------------------------------------

--
-- Table structure for table `tax_status`
--

CREATE TABLE IF NOT EXISTS `tax_status` (
  `id_tax_status` int(11) NOT NULL AUTO_INCREMENT,
  `status_name` varchar(5) NOT NULL,
  PRIMARY KEY (`id_tax_status`)
) ENGINE=InnoDB  DEFAULT CHARSET=latin1 AUTO_INCREMENT=5 ;

--
-- Dumping data for table `tax_status`
--

INSERT INTO `tax_status` (`id_tax_status`, `status_name`) VALUES
(1, 'K1'),
(2, 'K2'),
(3, 'K3'),
(4, 'TK');

-- --------------------------------------------------------

--
-- Table structure for table `timesheet`
--

CREATE TABLE IF NOT EXISTS `timesheet` (
  `id` int(10) unsigned NOT NULL AUTO_INCREMENT,
  `employee_number` int(11) DEFAULT NULL,
  `date` date DEFAULT NULL,
  `in` time DEFAULT NULL,
  `out` time DEFAULT NULL,
  `time_input` timestamp NULL DEFAULT CURRENT_TIMESTAMP,
  `input_by` enum('manual','ff') DEFAULT 'manual',
  `supervisor_id` int(11) DEFAULT NULL,
  `status_absen` varchar(255) DEFAULT NULL,
  `overtime` enum('Y','N') DEFAULT 'N',
  `timesheet_group_id` int(11) DEFAULT NULL,
  `output_by` enum('ff','manual') DEFAULT 'manual',
  `late_in` float DEFAULT NULL,
  `early_out` float DEFAULT NULL,
  PRIMARY KEY (`id`)
) ENGINE=InnoDB  DEFAULT CHARSET=latin1 AUTO_INCREMENT=82 ;

--
-- Dumping data for table `timesheet`
--

INSERT INTO `timesheet` (`id`, `employee_number`, `date`, `in`, `out`, `time_input`, `input_by`, `supervisor_id`, `status_absen`, `overtime`, `timesheet_group_id`, `output_by`, `late_in`, `early_out`) VALUES
(1, 3, NULL, NULL, NULL, '2015-03-19 06:36:50', 'manual', NULL, NULL, 'N', 1, 'manual', NULL, NULL),
(2, 4, NULL, NULL, NULL, '2015-03-19 06:36:50', 'manual', NULL, NULL, 'N', 1, 'manual', NULL, NULL),
(3, 3, NULL, '02:00:00', '14:00:00', '2015-03-19 06:44:48', 'manual', NULL, NULL, 'N', 2, 'manual', NULL, NULL),
(4, 10, NULL, '14:00:00', '18:00:00', '2015-03-19 06:44:48', 'manual', NULL, NULL, 'N', 2, 'manual', NULL, NULL),
(5, 13, NULL, '09:00:00', '16:00:00', '2015-03-19 06:44:48', 'manual', NULL, NULL, 'N', 2, 'manual', NULL, NULL),
(6, 10, NULL, '00:08:00', '00:16:00', '2015-03-25 08:35:25', 'manual', NULL, NULL, 'N', 3, 'manual', NULL, NULL),
(7, 13, NULL, NULL, NULL, '2015-03-25 08:35:25', 'manual', NULL, NULL, 'N', 3, 'manual', NULL, NULL),
(8, 3, NULL, '08:00:00', '16:00:00', '2015-03-25 08:45:08', 'manual', NULL, NULL, 'N', 4, 'manual', NULL, NULL),
(9, 4, NULL, '08:00:00', '16:00:00', '2015-03-25 08:45:08', 'manual', NULL, NULL, 'N', 4, 'manual', NULL, NULL),
(10, 3, NULL, '08:00:00', '16:00:00', '2015-03-25 08:47:35', 'manual', NULL, NULL, 'N', 5, 'manual', NULL, NULL),
(11, 4, NULL, '08:00:00', '16:00:00', '2015-03-25 08:47:35', 'manual', NULL, NULL, 'N', 5, 'manual', NULL, NULL),
(12, 14, NULL, NULL, NULL, '2015-03-25 09:57:45', 'manual', NULL, NULL, 'N', 6, 'manual', NULL, NULL),
(13, 15, NULL, NULL, NULL, '2015-03-25 09:57:45', 'manual', NULL, NULL, 'N', 6, 'manual', NULL, NULL),
(14, 4, NULL, NULL, NULL, '2015-03-25 09:59:43', 'manual', NULL, NULL, 'N', 7, 'manual', NULL, NULL),
(15, 10, NULL, NULL, NULL, '2015-03-25 09:59:43', 'manual', NULL, NULL, 'N', 7, 'manual', NULL, NULL),
(16, 8, NULL, NULL, NULL, '2015-03-25 09:59:43', 'manual', NULL, NULL, 'N', 7, 'manual', NULL, NULL),
(17, 3, NULL, '09:00:00', '13:00:00', '2015-03-25 10:02:01', 'manual', NULL, NULL, 'N', 8, 'manual', NULL, NULL),
(18, 4, NULL, '23:00:00', '24:00:00', '2015-03-25 10:02:01', 'manual', NULL, NULL, 'N', 8, 'manual', NULL, NULL),
(19, 3, NULL, '08:00:00', '12:00:00', '2015-03-26 12:55:53', 'manual', NULL, NULL, 'N', 9, 'manual', NULL, NULL),
(20, 3, NULL, '00:00:00', NULL, '2015-04-01 03:22:33', 'manual', NULL, NULL, 'N', 10, 'manual', NULL, NULL),
(21, 4, NULL, NULL, NULL, '2015-04-01 03:22:33', 'manual', NULL, NULL, 'N', 10, 'manual', NULL, NULL),
(22, 3, NULL, '12:00:00', '18:00:00', '2015-04-01 03:49:48', 'manual', NULL, NULL, 'N', 11, 'manual', 330, NULL),
(23, 4, NULL, '18:30:00', '06:05:00', '2015-04-01 03:49:48', 'manual', NULL, NULL, 'N', 11, 'manual', NULL, NULL),
(42, 3, NULL, '07:00:00', '20:24:05', '2015-04-06 13:20:28', 'manual', NULL, NULL, 'N', 22, 'ff', 30, NULL),
(43, 4, NULL, '20:32:51', '05:00:00', '2015-04-06 13:20:28', 'ff', NULL, NULL, 'N', 22, 'manual', 122.85, 50),
(44, 3, NULL, '01:47:03', '14:11:45', '2015-04-06 18:46:18', 'ff', NULL, NULL, 'N', 23, 'ff', NULL, 218.25),
(45, 4, NULL, '22:49:41', NULL, '2015-04-06 18:46:18', 'ff', NULL, NULL, 'N', 23, 'manual', 259.683, NULL),
(46, 9, NULL, '05:30:00', '18:10:00', '2015-04-07 18:08:09', 'ff', NULL, NULL, 'N', 24, 'manual', NULL, NULL),
(47, 10, NULL, '18:45:00', '06:30:00', '2015-04-07 18:08:09', 'manual', NULL, NULL, 'N', 24, 'ff', 15, NULL),
(80, 7, NULL, '07:00:00', '16:30:00', '2015-04-14 07:30:23', 'manual', NULL, NULL, 'N', 35, 'manual', NULL, NULL),
(81, 8, NULL, '17:00:00', '03:00:00', '2015-04-14 07:30:23', 'manual', NULL, NULL, 'N', 35, 'manual', 30, NULL);

-- --------------------------------------------------------

--
-- Table structure for table `timesheet_device_log`
--

CREATE TABLE IF NOT EXISTS `timesheet_device_log` (
  `id_timesheet_device_log` int(10) unsigned NOT NULL AUTO_INCREMENT,
  `date` date DEFAULT NULL,
  `time` time DEFAULT NULL,
  `source` varchar(45) DEFAULT NULL,
  `employee` int(11) NOT NULL,
  `app_id` varchar(45) NOT NULL,
  `serial_number` varchar(45) DEFAULT NULL,
  `work_order` int(11) DEFAULT NULL,
  PRIMARY KEY (`id_timesheet_device_log`)
) ENGINE=InnoDB  DEFAULT CHARSET=latin1 AUTO_INCREMENT=301 ;

--
-- Dumping data for table `timesheet_device_log`
--

INSERT INTO `timesheet_device_log` (`id_timesheet_device_log`, `date`, `time`, `source`, `employee`, `app_id`, `serial_number`, `work_order`) VALUES
(1, '2015-02-02', '22:44:47', 'fingerprint_sch', 4, 'APPID1500061', '0266142700024', 6),
(2, '2015-02-02', '22:45:47', 'fingerprint_sch', 4, 'APPID1500061', '0266142700024', 6),
(3, '2015-02-02', '22:47:07', 'fingerprint_sch', 4, 'APPID1500061', '0266142700024', 6),
(4, '2015-02-02', '22:47:17', 'fingerprint_sch', 4, 'APPID1500061', '0266142700024', 6),
(5, '2015-02-02', '22:47:45', 'fingerprint_sch', 4, 'APPID1500061', '0266142700024', 6),
(6, '2015-02-02', '23:12:38', 'fingerprint_sch', 7, 'APPID1500061', '0266142700024', NULL),
(7, '2015-02-02', '23:12:45', 'fingerprint_sch', 7, 'APPID1500061', '0266142700024', NULL),
(8, '2015-03-04', '23:43:57', 'fingerprint_sch', 4, 'APPID1500061', '0266142700024', 6),
(9, '2015-03-04', '23:44:01', 'fingerprint_sch', 4, 'APPID1500061', '0266142700024', 6),
(10, '2015-03-04', '23:44:07', 'fingerprint_sch', 4, 'APPID1500061', '0266142700024', 6),
(11, '2015-03-05', '22:59:58', 'fingerprint_sch', 4, 'APPID1500061', '0266142700024', 6),
(12, '2015-03-05', '23:19:27', 'fingerprint_sch', 4, 'APPID1500061', '0266142700024', 6),
(13, '2015-03-08', '01:00:54', 'fingerprint_sch', 4, 'APPID1500061', '0266142700024', 6),
(14, '2015-03-16', '22:55:26', 'fingerprint_sch', 4, 'APPID1500061', '0266142700024', 6),
(15, '2015-03-16', '22:55:42', 'fingerprint_sch', 4, 'APPID1500061', '0266142700024', 6),
(16, '2015-03-16', '22:57:52', 'fingerprint_sch', 4, 'APPID1500061', '0266142700024', 6),
(17, '2015-03-16', '22:58:09', 'fingerprint_sch', 4, 'APPID1500061', '0266142700024', 6),
(18, '2015-03-16', '23:01:06', 'fingerprint_sch', 4, 'APPID1500061', '0266142700024', 6),
(19, '2015-03-17', '00:48:19', 'fingerprint_sch', 4, 'APPID1500061', '0266142700024', 6),
(20, '2015-03-17', '00:50:52', 'fingerprint_sch', 4, 'APPID1500061', '0266142700024', 6),
(21, '2015-03-17', '00:51:08', 'fingerprint_sch', 4, 'APPID1500061', '0266142700024', 6),
(22, '2015-03-17', '00:56:30', 'fingerprint_sch', 4, 'APPID1500061', '0266142700024', 6),
(23, '2015-03-17', '00:59:51', 'fingerprint_sch', 4, 'APPID1500061', '0266142700024', 6),
(24, '2015-03-17', '00:59:59', 'fingerprint_sch', 4, 'APPID1500061', '0266142700024', 6),
(25, '2015-03-17', '01:00:12', 'fingerprint_sch', 4, 'APPID1500061', '0266142700024', 6),
(26, '2015-03-17', '01:00:30', 'fingerprint_sch', 4, 'APPID1500061', '0266142700024', 6),
(27, '2015-03-17', '01:00:47', 'fingerprint_sch', 4, 'APPID1500061', '0266142700024', 6),
(28, '2015-03-17', '01:01:04', 'fingerprint_sch', 4, 'APPID1500061', '0266142700024', 6),
(29, '2015-03-17', '01:01:28', 'fingerprint_sch', 4, 'APPID1500061', '0266142700024', 6),
(30, '2015-03-17', '01:05:30', 'fingerprint_sch', 4, 'APPID1500061', '0266142700024', 6),
(31, '2015-03-17', '01:11:52', 'fingerprint_sch', 4, 'APPID1500061', '0266142700024', 6),
(32, '2015-03-17', '01:12:06', 'fingerprint_sch', 4, 'APPID1500061', '0266142700024', 6),
(33, '2015-03-17', '01:12:16', 'fingerprint_sch', 4, 'APPID1500061', '0266142700024', 6),
(34, '2015-03-17', '01:12:47', 'fingerprint_sch', 4, 'APPID1500061', '0266142700024', 6),
(35, '2015-03-17', '01:13:04', 'fingerprint_sch', 4, 'APPID1500061', '0266142700024', 6),
(36, '2015-03-17', '01:13:37', 'fingerprint_sch', 4, 'APPID1500061', '0266142700024', 6),
(37, '2015-03-17', '01:16:44', 'fingerprint_sch', 4, 'APPID1500061', '0266142700024', 6),
(38, '2015-03-17', '01:20:11', 'fingerprint_sch', 4, 'APPID1500061', '0266142700024', 6),
(39, '2015-03-17', '01:21:54', 'fingerprint_sch', 4, 'APPID1500061', '0266142700024', 6),
(40, '2015-03-17', '01:24:41', 'fingerprint_sch', 4, 'APPID1500061', '0266142700024', 6),
(41, '2015-03-17', '01:24:49', 'fingerprint_sch', 4, 'APPID1500061', '0266142700024', 6),
(42, '2015-03-17', '01:26:19', 'fingerprint_sch', 4, 'APPID1500061', '0266142700024', 6),
(43, '2015-03-17', '01:27:36', 'fingerprint_sch', 4, 'APPID1500061', '0266142700024', 6),
(44, '2015-03-17', '01:29:40', 'fingerprint_sch', 4, 'APPID1500061', '0266142700024', 6),
(45, '2015-03-17', '01:30:32', 'fingerprint_sch', 4, 'APPID1500061', '0266142700024', 6),
(46, '2015-03-17', '01:32:46', 'fingerprint_sch', 4, 'APPID1500061', '0266142700024', 6),
(47, '2015-03-17', '01:34:37', 'fingerprint_sch', 4, 'APPID1500061', '0266142700024', 6),
(48, '2015-03-17', '10:45:05', 'fingerprint_sch', 4, 'APPID1500061', '0266142700024', 6),
(49, '2015-03-17', '11:28:04', 'fingerprint_sch', 4, 'APPID1500061', '0266142700024', 6),
(50, '2015-03-17', '11:40:39', 'fingerprint_sch', 4, 'APPID1500061', '0266142700024', 6),
(51, '2015-03-17', '15:17:35', 'fingerprint_sch', 4, 'APPID1500061', '0266142700024', 6),
(52, '2015-03-18', '13:55:08', 'fingerprint_sch', 7, 'APPID1500061', '0266142700024', NULL),
(53, '2015-03-18', '14:00:45', 'fingerprint_sch', 7, 'APPID1500061', '0266142700024', NULL),
(54, '2015-03-18', '14:10:42', 'fingerprint_sch', 4, 'APPID1500061', '0266142700024', 6),
(55, '2015-03-18', '14:15:20', 'fingerprint_sch', 4, 'APPID1500061', '0266142700024', 6),
(56, '2015-03-18', '14:34:17', 'fingerprint_sch', 10, 'APPID1500061', '0266142700024', NULL),
(57, '2015-03-18', '14:35:50', 'fingerprint_sch', 10, 'APPID1500061', '0266142700024', NULL),
(58, '2015-03-18', '14:36:04', 'fingerprint_sch', 10, 'APPID1500061', '0266142700024', NULL),
(59, '2015-03-18', '14:36:08', 'fingerprint_sch', 10, 'APPID1500061', '0266142700024', NULL),
(60, '2015-03-18', '14:39:51', 'fingerprint_sch', 10, 'APPID1500061', '0266142700024', NULL),
(61, '2015-03-18', '14:40:48', 'fingerprint_sch', 4, 'APPID1500061', '0266142700024', 6),
(62, '2015-03-18', '14:41:36', 'fingerprint_sch', 4, 'APPID1500061', '0266142700024', 6),
(63, '2015-03-18', '14:41:43', 'fingerprint_sch', 10, 'APPID1500061', '0266142700024', NULL),
(64, '2015-03-18', '14:43:57', 'fingerprint_sch', 4, 'APPID1500061', '0266142700024', 6),
(65, '2015-03-18', '14:44:03', 'fingerprint_sch', 10, 'APPID1500061', '0266142700024', NULL),
(66, '2015-03-18', '14:54:58', 'fingerprint_sch', 4, 'APPID1500061', '0266142700024', 6),
(67, '2015-03-18', '14:55:16', 'fingerprint_sch', 10, 'APPID1500061', '0266142700024', NULL),
(68, '2015-03-18', '15:26:24', 'fingerprint_sch', 4, 'APPID1500061', '0266142700024', 6),
(69, '2015-03-18', '15:34:43', 'fingerprint_sch', 7, 'APPID1500061', '0266142700024', NULL),
(70, '2015-03-18', '16:55:27', 'fingerprint_sch', 7, 'APPID1500061', '0266142700024', NULL),
(71, '2015-03-18', '16:55:34', 'fingerprint_sch', 10, 'APPID1500061', '0266142700024', NULL),
(72, '2015-03-18', '17:49:11', 'fingerprint_sch', 7, 'APPID1500061', '0266142700024', NULL),
(73, '2015-03-18', '17:49:17', 'fingerprint_sch', 9, 'APPID1500061', '0266142700024', NULL),
(74, '2015-03-18', '17:49:23', 'fingerprint_sch', 4, 'APPID1500061', '0266142700024', 6),
(75, '2015-03-18', '17:49:26', 'fingerprint_sch', 8, 'APPID1500061', '0266142700024', NULL),
(76, '2015-03-18', '17:50:09', 'fingerprint_sch', 10, 'APPID1500061', '0266142700024', NULL),
(77, '2015-03-18', '17:50:12', 'fingerprint_sch', 10, 'APPID1500061', '0266142700024', NULL),
(78, '2015-03-18', '17:50:18', 'fingerprint_sch', 10, 'APPID1500061', '0266142700024', NULL),
(79, '2015-03-18', '23:56:58', 'fingerprint_sch', 10, 'APPID1500061', '0266142700024', NULL),
(80, '2015-03-18', '23:57:04', 'fingerprint_sch', 7, 'APPID1500061', '0266142700024', NULL),
(81, '2015-03-18', '23:57:10', 'fingerprint_sch', 9, 'APPID1500061', '0266142700024', NULL),
(82, '2015-03-18', '23:57:14', 'fingerprint_sch', 4, 'APPID1500061', '0266142700024', 6),
(83, '2015-03-18', '23:57:21', 'fingerprint_sch', 8, 'APPID1500061', '0266142700024', NULL),
(84, '2015-03-18', '23:57:23', 'fingerprint_sch', 8, 'APPID1500061', '0266142700024', NULL),
(85, '2015-03-19', '00:34:17', 'fingerprint_sch', 10, 'APPID1500061', '0266142700024', NULL),
(86, '2015-03-19', '00:34:23', 'fingerprint_sch', 10, 'APPID1500061', '0266142700024', NULL),
(87, '2015-03-19', '00:34:26', 'fingerprint_sch', 10, 'APPID1500061', '0266142700024', NULL),
(88, '2015-03-19', '00:34:30', 'fingerprint_sch', 10, 'APPID1500061', '0266142700024', NULL),
(89, '2015-03-19', '00:34:40', 'fingerprint_sch', 10, 'APPID1500061', '0266142700024', NULL),
(90, '2015-03-19', '00:34:45', 'fingerprint_sch', 10, 'APPID1500061', '0266142700024', NULL),
(91, '2015-03-19', '00:34:51', 'fingerprint_sch', 7, 'APPID1500061', '0266142700024', NULL),
(92, '2015-03-19', '00:34:59', 'fingerprint_sch', 7, 'APPID1500061', '0266142700024', NULL),
(93, '2015-03-19', '00:35:01', 'fingerprint_sch', 7, 'APPID1500061', '0266142700024', NULL),
(94, '2015-03-19', '00:35:02', 'fingerprint_sch', 7, 'APPID1500061', '0266142700024', NULL),
(95, '2015-03-19', '00:35:04', 'fingerprint_sch', 7, 'APPID1500061', '0266142700024', NULL),
(96, '2015-03-24', '23:00:11', 'fingerprint_sch', 10, 'APPID1500061', '0266142700024', NULL),
(97, '2015-03-24', '23:09:56', 'fingerprint_sch', 10, 'APPID1500061', '0266142700024', NULL),
(98, '2015-03-24', '23:11:56', 'fingerprint_sch', 10, 'APPID1500061', '0266142700024', NULL),
(99, '2015-03-24', '23:15:06', 'fingerprint_sch', 10, 'APPID1500061', '0266142700024', NULL),
(100, '2015-03-24', '23:17:43', 'fingerprint_sch', 10, 'APPID1500061', '0266142700024', NULL),
(101, '2015-03-24', '23:17:45', 'fingerprint_sch', 10, 'APPID1500061', '0266142700024', NULL),
(102, '2015-03-24', '23:17:47', 'fingerprint_sch', 10, 'APPID1500061', '0266142700024', NULL),
(103, '2015-03-24', '23:17:48', 'fingerprint_sch', 10, 'APPID1500061', '0266142700024', NULL),
(104, '2015-03-24', '23:18:09', 'fingerprint_sch', 10, 'APPID1500061', '0266142700024', NULL),
(105, '2015-03-24', '23:25:16', 'fingerprint_sch', 10, 'APPID1500061', '0266142700024', NULL),
(106, '2015-03-24', '23:51:07', 'fingerprint_sch', 10, 'APPID1500061', '0266142700024', NULL),
(107, '2015-03-24', '23:52:56', 'fingerprint_sch', 10, 'APPID1500061', '0266142700024', NULL),
(108, '2015-03-24', '23:53:46', 'fingerprint_sch', 10, 'APPID1500061', '0266142700024', NULL),
(109, '2015-03-24', '23:54:20', 'fingerprint_sch', 10, 'APPID1500061', '0266142700024', NULL),
(110, '2015-03-24', '23:55:08', 'fingerprint_sch', 10, 'APPID1500061', '0266142700024', NULL),
(111, '2015-03-24', '23:55:12', 'fingerprint_sch', 10, 'APPID1500061', '0266142700024', NULL),
(112, '2015-03-24', '23:55:43', 'fingerprint_sch', 10, 'APPID1500061', '0266142700024', NULL),
(113, '2015-03-24', '23:56:58', 'fingerprint_sch', 10, 'APPID1500061', '0266142700024', NULL),
(114, '2015-03-25', '00:05:11', 'fingerprint_sch', 10, 'APPID1500061', '0266142700024', NULL),
(115, '2015-03-25', '00:16:45', 'fingerprint_sch', 10, 'APPID1500061', '0266142700024', NULL),
(116, '2015-03-25', '00:16:50', 'fingerprint_sch', 10, 'APPID1500061', '0266142700024', NULL),
(117, '2015-03-25', '22:12:56', 'fingerprint_sch', 10, 'APPID1500061', '0266142700024', NULL),
(118, '2015-03-26', '01:08:53', 'fingerprint_sch', 10, 'APPID1500061', '0266142700024', NULL),
(119, '2015-03-26', '01:09:04', 'fingerprint_sch', 10, 'APPID1500061', '0266142700024', NULL),
(120, '2015-03-26', '01:20:42', 'fingerprint_sch', 10, 'APPID1500061', '0266142700024', NULL),
(121, '2015-03-26', '01:21:57', 'fingerprint_sch', 8, 'APPID1500061', '0266142700024', NULL),
(122, '2015-03-26', '20:42:50', 'fingerprint_sch', 10, 'APPID1500061', '0266142700024', NULL),
(123, '2015-03-26', '20:43:33', 'fingerprint_sch', 10, 'APPID1500061', '0266142700024', NULL),
(124, '2015-03-26', '20:46:56', 'fingerprint_sch', 10, 'APPID1500061', '0266142700024', NULL),
(125, '2015-03-26', '20:46:59', 'fingerprint_sch', 10, 'APPID1500061', '0266142700024', NULL),
(126, '2015-03-26', '20:47:00', 'fingerprint_sch', 10, 'APPID1500061', '0266142700024', NULL),
(127, '2015-03-26', '20:47:02', 'fingerprint_sch', 10, 'APPID1500061', '0266142700024', NULL),
(128, '2015-03-27', '15:51:13', 'fingerprint_sch', 10, 'APPID1500061', '0266142700024', NULL),
(129, '2015-03-27', '16:00:50', 'fingerprint_sch', 10, 'APPID1500061', '0266142700024', NULL),
(130, '2015-03-27', '16:00:53', 'fingerprint_sch', 10, 'APPID1500061', '0266142700024', NULL),
(131, '2015-03-27', '16:01:50', 'fingerprint_sch', 10, 'APPID1500061', '0266142700024', NULL),
(132, '2015-03-27', '16:04:04', 'fingerprint_sch', 10, 'APPID1500061', '0266142700024', NULL),
(133, '2015-03-27', '16:05:31', 'fingerprint_sch', 10, 'APPID1500061', '0266142700024', NULL),
(134, '2015-03-27', '16:06:53', 'fingerprint_sch', 10, 'APPID1500061', '0266142700024', NULL),
(135, '2015-03-27', '16:07:30', 'fingerprint_sch', 10, 'APPID1500061', '0266142700024', NULL),
(136, '2015-03-27', '16:08:30', 'fingerprint_sch', 10, 'APPID1500061', '0266142700024', NULL),
(137, '2015-03-27', '16:09:28', 'fingerprint_sch', 10, 'APPID1500061', '0266142700024', NULL),
(138, '2015-03-27', '16:12:14', 'fingerprint_sch', 10, 'APPID1500061', '0266142700024', NULL),
(139, '2015-03-27', '16:14:18', 'fingerprint_sch', 10, 'APPID1500061', '0266142700024', NULL),
(140, '2015-03-27', '16:15:37', 'fingerprint_sch', 10, 'APPID1500061', '0266142700024', NULL),
(141, '2015-03-27', '16:18:23', 'fingerprint_sch', 10, 'APPID1500061', '0266142700024', NULL),
(142, '2015-03-27', '16:23:50', 'fingerprint_sch', 10, 'APPID1500061', '0266142700024', NULL),
(143, '2015-03-27', '16:24:34', 'fingerprint_sch', 10, 'APPID1500061', '0266142700024', NULL),
(144, '2015-03-27', '16:27:38', 'fingerprint_sch', 10, 'APPID1500061', '0266142700024', NULL),
(145, '2015-03-27', '16:28:21', 'fingerprint_sch', 10, 'APPID1500061', '0266142700024', NULL),
(146, '2015-03-27', '16:31:05', 'fingerprint_sch', 10, 'APPID1500061', '0266142700024', NULL),
(147, '2015-03-27', '16:32:56', 'fingerprint_sch', 10, 'APPID1500061', '0266142700024', NULL),
(148, '2015-03-27', '16:36:06', 'fingerprint_sch', 10, 'APPID1500061', '0266142700024', NULL),
(149, '2015-03-27', '16:38:18', 'fingerprint_sch', 10, 'APPID1500061', '0266142700024', NULL),
(150, '2015-03-27', '16:42:53', 'fingerprint_sch', 10, 'APPID1500061', '0266142700024', NULL),
(151, '2015-03-27', '16:47:21', 'fingerprint_sch', 10, 'APPID1500061', '0266142700024', NULL),
(152, '2015-03-27', '16:49:08', 'fingerprint_sch', 10, 'APPID1500061', '0266142700024', NULL),
(153, '2015-03-27', '16:52:35', 'fingerprint_sch', 10, 'APPID1500061', '0266142700024', NULL),
(154, '2015-03-27', '16:59:38', 'fingerprint_sch', 10, 'APPID1500061', '0266142700024', NULL),
(155, '2015-03-27', '17:03:04', 'fingerprint_sch', 10, 'APPID1500061', '0266142700024', NULL),
(156, '2015-03-27', '17:03:58', 'fingerprint_sch', 10, 'APPID1500061', '0266142700024', NULL),
(157, '2015-03-27', '17:04:27', 'fingerprint_sch', 8, 'APPID1500061', '0266142700024', NULL),
(158, '2015-03-27', '17:06:04', 'fingerprint_sch', 9, 'APPID1500061', '0266142700024', NULL),
(159, '2015-03-31', '22:35:48', 'fingerprint_sch', 10, 'APPID1500061', '0266142700024', NULL),
(160, '2015-04-01', '00:25:21', 'fingerprint_sch', 10, 'APPID1500061', '0266142700024', NULL),
(161, '2015-04-01', '15:53:59', 'fingerprint_sch', 10, 'APPID1500061', '0266142700024', NULL),
(162, '2015-04-01', '16:12:36', 'fingerprint_sch', 10, 'APPID1500061', '0266142700024', NULL),
(163, '2015-04-01', '16:12:39', 'fingerprint_sch', 3, 'APPID1500061', '0266142700024', 6),
(164, '2015-04-01', '16:12:45', 'fingerprint_sch', 9, 'APPID1500061', '0266142700024', NULL),
(165, '2015-04-01', '16:12:50', 'fingerprint_sch', 10, 'APPID1500061', '0266142700024', NULL),
(166, '2015-04-01', '16:13:15', 'fingerprint_sch', 3, 'APPID1500061', '0266142700024', 6),
(167, '2015-04-02', '07:59:19', 'fingerprint_sch', 3, 'APPID1500061', '0266142700024', 6),
(168, '2015-04-02', '11:54:30', 'fingerprint_sch', 3, 'APPID1500061', '0266142700024', 6),
(169, '2015-04-02', '13:16:52', 'fingerprint_sch', 4, 'APPID1500061', '0266142700024', 6),
(170, '2015-04-02', '13:17:33', 'fingerprint_sch', 3, 'APPID1500061', '0266142700024', 6),
(171, '2015-04-02', '13:22:58', 'fingerprint_sch', 4, 'APPID1500061', '0266142700024', 6),
(172, '2015-04-02', '13:23:01', 'fingerprint_sch', 3, 'APPID1500061', '0266142700024', 6),
(173, '2015-04-02', '13:35:26', 'fingerprint_sch', 7, 'APPID1500061', '0266142700024', NULL),
(174, '2015-04-02', '13:35:28', 'fingerprint_sch', 4, 'APPID1500061', '0266142700024', 6),
(175, '2015-04-02', '13:35:35', 'fingerprint_sch', 3, 'APPID1500061', '0266142700024', 6),
(176, '2015-04-02', '13:35:42', 'fingerprint_sch', 8, 'APPID1500061', '0266142700024', NULL),
(177, '2015-04-02', '21:59:16', 'fingerprint_sch', 4, 'APPID1500061', '0266142700024', 6),
(178, '2015-04-02', '21:59:18', 'fingerprint_sch', 3, 'APPID1500061', '0266142700024', 6),
(179, '2015-04-02', '21:59:20', 'fingerprint_sch', 8, 'APPID1500061', '0266142700024', NULL),
(180, '2015-04-02', '21:59:29', 'fingerprint_sch', 7, 'APPID1500061', '0266142700024', NULL),
(181, '2015-04-02', '21:59:32', 'fingerprint_sch', 8, 'APPID1500061', '0266142700024', NULL),
(182, '2015-04-02', '21:59:34', 'fingerprint_sch', 4, 'APPID1500061', '0266142700024', 6),
(183, '2015-04-02', '21:59:37', 'fingerprint_sch', 3, 'APPID1500061', '0266142700024', 6),
(184, '2015-04-02', '21:59:55', 'fingerprint_sch', 7, 'APPID1500061', '0266142700024', NULL),
(185, '2015-04-02', '21:59:58', 'fingerprint_sch', 7, 'APPID1500061', '0266142700024', NULL),
(186, '2015-04-02', '22:00:34', 'fingerprint_sch', 7, 'APPID1500061', '0266142700024', NULL),
(187, '2015-04-02', '22:09:33', 'fingerprint_sch', 7, 'APPID1500061', '0266142700024', NULL),
(188, '2015-04-03', '01:02:28', 'fingerprint_sch', 4, 'APPID1500061', '0266142700024', 6),
(189, '2015-04-03', '01:02:29', 'fingerprint_sch', 4, 'APPID1500061', '0266142700024', 6),
(190, '2015-04-05', '15:53:34', 'fingerprint_sch', 4, 'APPID1500061', '0266142700024', 6),
(191, '2015-04-05', '16:19:28', 'fingerprint_sch', 13, 'APPID1500061', '0266142700024', NULL),
(192, '2015-04-05', '21:32:31', 'fingerprint_sch', 14, 'APPID1500061', '0266142700024', NULL),
(193, '2015-04-05', '21:35:32', 'fingerprint_sch', 13, 'APPID1500061', '0266142700024', NULL),
(194, '2015-04-05', '21:35:58', 'fingerprint_sch', 13, 'APPID1500061', '0266142700024', NULL),
(195, '2015-04-05', '21:36:24', 'fingerprint_sch', 13, 'APPID1500061', '0266142700024', NULL),
(196, '2015-04-06', '00:32:30', 'fingerprint_sch', 3, 'APPID1500061', '0266142700024', 6),
(197, '2015-04-06', '00:32:41', 'fingerprint_sch', 3, 'APPID1500061', '0266142700024', 6),
(198, '2015-04-06', '00:33:59', 'fingerprint_sch', 4, 'APPID1500061', '0266142700024', 6),
(199, '2015-04-06', '00:34:03', 'fingerprint_sch', 3, 'APPID1500061', '0266142700024', 6),
(200, '2015-04-06', '00:36:30', 'fingerprint_sch', 3, 'APPID1500061', '0266142700024', 6),
(201, '2015-04-06', '01:19:20', 'fingerprint_sch', 4, 'APPID1500061', '0266142700024', 6),
(202, '2015-04-06', '01:19:36', 'fingerprint_sch', 4, 'APPID1500061', '0266142700024', 6),
(203, '2015-04-06', '01:20:22', 'fingerprint_sch', 4, 'APPID1500061', '0266142700024', 6),
(204, '2015-04-06', '01:20:38', 'fingerprint_sch', 4, 'APPID1500061', '0266142700024', 6),
(205, '2015-04-06', '01:21:13', 'fingerprint_sch', 4, 'APPID1500061', '0266142700024', 6),
(206, '2015-04-06', '01:21:59', 'fingerprint_sch', 3, 'APPID1500061', '0266142700024', 6),
(207, '2015-04-06', '01:23:25', 'fingerprint_sch', 3, 'APPID1500061', '0266142700024', 6),
(208, '2015-04-06', '01:24:03', 'fingerprint_sch', 3, 'APPID1500061', '0266142700024', 6),
(209, '2015-04-06', '01:24:31', 'fingerprint_sch', 3, 'APPID1500061', '0266142700024', 6),
(210, '2015-04-06', '01:25:09', 'fingerprint_sch', 3, 'APPID1500061', '0266142700024', 6),
(211, '2015-04-06', '01:25:27', 'fingerprint_sch', 3, 'APPID1500061', '0266142700024', 6),
(212, '2015-04-06', '01:25:42', 'fingerprint_sch', 3, 'APPID1500061', '0266142700024', 6),
(213, '2015-04-06', '01:25:55', 'fingerprint_sch', 3, 'APPID1500061', '0266142700024', 6),
(214, '2015-04-06', '01:26:20', 'fingerprint_sch', 3, 'APPID1500061', '0266142700024', 6),
(215, '2015-04-06', '01:32:06', 'fingerprint_sch', 3, 'APPID1500061', '0266142700024', 6),
(216, '2015-04-06', '01:32:54', 'fingerprint_sch', 3, 'APPID1500061', '0266142700024', 6),
(217, '2015-04-06', '01:33:05', 'fingerprint_sch', 3, 'APPID1500061', '0266142700024', 6),
(218, '2015-04-06', '01:33:08', 'fingerprint_sch', 4, 'APPID1500061', '0266142700024', 6),
(219, '2015-04-06', '01:47:59', 'fingerprint_sch', 4, 'APPID1500061', '0266142700024', 6),
(220, '2015-04-06', '01:48:08', 'fingerprint_sch', 3, 'APPID1500061', '0266142700024', 6),
(221, '2015-04-06', '01:50:25', 'fingerprint_sch', 3, 'APPID1500061', '0266142700024', 6),
(222, '2015-04-06', '01:53:26', 'fingerprint_sch', 4, 'APPID1500061', '0266142700024', 6),
(223, '2015-04-06', '01:53:32', 'fingerprint_sch', 3, 'APPID1500061', '0266142700024', 6),
(224, '2015-04-06', '01:56:30', 'fingerprint_sch', 4, 'APPID1500061', '0266142700024', 6),
(225, '2015-04-06', '01:56:41', 'fingerprint_sch', 3, 'APPID1500061', '0266142700024', 6),
(226, '2015-04-06', '01:59:05', 'fingerprint_sch', 3, 'APPID1500061', '0266142700024', 6),
(227, '2015-04-06', '01:59:47', 'fingerprint_sch', 3, 'APPID1500061', '0266142700024', 6),
(228, '2015-04-06', '02:00:36', 'fingerprint_sch', 3, 'APPID1500061', '0266142700024', 6),
(229, '2015-04-06', '02:00:41', 'fingerprint_sch', 4, 'APPID1500061', '0266142700024', 6),
(230, '2015-04-06', '02:03:50', 'fingerprint_sch', 4, 'APPID1500061', '0266142700024', 6),
(231, '2015-04-06', '02:04:00', 'fingerprint_sch', 4, 'APPID1500061', '0266142700024', 6),
(232, '2015-04-06', '02:09:36', 'fingerprint_sch', 4, 'APPID1500061', '0266142700024', 6),
(233, '2015-04-06', '02:09:43', 'fingerprint_sch', 3, 'APPID1500061', '0266142700024', 6),
(234, '2015-04-06', '02:09:44', 'fingerprint_sch', 3, 'APPID1500061', '0266142700024', 6),
(235, '2015-04-06', '10:00:47', 'fingerprint_sch', 4, 'APPID1500061', '0266142700024', 6),
(236, '2015-04-06', '10:00:55', 'fingerprint_sch', 3, 'APPID1500061', '0266142700024', 6),
(237, '2015-04-06', '11:03:24', 'fingerprint_sch', 3, 'APPID1500061', '0266142700024', 6),
(238, '2015-04-06', '11:04:39', 'fingerprint_sch', 3, 'APPID1500061', '0266142700024', 6),
(239, '2015-04-06', '11:05:20', 'fingerprint_sch', 3, 'APPID1500061', '0266142700024', 6),
(240, '2015-04-06', '11:06:11', 'fingerprint_sch', 3, 'APPID1500061', '0266142700024', 6),
(241, '2015-04-06', '11:07:45', 'fingerprint_sch', 3, 'APPID1500061', '0266142700024', 6),
(242, '2015-04-06', '11:08:21', 'fingerprint_sch', 3, 'APPID1500061', '0266142700024', 6),
(243, '2015-04-06', '11:09:37', 'fingerprint_sch', 3, 'APPID1500061', '0266142700024', 6),
(244, '2015-04-06', '11:12:11', 'fingerprint_sch', 3, 'APPID1500061', '0266142700024', 6),
(245, '2015-04-06', '11:19:51', 'fingerprint_sch', 3, 'APPID1500061', '0266142700024', 6),
(246, '2015-04-06', '11:22:27', 'fingerprint_sch', 3, 'APPID1500061', '0266142700024', 6),
(247, '2015-04-06', '11:26:57', 'fingerprint_sch', 3, 'APPID1500061', '0266142700024', 6),
(248, '2015-04-06', '11:29:15', 'fingerprint_sch', 3, 'APPID1500061', '0266142700024', 6),
(249, '2015-04-06', '11:56:36', 'fingerprint_sch', 3, 'APPID1500061', '0266142700024', 6),
(250, '2015-04-06', '11:57:26', 'fingerprint_sch', 3, 'APPID1500061', '0266142700024', 6),
(251, '2015-04-06', '12:01:25', 'fingerprint_sch', 3, 'APPID1500061', '0266142700024', 6),
(252, '2015-04-06', '12:02:48', 'fingerprint_sch', 3, 'APPID1500061', '0266142700024', 6),
(253, '2015-04-06', '12:04:55', 'fingerprint_sch', 3, 'APPID1500061', '0266142700024', 6),
(254, '2015-04-06', '12:09:49', 'fingerprint_sch', 3, 'APPID1500061', '0266142700024', 6),
(255, '2015-04-06', '12:11:15', 'fingerprint_sch', 3, 'APPID1500061', '0266142700024', 6),
(256, '2015-04-06', '12:11:34', 'fingerprint_sch', 3, 'APPID1500061', '0266142700024', 6),
(257, '2015-04-06', '12:12:35', 'fingerprint_sch', 3, 'APPID1500061', '0266142700024', 6),
(258, '2015-04-06', '12:14:04', 'fingerprint_sch', 3, 'APPID1500061', '0266142700024', 6),
(259, '2015-04-06', '12:15:48', 'fingerprint_sch', 3, 'APPID1500061', '0266142700024', 6),
(260, '2015-04-06', '12:17:04', 'fingerprint_sch', 3, 'APPID1500061', '0266142700024', 6),
(261, '2015-04-06', '12:17:47', 'fingerprint_sch', 3, 'APPID1500061', '0266142700024', 6),
(262, '2015-04-06', '12:19:32', 'fingerprint_sch', 3, 'APPID1500061', '0266142700024', 6),
(263, '2015-04-06', '12:23:04', 'fingerprint_sch', 3, 'APPID1500061', '0266142700024', 6),
(264, '2015-04-06', '12:31:04', 'fingerprint_sch', 3, 'APPID1500061', '0266142700024', 6),
(265, '2015-04-06', '12:31:21', 'fingerprint_sch', 3, 'APPID1500061', '0266142700024', 6),
(266, '2015-04-06', '13:21:35', 'fingerprint_sch', 3, 'APPID1500061', '0266142700024', 6),
(267, '2015-04-06', '13:27:06', 'fingerprint_sch', 3, 'APPID1500061', '0266142700024', 6),
(268, '2015-04-06', '13:28:21', 'fingerprint_sch', 3, 'APPID1500061', '0266142700024', 6),
(269, '2015-04-06', '13:30:31', 'fingerprint_sch', 3, 'APPID1500061', '0266142700024', 6),
(270, '2015-04-06', '15:23:30', 'fingerprint_sch', 3, 'APPID1500061', '0266142700024', 6),
(271, '2015-04-06', '15:25:15', 'fingerprint_sch', 3, 'APPID1500061', '0266142700024', 6),
(272, '2015-04-06', '15:39:57', 'fingerprint_sch', 3, 'APPID1500061', '0266142700024', 6),
(273, '2015-04-06', '15:40:04', 'fingerprint_sch', 3, 'APPID1500061', '0266142700024', 6),
(274, '2015-04-06', '15:41:19', 'fingerprint_sch', 3, 'APPID1500061', '0266142700024', 6),
(275, '2015-04-06', '15:41:29', 'fingerprint_sch', 3, 'APPID1500061', '0266142700024', 6),
(276, '2015-04-06', '15:41:30', 'fingerprint_sch', 3, 'APPID1500061', '0266142700024', 6),
(277, '2015-04-06', '15:47:15', 'fingerprint_sch', 3, 'APPID1500061', '0266142700024', 6),
(278, '2015-04-06', '15:48:42', 'fingerprint_sch', 3, 'APPID1500061', '0266142700024', 6),
(279, '2015-04-06', '16:17:37', 'fingerprint_sch', 3, 'APPID1500061', '0266142700024', 6),
(280, '2015-04-06', '17:53:51', 'fingerprint_sch', 3, 'APPID1500061', '0266142700024', 6),
(281, '2015-04-06', '17:54:08', 'fingerprint_sch', 3, 'APPID1500061', '0266142700024', 6),
(282, '2015-04-06', '17:55:38', 'fingerprint_sch', 3, 'APPID1500061', '0266142700024', 6),
(283, '2015-04-06', '20:20:25', 'fingerprint_sch', 4, 'APPID1500061', '0266142700024', 6),
(284, '2015-04-06', '20:23:27', 'fingerprint_sch', 4, 'APPID1500061', '0266142700024', 6),
(285, '2015-04-06', '20:24:05', 'fingerprint_sch', 3, 'APPID1500061', '0266142700024', 6),
(286, '2015-04-06', '20:25:10', 'fingerprint_sch', 4, 'APPID1500061', '0266142700024', 6),
(287, '2015-04-06', '20:32:30', 'fingerprint_sch', 3, 'APPID1500061', '0266142700024', 6),
(288, '2015-04-06', '20:32:51', 'fingerprint_sch', 4, 'APPID1500061', '0266142700024', 6),
(289, '2015-04-07', '01:46:12', 'fingerprint_sch', 4, 'APPID1500061', '0266142700024', 6),
(290, '2015-04-07', '01:47:03', 'fingerprint_sch', 3, 'APPID1500061', '0266142700024', 6),
(291, '2015-04-07', '14:11:40', 'fingerprint_sch', 4, 'APPID1500061', '0266142700024', 6),
(292, '2015-04-07', '14:11:45', 'fingerprint_sch', 3, 'APPID1500061', '0266142700024', 6),
(293, '2015-04-07', '22:42:00', 'fingerprint_sch', 3, 'APPID1500061', '0266142700024', 6),
(294, '2015-04-07', '22:42:03', 'fingerprint_sch', 4, 'APPID1500061', '0266142700024', 6),
(295, '2015-04-07', '22:47:56', 'fingerprint_sch', 4, 'APPID1500061', '0266142700024', 6),
(296, '2015-04-07', '22:48:04', 'fingerprint_sch', 3, 'APPID1500061', '0266142700024', 6),
(297, '2015-04-07', '22:48:15', 'fingerprint_sch', 3, 'APPID1500061', '0266142700024', 6),
(298, '2015-04-07', '22:48:49', 'fingerprint_sch', 3, 'APPID1500061', '0266142700024', 6),
(299, '2015-04-07', '22:49:34', 'fingerprint_sch', 3, 'APPID1500061', '0266142700024', 6),
(300, '2015-04-07', '22:49:41', 'fingerprint_sch', 4, 'APPID1500061', '0266142700024', 6);

-- --------------------------------------------------------

--
-- Table structure for table `timesheet_group`
--

CREATE TABLE IF NOT EXISTS `timesheet_group` (
  `id` int(10) unsigned NOT NULL AUTO_INCREMENT,
  `work_order_id` int(11) DEFAULT NULL,
  `date` date DEFAULT NULL,
  `create_time` timestamp NULL DEFAULT CURRENT_TIMESTAMP,
  `input_method` enum('machine','manual','excel') DEFAULT 'machine',
  PRIMARY KEY (`id`)
) ENGINE=InnoDB  DEFAULT CHARSET=latin1 AUTO_INCREMENT=36 ;

--
-- Dumping data for table `timesheet_group`
--

INSERT INTO `timesheet_group` (`id`, `work_order_id`, `date`, `create_time`, `input_method`) VALUES
(1, 1, '2015-03-01', '2015-03-19 06:36:50', 'manual'),
(2, 3, '2015-03-01', '2015-03-19 06:44:48', 'manual'),
(3, 3, '2015-03-02', '2015-03-25 08:35:25', 'manual'),
(4, 1, '2015-04-01', '2015-03-25 08:45:08', 'manual'),
(5, 1, '2015-04-02', '2015-03-25 08:47:35', 'manual'),
(6, 4, '2015-03-25', '2015-03-25 09:57:45', 'manual'),
(7, 4, '2015-03-26', '2015-03-25 09:59:43', 'manual'),
(8, 4, '2015-03-27', '2015-03-25 10:02:01', 'manual'),
(9, 4, '2015-03-31', '2015-03-26 12:55:53', 'manual'),
(10, 6, '2015-04-01', '2015-04-01 03:22:33', 'manual'),
(11, 6, '2015-04-02', '2015-04-01 03:49:48', 'manual'),
(22, 6, '2015-04-06', '2015-04-06 13:20:28', 'machine'),
(23, 6, '2015-04-07', '2015-04-06 18:46:18', 'machine'),
(24, 9, '2015-04-08', '2015-04-07 18:08:09', 'machine'),
(35, 10, '2015-04-14', '2015-04-14 07:30:23', 'manual');

-- --------------------------------------------------------

--
-- Table structure for table `timesheet_raw`
--

CREATE TABLE IF NOT EXISTS `timesheet_raw` (
  `id_timesheet_raw` int(11) NOT NULL AUTO_INCREMENT,
  `date` date DEFAULT NULL,
  `time` time DEFAULT NULL,
  `in_out_mode` tinyint(4) DEFAULT NULL,
  `source` varchar(45) DEFAULT NULL,
  `employee` int(11) NOT NULL,
  `app_id` varchar(45) NOT NULL,
  `serial_number` varchar(45) DEFAULT NULL,
  `work_order` int(11) DEFAULT NULL,
  `shift_id` int(11) DEFAULT NULL,
  `in_or_out` varchar(45) DEFAULT NULL,
  PRIMARY KEY (`id_timesheet_raw`),
  KEY `fk_timesheet_raw_employee1_idx` (`employee`)
) ENGINE=InnoDB  DEFAULT CHARSET=latin1 AUTO_INCREMENT=105 ;

--
-- Dumping data for table `timesheet_raw`
--

INSERT INTO `timesheet_raw` (`id_timesheet_raw`, `date`, `time`, `in_out_mode`, `source`, `employee`, `app_id`, `serial_number`, `work_order`, `shift_id`, `in_or_out`) VALUES
(41, '2015-04-06', '11:03:24', 0, 'fingerprint_att_rte', 3, 'APPID1500061', NULL, 6, 42, 'in'),
(42, '2015-04-06', '11:04:39', 0, 'fingerprint_att_rte', 3, 'APPID1500061', NULL, 6, 42, 'in'),
(43, '2015-04-06', '11:05:20', 0, 'fingerprint_att_rte', 3, 'APPID1500061', NULL, 6, 42, 'in'),
(44, '2015-04-06', '11:06:11', 0, 'fingerprint_att_rte', 3, 'APPID1500061', NULL, 6, 42, 'in'),
(45, '2015-04-06', '11:07:45', 0, 'fingerprint_att_rte', 3, 'APPID1500061', NULL, 6, 42, 'in'),
(46, '2015-04-06', '11:08:21', 0, 'fingerprint_att_rte', 3, 'APPID1500061', NULL, 6, 42, 'in'),
(47, '2015-04-06', '11:09:37', 0, 'fingerprint_att_rte', 3, 'APPID1500061', NULL, 6, 42, 'in'),
(48, '2015-04-06', '11:12:11', 0, 'fingerprint_att_rte', 3, 'APPID1500061', NULL, 6, 42, 'in'),
(49, '2015-04-06', '11:19:51', 0, 'fingerprint_att_rte', 3, 'APPID1500061', NULL, 6, 42, 'in'),
(50, '2015-04-06', '11:22:27', 0, 'fingerprint_att_rte', 3, 'APPID1500061', NULL, 6, 42, 'in'),
(51, '2015-04-06', '11:26:57', 0, 'fingerprint_att_rte', 3, 'APPID1500061', NULL, 6, 42, 'in'),
(52, '2015-04-06', '11:29:15', 0, 'fingerprint_att_rte', 3, 'APPID1500061', NULL, 6, 42, 'in'),
(53, '2015-04-06', '11:56:36', 0, 'fingerprint_att_rte', 3, 'APPID1500061', NULL, 6, 42, 'in'),
(54, '2015-04-06', '11:57:26', 0, 'fingerprint_att_rte', 3, 'APPID1500061', NULL, 6, 42, 'in'),
(55, '2015-04-06', '12:01:25', 0, 'fingerprint_att_rte', 3, 'APPID1500061', NULL, 6, 42, 'out'),
(56, '2015-04-06', '12:02:48', 0, 'fingerprint_att_rte', 3, 'APPID1500061', NULL, 6, 42, 'out'),
(57, '2015-04-06', '12:04:55', 0, 'fingerprint_att_rte', 3, 'APPID1500061', NULL, 6, 42, 'out'),
(58, '2015-04-06', '12:09:49', 0, 'fingerprint_att_rte', 3, 'APPID1500061', NULL, 6, 42, 'out'),
(59, '2015-04-06', '12:11:15', 0, 'fingerprint_att_rte', 3, 'APPID1500061', NULL, 6, 42, 'out'),
(60, '2015-04-06', '12:11:34', 0, 'fingerprint_att_rte', 3, 'APPID1500061', NULL, 6, 42, 'out'),
(61, '2015-04-06', '12:12:35', 0, 'fingerprint_att_rte', 3, 'APPID1500061', NULL, 6, 42, 'out'),
(62, '2015-04-06', '12:14:04', 0, 'fingerprint_att_rte', 3, 'APPID1500061', NULL, 6, 42, 'out'),
(63, '2015-04-06', '12:15:48', 0, 'fingerprint_att_rte', 3, 'APPID1500061', NULL, 6, 42, 'out'),
(64, '2015-04-06', '12:17:04', 0, 'fingerprint_att_rte', 3, 'APPID1500061', NULL, 6, 42, 'out'),
(65, '2015-04-06', '12:17:47', 0, 'fingerprint_att_rte', 3, 'APPID1500061', NULL, 6, 42, 'out'),
(66, '2015-04-06', '12:19:32', 0, 'fingerprint_att_rte', 3, 'APPID1500061', NULL, 6, 42, 'out'),
(67, '2015-04-06', '12:23:04', 0, 'fingerprint_att_rte', 3, 'APPID1500061', NULL, 6, 42, 'out'),
(68, '2015-04-06', '12:31:04', 0, 'fingerprint_att_rte', 3, 'APPID1500061', NULL, 6, 42, 'out_of_rule'),
(69, '2015-04-06', '12:31:21', 0, 'fingerprint_att_rte', 3, 'APPID1500061', NULL, 6, 42, 'out_of_rule'),
(70, '2015-04-06', '13:21:35', 0, 'fingerprint_att_rte', 3, 'APPID1500061', NULL, 6, 42, 'out_of_rule'),
(71, '2015-04-06', '13:27:06', 0, 'fingerprint_att_rte', 3, 'APPID1500061', NULL, 6, 42, 'out_of_rule'),
(72, '2015-04-06', '13:28:21', 0, 'fingerprint_att_rte', 3, 'APPID1500061', NULL, 6, 42, 'out_of_rule'),
(73, '2015-04-06', '13:30:31', 0, 'fingerprint_att_rte', 3, 'APPID1500061', NULL, 6, 42, 'out'),
(74, '2015-04-06', '15:23:30', 0, 'fingerprint_att_rte', 3, 'APPID1500061', NULL, 6, 42, 'out'),
(75, '2015-04-06', '15:25:15', 0, 'fingerprint_att_rte', 3, 'APPID1500061', NULL, 6, 42, 'out'),
(76, '2015-04-06', '15:39:57', 0, 'fingerprint_att_rte', 3, 'APPID1500061', NULL, 6, 42, 'out'),
(77, '2015-04-06', '15:40:04', 0, 'fingerprint_att_rte', 3, 'APPID1500061', NULL, 6, 42, 'out'),
(78, '2015-04-06', '15:41:19', 0, 'fingerprint_att_rte', 3, 'APPID1500061', NULL, 6, 42, 'out'),
(79, '2015-04-06', '15:41:29', 0, 'fingerprint_att_rte', 3, 'APPID1500061', NULL, 6, 42, 'out'),
(80, '2015-04-06', '15:41:30', 0, 'fingerprint_att_rte', 3, 'APPID1500061', NULL, 6, 42, 'out'),
(81, '2015-04-06', '15:47:15', 0, 'fingerprint_att_rte', 3, 'APPID1500061', NULL, 6, 42, 'out'),
(82, '2015-04-06', '15:48:42', 0, 'fingerprint_att_rte', 3, 'APPID1500061', NULL, 6, 42, 'out'),
(83, '2015-04-06', '16:17:37', 0, 'fingerprint_att_rte', 3, 'APPID1500061', NULL, 6, 42, 'out'),
(84, '2015-04-06', '17:55:38', 0, 'fingerprint_att_rte', 3, 'APPID1500061', NULL, 6, 42, 'out'),
(85, '2015-04-06', '20:20:25', 0, 'fingerprint_att_rte', 4, 'APPID1500061', NULL, 6, 43, 'out_of_rule'),
(86, '2015-04-06', '20:23:27', 0, 'fingerprint_att_rte', 4, 'APPID1500061', NULL, 6, 43, 'out_of_rule'),
(87, '2015-04-06', '20:24:05', 0, 'fingerprint_att_rte', 3, 'APPID1500061', NULL, 6, 42, 'out'),
(88, '2015-04-06', '20:25:10', 0, 'fingerprint_att_rte', 4, 'APPID1500061', NULL, 6, 43, 'in'),
(89, '2015-04-06', '20:32:30', 0, 'fingerprint_att_rte', 3, 'APPID1500061', NULL, 6, 42, 'out'),
(90, '2015-04-06', '20:32:51', 0, 'fingerprint_att_rte', 4, 'APPID1500061', NULL, 6, 43, 'in'),
(91, '2015-04-07', '01:46:12', 0, 'fingerprint_att_rte', 4, 'APPID1500061', NULL, 6, 43, 'out_of_rule'),
(92, '2015-04-07', '01:47:03', 0, 'fingerprint_att_rte', 3, 'APPID1500061', NULL, 6, 42, 'in'),
(93, '2015-04-07', '14:11:40', 0, 'fingerprint_att_rte', 4, 'APPID1500061', NULL, 6, 43, 'out_of_rule'),
(94, '2015-04-07', '14:11:45', 0, 'fingerprint_att_rte', 3, 'APPID1500061', NULL, 6, 42, 'out'),
(97, '2015-04-07', '22:49:34', 0, 'fingerprint_att_rte', 3, 'APPID1500061', NULL, 6, 42, 'out'),
(98, '2015-04-07', '22:49:41', 0, 'fingerprint_att_rte', 4, 'APPID1500061', NULL, 6, 43, 'in'),
(101, '2015-04-08', '01:08:06', 0, 'fingerprint_att_rte', 9, 'APPID1500093', NULL, 9, 48, 'in'),
(102, '2015-04-08', '01:08:08', 0, 'fingerprint_att_rte', 10, 'APPID1500093', NULL, 9, 49, 'out'),
(103, '2015-04-15', '15:46:54', 0, 'fingerprint_att_rte', 9, 'APPID1500126', NULL, 9, 48, 'out'),
(104, '2015-04-15', '16:14:44', 0, 'fingerprint_att_rte', 13, 'APPID1500126', NULL, 12, 70, 'out');

-- --------------------------------------------------------

--
-- Table structure for table `timsheet`
--

CREATE TABLE IF NOT EXISTS `timsheet` (
  `id_timsheet` int(11) NOT NULL AUTO_INCREMENT,
  `employee` int(11) NOT NULL,
  `date` date NOT NULL,
  `in_time` time DEFAULT NULL,
  `out_time` time DEFAULT NULL,
  `source` varchar(45) NOT NULL,
  `type` varchar(45) NOT NULL,
  `status` varchar(45) NOT NULL,
  `total_working_hour` time NOT NULL,
  `app_id` varchar(255) DEFAULT NULL,
  `work_order` int(11) DEFAULT NULL,
  PRIMARY KEY (`id_timsheet`),
  KEY `fk_timsheet_employee1_idx` (`employee`)
) ENGINE=InnoDB  DEFAULT CHARSET=latin1 AUTO_INCREMENT=105 ;

--
-- Dumping data for table `timsheet`
--

INSERT INTO `timsheet` (`id_timsheet`, `employee`, `date`, `in_time`, `out_time`, `source`, `type`, `status`, `total_working_hour`, `app_id`, `work_order`) VALUES
(86, 3, '2015-02-02', '22:44:47', '22:45:47', 'fingerprint_sch', 'regular', 'unverified', '00:01:00', NULL, NULL),
(87, 4, '2015-02-02', '23:12:38', NULL, 'fingerprint_sch', 'regular', 'unverified', '00:00:00', NULL, NULL),
(88, 3, '2015-03-04', '23:43:57', NULL, 'fingerprint_sch', 'regular', 'unverified', '00:00:00', NULL, NULL),
(89, 3, '2015-03-05', '22:59:58', NULL, 'fingerprint_sch', 'regular', 'unverified', '00:00:00', NULL, NULL),
(90, 3, '2015-03-08', '01:00:54', NULL, 'fingerprint_sch', 'regular', 'unverified', '00:00:00', NULL, NULL),
(91, 3, '2015-03-16', '22:55:26', '22:57:52', 'fingerprint_sch', 'regular', 'unverified', '00:02:26', NULL, NULL),
(92, 3, '2015-03-17', '00:48:19', NULL, 'fingerprint_sch', 'regular', 'unverified', '00:00:00', NULL, NULL),
(93, 4, '2015-03-18', '13:55:08', NULL, 'fingerprint_sch', 'regular', 'unverified', '00:00:00', NULL, NULL),
(94, 3, '2015-03-18', '14:10:42', '14:41:36', 'fingerprint_sch', 'regular', 'unverified', '00:30:54', NULL, NULL),
(95, 7, '2015-03-18', '14:34:17', '14:41:43', 'fingerprint_sch', 'regular', 'unverified', '00:07:26', NULL, NULL),
(96, 6, '2015-03-18', '17:49:17', NULL, 'fingerprint_sch', 'regular', 'unverified', '00:00:00', NULL, NULL),
(97, 5, '2015-03-18', '17:49:26', NULL, 'fingerprint_sch', 'regular', 'unverified', '00:00:00', NULL, NULL),
(98, 7, '2015-03-19', '00:34:17', NULL, 'fingerprint_sch', 'regular', 'unverified', '00:00:00', NULL, NULL),
(99, 4, '2015-03-19', '00:34:51', NULL, 'fingerprint_sch', 'regular', 'unverified', '00:00:00', NULL, NULL),
(100, 7, '2015-03-24', '23:00:11', NULL, 'fingerprint_sch', 'regular', 'unverified', '00:00:00', NULL, NULL),
(101, 7, '2015-03-25', '00:05:11', NULL, 'fingerprint_sch', 'regular', 'unverified', '00:00:00', NULL, NULL),
(102, 7, '2015-03-26', '01:08:53', NULL, 'fingerprint_sch', 'regular', 'unverified', '00:00:00', NULL, NULL),
(103, 5, '2015-03-26', '01:21:57', NULL, 'fingerprint_sch', 'regular', 'unverified', '00:00:00', NULL, NULL),
(104, 7, '2015-03-27', '15:51:13', NULL, 'fingerprint_sch', 'regular', 'unverified', '00:00:00', NULL, NULL);

-- --------------------------------------------------------

--
-- Table structure for table `type_income`
--

CREATE TABLE IF NOT EXISTS `type_income` (
  `id` int(10) unsigned NOT NULL AUTO_INCREMENT,
  `type_income` varchar(255) DEFAULT NULL,
  `description` text,
  PRIMARY KEY (`id`)
) ENGINE=InnoDB DEFAULT CHARSET=latin1 AUTO_INCREMENT=1 ;

-- --------------------------------------------------------

--
-- Table structure for table `type_material`
--

CREATE TABLE IF NOT EXISTS `type_material` (
  `id_type_material` int(11) NOT NULL AUTO_INCREMENT,
  `type_material` varchar(45) NOT NULL,
  `abbreviation` varchar(45) NOT NULL,
  PRIMARY KEY (`id_type_material`)
) ENGINE=InnoDB DEFAULT CHARSET=latin1 AUTO_INCREMENT=1 ;

-- --------------------------------------------------------

--
-- Table structure for table `uda`
--

CREATE TABLE IF NOT EXISTS `uda` (
  `id_uda` int(11) NOT NULL AUTO_INCREMENT,
  `database_interface_model` int(11) NOT NULL,
  PRIMARY KEY (`id_uda`),
  KEY `fk_uda_database_interface1_idx` (`database_interface_model`)
) ENGINE=InnoDB DEFAULT CHARSET=latin1 AUTO_INCREMENT=1 ;

-- --------------------------------------------------------

--
-- Table structure for table `unit_convertion`
--

CREATE TABLE IF NOT EXISTS `unit_convertion` (
  `id_unit_convertion` int(11) NOT NULL AUTO_INCREMENT,
  `multiplier` float NOT NULL,
  `unit_measure_from` int(11) NOT NULL,
  `unit_measure_to` int(11) NOT NULL,
  `multiplier_reverse` float DEFAULT NULL,
  PRIMARY KEY (`id_unit_convertion`),
  KEY `fk_unit_convertion_unit_measure1_idx` (`unit_measure_from`),
  KEY `fk_unit_convertion_unit_measure2_idx` (`unit_measure_to`)
) ENGINE=InnoDB  DEFAULT CHARSET=latin1 AUTO_INCREMENT=14 ;

--
-- Dumping data for table `unit_convertion`
--

INSERT INTO `unit_convertion` (`id_unit_convertion`, `multiplier`, `unit_measure_from`, `unit_measure_to`, `multiplier_reverse`) VALUES
(8, 100, 11, 12, 0.01),
(9, 6, 15, 2, 0.166667),
(10, 50, 14, 2, 0.02),
(12, 25, 13, 2, 0.04),
(13, 12, 18, 2, 0.0833333);

-- --------------------------------------------------------

--
-- Table structure for table `unit_measure`
--

CREATE TABLE IF NOT EXISTS `unit_measure` (
  `id_unit_measure` int(11) NOT NULL AUTO_INCREMENT,
  `name` varchar(45) NOT NULL,
  `unit_of_measure_category` int(11) NOT NULL,
  PRIMARY KEY (`id_unit_measure`),
  KEY `fk_unit_measure_unit_of_measure_category1_idx` (`unit_of_measure_category`)
) ENGINE=InnoDB  DEFAULT CHARSET=latin1 AUTO_INCREMENT=20 ;

--
-- Dumping data for table `unit_measure`
--

INSERT INTO `unit_measure` (`id_unit_measure`, `name`, `unit_of_measure_category`) VALUES
(2, 'pcs', 4),
(10, 'kg', 1),
(11, 'm', 2),
(12, 'cm', 2),
(13, 'box 25', 4),
(14, 'box 50', 4),
(15, 'box 06', 4),
(18, 'dozen', 4),
(19, 'person', 4);

-- --------------------------------------------------------

--
-- Table structure for table `unit_of_measure_category`
--

CREATE TABLE IF NOT EXISTS `unit_of_measure_category` (
  `id_unit_of_measure_category` int(11) NOT NULL,
  `name` varchar(45) NOT NULL,
  PRIMARY KEY (`id_unit_of_measure_category`)
) ENGINE=InnoDB DEFAULT CHARSET=latin1;

--
-- Dumping data for table `unit_of_measure_category`
--

INSERT INTO `unit_of_measure_category` (`id_unit_of_measure_category`, `name`) VALUES
(1, 'weight'),
(2, 'length'),
(3, 'date'),
(4, 'unit');

-- --------------------------------------------------------

--
-- Table structure for table `user`
--

CREATE TABLE IF NOT EXISTS `user` (
  `id_user` int(11) NOT NULL AUTO_INCREMENT,
  `user_name` varchar(45) DEFAULT NULL,
  `full_name` text,
  `email` varchar(45) DEFAULT NULL,
  `password` varchar(45) DEFAULT NULL,
  `role` int(11) NOT NULL,
  `division` int(11) DEFAULT NULL,
  PRIMARY KEY (`id_user`),
  KEY `fk_user_role1` (`role`),
  KEY `fk_user_division1` (`division`)
) ENGINE=InnoDB  DEFAULT CHARSET=latin1 AUTO_INCREMENT=48 ;

--
-- Dumping data for table `user`
--

INSERT INTO `user` (`id_user`, `user_name`, `full_name`, `email`, `password`, `role`, `division`) VALUES
(2, 'system', 'System Admin', NULL, 'f6fdffe48c908deb0f4c3bd36c032e72', 1, NULL),
(42, 'test', 'Test Account', 'test@test.com', '098f6bcd4621d373cade4e832627b4f6', 1, NULL),
(43, 'userdemo', 'Demo User', 'demo@desalite.com', 'fe01ce2a7fbac8fafaed7c982a04e229', 11, NULL),
(46, 'devteam', 'Development Team', '', 'bd54279ad951854ded2d8e3a94368ea7', 11, NULL),
(47, 'supervisor', 'Supervisor 1', 'spv@bazcorp.com', '09348c20a019be0318387c08df7a783d', 12, NULL);

-- --------------------------------------------------------

--
-- Table structure for table `wo_area_schedule`
--

CREATE TABLE IF NOT EXISTS `wo_area_schedule` (
  `id` int(10) unsigned NOT NULL AUTO_INCREMENT,
  `kode_schedule` varchar(255) DEFAULT NULL,
  `nama_schedule` varchar(255) DEFAULT NULL,
  `customer_site_id` int(11) DEFAULT NULL,
  `description` text,
  `work_order_id` int(11) DEFAULT NULL,
  PRIMARY KEY (`id`)
) ENGINE=InnoDB DEFAULT CHARSET=latin1 AUTO_INCREMENT=1 ;

-- --------------------------------------------------------

--
-- Table structure for table `wo_ce_assign`
--

CREATE TABLE IF NOT EXISTS `wo_ce_assign` (
  `id_wo_ce_assignment` int(11) NOT NULL AUTO_INCREMENT,
  `work_order` int(11) DEFAULT NULL,
  `cost_element` int(11) DEFAULT NULL,
  `structure` int(11) DEFAULT NULL,
  PRIMARY KEY (`id_wo_ce_assignment`)
) ENGINE=InnoDB  DEFAULT CHARSET=latin1 AUTO_INCREMENT=9 ;

--
-- Dumping data for table `wo_ce_assign`
--

INSERT INTO `wo_ce_assign` (`id_wo_ce_assignment`, `work_order`, `cost_element`, `structure`) VALUES
(1, 10, 1, 11),
(2, 10, 2, 10),
(3, 11, 2, 10),
(4, 11, 1, 11),
(5, 12, 1, 9),
(6, 12, 2, 11),
(7, 13, 3, 11),
(8, 14, 3, 11);

-- --------------------------------------------------------

--
-- Table structure for table `wo_salary_setting`
--

CREATE TABLE IF NOT EXISTS `wo_salary_setting` (
  `id` int(10) unsigned NOT NULL AUTO_INCREMENT,
  `structure_org_id` int(11) DEFAULT NULL,
  `salary_type_id` int(11) DEFAULT NULL,
  `level_employee_id` int(11) DEFAULT NULL,
  `base_value` double DEFAULT '0',
  `occurence` varchar(255) DEFAULT NULL,
  `work_order_id` int(11) DEFAULT NULL,
  `description` text,
  PRIMARY KEY (`id`)
) ENGINE=InnoDB  DEFAULT CHARSET=latin1 AUTO_INCREMENT=64 ;

--
-- Dumping data for table `wo_salary_setting`
--

INSERT INTO `wo_salary_setting` (`id`, `structure_org_id`, `salary_type_id`, `level_employee_id`, `base_value`, `occurence`, `work_order_id`, `description`) VALUES
(1, 10, 1, 3, 5000000, 'Per Bulan', 1, NULL),
(2, 10, 3, 3, 12000, 'Perjam', 1, NULL),
(3, 10, 2, 3, 200000, 'Per Hari', 1, NULL),
(4, 11, 1, 3, 4000000, 'Per Bulan', 1, NULL),
(38, 11, 1, 3, 5000000, 'Per Bulan', 6, NULL),
(39, 11, 2, 3, 25000, 'Per Jam', 6, NULL),
(40, 9, 2, 3, 20000, 'Per Jam', 6, NULL),
(41, 9, 2, 3, 20000, 'Per Jam', 6, NULL),
(42, 11, 1, 2, 2000000, 'Per Bulan', 6, NULL),
(43, 11, 1, 2, 3000000, 'Per Bulan', 9, NULL),
(44, 10, NULL, 3, 2340000, 'Per Bulan', 10, NULL),
(45, 11, NULL, 3, 3000000, 'Per Bulan', 10, NULL),
(46, 10, NULL, 3, 2340000, 'Per Bulan', 12, NULL),
(47, 10, NULL, 3, 0, 'Per Bulan', 12, NULL),
(48, 10, NULL, 3, 0, 'Per Bulan', 12, NULL),
(49, 10, NULL, 3, 0, 'Per Bulan', 12, NULL),
(50, 10, NULL, 3, 0, 'Per Bulan', 12, NULL),
(51, 11, NULL, 2, 3000000, 'Per Bulan', 12, NULL),
(52, 10, 1, 3, 5000000, 'Per Bulan', 13, NULL),
(53, 10, 8, 3, 1500000, 'Per Bulan', 13, NULL),
(54, 10, 8, 3, 0, 'Per Bulan', 13, NULL),
(55, 10, 8, 3, 0, 'Per Bulan', 13, NULL),
(56, 10, 8, 3, 0, 'Per Bulan', 13, NULL),
(57, 11, 1, 2, 3000000, 'Per Bulan', 13, NULL),
(58, 10, 1, 3, 5000000, 'Per Bulan', 14, NULL),
(59, 10, 8, 3, 1500000, 'Per Bulan', 14, NULL),
(60, 10, 8, 3, 0, 'Per Bulan', 14, NULL),
(61, 10, 8, 3, 0, 'Per Bulan', 14, NULL),
(62, 10, 8, 3, 0, 'Per Bulan', 14, NULL),
(63, 11, 1, 2, 3000000, 'Per Bulan', 14, NULL);

-- --------------------------------------------------------

--
-- Table structure for table `wo_salary_setting_copy`
--

CREATE TABLE IF NOT EXISTS `wo_salary_setting_copy` (
  `id` int(10) unsigned NOT NULL AUTO_INCREMENT,
  `structure_org_id` int(11) DEFAULT NULL,
  `salary_type_id` int(11) DEFAULT NULL,
  `level_employee_id` int(11) DEFAULT NULL,
  `value` double DEFAULT NULL,
  `occurence` varchar(255) DEFAULT NULL,
  `work_order_id` int(11) DEFAULT NULL,
  PRIMARY KEY (`id`)
) ENGINE=InnoDB DEFAULT CHARSET=latin1 AUTO_INCREMENT=1 ;

-- --------------------------------------------------------

--
-- Table structure for table `wo_time_schedule`
--

CREATE TABLE IF NOT EXISTS `wo_time_schedule` (
  `id` int(10) unsigned NOT NULL AUTO_INCREMENT,
  `kode_schedule` varchar(255) DEFAULT NULL,
  `nama_schedule` varchar(255) DEFAULT NULL,
  `from_time` time DEFAULT NULL,
  `to_time` time DEFAULT NULL,
  `status_delete` enum('N','Y') DEFAULT 'N',
  `work_order_id` int(11) DEFAULT NULL,
  `begin_cin` time DEFAULT NULL,
  `end_cin` time DEFAULT NULL,
  `begin_cout` time DEFAULT NULL,
  `end_cout` time DEFAULT NULL,
  `late_in_tolerance` float DEFAULT NULL,
  `early_out_tolerance` float DEFAULT NULL,
  `schedule_type` varchar(10) NOT NULL,
  PRIMARY KEY (`id`)
) ENGINE=InnoDB  DEFAULT CHARSET=latin1 AUTO_INCREMENT=81 ;

--
-- Dumping data for table `wo_time_schedule`
--

INSERT INTO `wo_time_schedule` (`id`, `kode_schedule`, `nama_schedule`, `from_time`, `to_time`, `status_delete`, `work_order_id`, `begin_cin`, `end_cin`, `begin_cout`, `end_cout`, `late_in_tolerance`, `early_out_tolerance`, `schedule_type`) VALUES
(4, 'S1', 'Shif 1 Pagi', '08:00:00', '16:00:00', 'N', 1, '07:00:00', '12:00:00', '12:00:01', '18:00:00', 30, 30, 'on'),
(5, 'S2', 'Shift 2 Siang', '16:00:00', '24:00:00', 'N', 1, '15:00:00', '20:00:00', '20:00:01', '02:00:00', 30, 20, 'on'),
(6, 'L', 'Libur', '00:00:00', '00:00:00', 'N', 1, NULL, NULL, NULL, NULL, NULL, NULL, 'off'),
(42, 'S1', 'Shift 1', '06:00:00', '18:00:00', 'N', 6, '00:00:00', '11:59:59', '12:00:00', '23:59:59', 30, 10, 'on'),
(43, 'S2', 'Shift 2', '18:00:00', '06:00:00', 'N', 6, '17:00:00', '24:59:59', '03:00:00', '09:00:00', 30, 10, 'on'),
(44, 'L', 'Libur', '00:00:00', '00:00:00', 'N', 6, '00:00:00', '00:00:00', '00:00:00', '00:00:00', 0, 0, 'off'),
(45, 'C', 'Cuti', '00:00:00', '00:00:00', 'N', 6, '00:00:00', '00:00:00', '00:00:00', '00:00:00', 0, 0, 'off'),
(48, 'S1(12)', 'Shift 1(12)', '06:00:00', '18:00:00', 'N', 9, '00:00:00', '11:59:59', '12:00:00', '23:59:59', 30, 30, 'on'),
(49, 'S2(12)', 'Shift 2(12)', '18:00:00', '06:00:00', 'N', 9, '12:00:00', '23:59:59', '00:00:00', '11:59:59', 30, 30, 'on'),
(50, 'L', 'Libur', NULL, NULL, 'N', 9, NULL, NULL, NULL, NULL, NULL, NULL, 'off'),
(51, 'C', 'Cuti', NULL, NULL, 'N', 9, NULL, NULL, NULL, NULL, NULL, NULL, 'off'),
(64, 'S1(8)', 'Shift 1(8)', '07:00:00', '16:00:00', 'N', 10, '05:00:00', '11:59:59', '12:00:00', '23:59:59', 30, 30, 'on'),
(65, 'S2(8)', 'Shift 2(8)', '16:00:00', '01:00:00', 'N', 10, '14:00:00', '23:59:59', '00:00:00', '05:00:00', 30, 30, 'on'),
(66, 'Libur', 'L', '00:00:00', '00:00:00', 'N', 10, '00:00:00', '00:00:00', '00:00:00', '00:00:00', 0, 0, 'off'),
(67, 'Cuti', 'C', '00:00:00', '00:00:00', 'N', 10, '00:00:00', '00:00:00', '00:00:00', '00:00:00', 0, 0, 'off'),
(68, 'S1(12)', 'Shift 1(12)', NULL, NULL, 'N', 11, NULL, NULL, NULL, NULL, NULL, NULL, 'on'),
(69, 'S2(12)', 'Shift 2(12)', NULL, NULL, 'N', 11, NULL, NULL, NULL, NULL, NULL, NULL, 'on'),
(70, 'S1(8)', 'Shift 1(8)', '07:00:00', '15:00:00', 'N', 12, '05:00:00', '11:59:59', '13:00:00', '19:00:00', 0, 0, 'on'),
(71, 'S1(12)', 'Shift 1(12)', '07:00:00', '19:00:00', 'N', 12, '05:00:00', '11:59:59', '13:00:00', '19:00:00', 0, 0, 'on'),
(72, 'S2(8)', 'Shift 2(8)', '15:00:00', '23:00:00', 'N', 12, '00:00:00', '00:00:00', '00:00:00', '00:00:00', 0, 0, 'on'),
(73, 'S3(8)', 'Shift 3(8)', '23:00:00', '07:00:00', 'N', 12, '00:00:00', '00:00:00', '00:00:00', '00:00:00', 0, 0, 'on'),
(74, 'L', 'Libur', '00:00:00', '00:00:00', 'N', 12, '00:00:00', '00:00:00', '00:00:00', '00:00:00', 0, 0, 'off'),
(75, 'S1(8)', 'Shift 1(8)', NULL, NULL, 'N', 13, NULL, NULL, NULL, NULL, NULL, NULL, 'on'),
(76, 'S2(8)', 'Shift 2(8)', NULL, NULL, 'N', 13, NULL, NULL, NULL, NULL, NULL, NULL, 'on'),
(77, 'S3(8)', 'Shift 3(8)', NULL, NULL, 'N', 13, NULL, NULL, NULL, NULL, NULL, NULL, 'on'),
(78, 'L', 'Libur', NULL, NULL, 'N', 13, NULL, NULL, NULL, NULL, NULL, NULL, 'off'),
(79, 'S1(8)', 'Shift 1(8)', NULL, NULL, 'N', 14, NULL, NULL, NULL, NULL, NULL, NULL, 'on'),
(80, 'S2(8)', 'Shift 2(8)', NULL, NULL, 'N', 14, NULL, NULL, NULL, NULL, NULL, NULL, 'on');

-- --------------------------------------------------------

--
-- Table structure for table `work_order`
--

CREATE TABLE IF NOT EXISTS `work_order` (
  `id_work_order` int(11) NOT NULL AUTO_INCREMENT,
  `work_order_number` varchar(45) NOT NULL,
  `date` date NOT NULL,
  `date_delivery` date NOT NULL,
  `customer` int(11) NOT NULL,
  `so` int(11) NOT NULL,
  `contract_number` varchar(100) DEFAULT NULL,
  `contract_startdate` date DEFAULT NULL,
  `contract_expdate` date DEFAULT NULL,
  `invoice_period` varchar(45) DEFAULT NULL,
  `notes` text,
  `status` varchar(45) DEFAULT NULL,
  `project_name` varchar(255) DEFAULT NULL,
  PRIMARY KEY (`id_work_order`),
  KEY `fk_work_order_ext_company1_idx` (`customer`),
  KEY `fk_work_order_so1_idx` (`so`)
) ENGINE=InnoDB  DEFAULT CHARSET=latin1 AUTO_INCREMENT=15 ;

--
-- Dumping data for table `work_order`
--

INSERT INTO `work_order` (`id_work_order`, `work_order_number`, `date`, `date_delivery`, `customer`, `so`, `contract_number`, `contract_startdate`, `contract_expdate`, `invoice_period`, `notes`, `status`, `project_name`) VALUES
(1, 'WO150001', '2015-03-17', '2015-03-21', 4, 2, NULL, '2015-01-01', '2016-01-01', NULL, NULL, 'running', 'Bank ABC Bandung'),
(3, 'WO150002', '0000-00-00', '0000-00-00', 4, 2, NULL, '2015-01-01', '2016-01-01', NULL, NULL, 'running', 'Bank ABC Jakarta'),
(4, 'WO150003', '0000-00-00', '0000-00-00', 4, 2, NULL, '2014-01-01', '2015-01-01', NULL, NULL, 'running', 'Gedung Sate Bandung'),
(5, 'WO150002', '2015-03-27', '2015-03-28', 4, 2, NULL, NULL, NULL, NULL, NULL, 'draft', NULL),
(6, 'WO150006', '2015-03-29', '2015-03-29', 4, 3, NULL, '2015-01-01', '2015-12-31', NULL, NULL, 'running', 'Kantor BNSP'),
(7, 'WO150007', '2015-04-04', '2015-04-30', 5, 4, NULL, NULL, NULL, NULL, NULL, 'draft', NULL),
(8, 'WO150008', '2015-04-05', '2015-04-30', 5, 5, NULL, NULL, NULL, NULL, NULL, 'draft', NULL),
(9, 'WO150009', '2015-04-08', '2015-04-30', 6, 6, NULL, '2015-01-01', '2016-01-01', NULL, '', 'running', 'MBS'),
(10, 'WO150010', '2015-04-12', '2015-04-30', 6, 9, NULL, '2015-01-01', '2016-12-20', NULL, '', 'running', 'Project Test'),
(11, 'WO150011', '2015-04-15', '2015-04-30', 5, 10, NULL, '2015-04-15', '2016-04-15', NULL, '', 'draft', 'Bazcorp Test'),
(12, 'WO150012', '2015-04-15', '2015-04-30', 7, 11, NULL, '2015-04-15', '2016-04-15', NULL, '', 'running', 'Security Management Services P.T Hino Motors'),
(13, 'WO150013', '2015-04-21', '2015-04-30', 4, 12, NULL, NULL, NULL, NULL, '', 'draft', NULL),
(14, 'WO150014', '2015-05-07', '2015-05-07', 7, 13, NULL, NULL, NULL, NULL, '', 'draft', NULL);

-- --------------------------------------------------------

--
-- Table structure for table `work_order_contract`
--

CREATE TABLE IF NOT EXISTS `work_order_contract` (
  `id_work_order_contract` int(11) NOT NULL AUTO_INCREMENT,
  `contract` int(11) DEFAULT NULL,
  `work_order` int(11) DEFAULT NULL,
  PRIMARY KEY (`id_work_order_contract`)
) ENGINE=InnoDB  DEFAULT CHARSET=utf8 AUTO_INCREMENT=16 ;

--
-- Dumping data for table `work_order_contract`
--

INSERT INTO `work_order_contract` (`id_work_order_contract`, `contract`, `work_order`) VALUES
(1, 1, 1),
(2, 2, 5),
(3, 2, 5),
(4, 4, 6),
(5, 5, 7),
(6, 6, 8),
(7, 7, 9),
(8, 10, 10),
(9, 11, 11),
(10, 12, 12),
(11, 13, 14),
(12, 13, 14),
(13, 29, 14),
(14, 13, 14),
(15, 29, 14);

-- --------------------------------------------------------

--
-- Table structure for table `work_order_product`
--

CREATE TABLE IF NOT EXISTS `work_order_product` (
  `id_work_order_product` int(11) NOT NULL AUTO_INCREMENT,
  `work_order` int(11) NOT NULL,
  `product` bigint(20) NOT NULL,
  `qty` float DEFAULT NULL,
  `price` float DEFAULT NULL,
  PRIMARY KEY (`id_work_order_product`,`product`),
  KEY `fk_work_order_product_work_order1_idx` (`work_order`),
  KEY `fk_work_order_product_product1_idx` (`product`)
) ENGINE=InnoDB  DEFAULT CHARSET=latin1 AUTO_INCREMENT=22 ;

--
-- Dumping data for table `work_order_product`
--

INSERT INTO `work_order_product` (`id_work_order_product`, `work_order`, `product`, `qty`, `price`) VALUES
(1, 1, 2, 10, 250000),
(2, 5, 2, 10, 100000),
(3, 5, 3, 5, 500000),
(4, 6, 2, 10, 1000000),
(5, 6, 3, 20, 500000),
(6, 6, 4, 5, NULL),
(7, 6, 5, 1, NULL),
(8, 6, 6, 2, NULL),
(9, 7, 4, 20, 4000000),
(10, 7, 4, 8, NULL),
(11, 8, 4, 10, NULL),
(12, 8, 4, 2, NULL),
(13, 9, 4, 2, NULL),
(14, 10, 4, 4, 3669900),
(15, 10, 6, 1, 3914970),
(16, 11, 4, 4, 3669900),
(17, 11, 6, 1, 3914970),
(18, 12, 4, 48, 3914970),
(19, 12, 5, 3, 3669900),
(20, 13, 4, 8, 4149420),
(21, 14, 4, 4, 4149420);

-- --------------------------------------------------------

--
-- Table structure for table `work_order_schedule`
--

CREATE TABLE IF NOT EXISTS `work_order_schedule` (
  `id_work_order_schedule` int(11) NOT NULL AUTO_INCREMENT,
  `work_schedule` int(11) DEFAULT NULL,
  `work_order` int(11) DEFAULT NULL,
  PRIMARY KEY (`id_work_order_schedule`)
) ENGINE=InnoDB  DEFAULT CHARSET=utf8 AUTO_INCREMENT=35 ;

--
-- Dumping data for table `work_order_schedule`
--

INSERT INTO `work_order_schedule` (`id_work_order_schedule`, `work_schedule`, `work_order`) VALUES
(1, 2, 1),
(2, 3, 5),
(3, 3, 5),
(4, 3, 5),
(5, 3, 5),
(6, 4, 6),
(7, 4, 6),
(8, 4, 6),
(9, 4, 6),
(10, 4, 6),
(11, 4, 6),
(12, 4, 6),
(13, 7, 7),
(14, 8, 8),
(15, 8, 8),
(16, 10, 9),
(17, 10, 9),
(18, 14, 10),
(19, 14, 10),
(20, 14, 10),
(21, 15, 11),
(22, 15, 11),
(23, 15, 11),
(24, 17, 12),
(25, 17, 12),
(26, 17, 12),
(27, 17, 12),
(28, 17, 12),
(29, 18, 13),
(30, 18, 13),
(31, 18, 13),
(32, 18, 13),
(33, 19, 14),
(34, 19, 14);

-- --------------------------------------------------------

--
-- Table structure for table `work_order_survey`
--

CREATE TABLE IF NOT EXISTS `work_order_survey` (
  `id_work_order_survey` int(11) NOT NULL AUTO_INCREMENT,
  `work_order` int(11) NOT NULL,
  `survey_assessment` int(11) NOT NULL,
  PRIMARY KEY (`id_work_order_survey`),
  KEY `fk_work_order_survey_work_order1_idx` (`work_order`),
  KEY `fk_work_order_survey_survey_assessment1_idx` (`survey_assessment`)
) ENGINE=InnoDB  DEFAULT CHARSET=latin1 AUTO_INCREMENT=13 ;

--
-- Dumping data for table `work_order_survey`
--

INSERT INTO `work_order_survey` (`id_work_order_survey`, `work_order`, `survey_assessment`) VALUES
(1, 1, 2),
(2, 5, 3),
(3, 5, 4),
(4, 6, 5),
(5, 6, 6),
(6, 8, 10),
(7, 9, 12),
(8, 10, 16),
(9, 11, 17),
(10, 12, 22),
(11, 13, 23),
(12, 14, 24);

-- --------------------------------------------------------

--
-- Table structure for table `work_schedule`
--

CREATE TABLE IF NOT EXISTS `work_schedule` (
  `id_work_schedule` int(11) NOT NULL AUTO_INCREMENT,
  `quotation` int(11) NOT NULL,
  `work_schedule_number` varchar(20) NOT NULL,
  `period_start` date NOT NULL,
  `period_end` date DEFAULT NULL,
  `notes` text,
  `status` varchar(45) DEFAULT NULL,
  PRIMARY KEY (`id_work_schedule`)
) ENGINE=InnoDB  DEFAULT CHARSET=latin1 AUTO_INCREMENT=20 ;

--
-- Dumping data for table `work_schedule`
--

INSERT INTO `work_schedule` (`id_work_schedule`, `quotation`, `work_schedule_number`, `period_start`, `period_end`, `notes`, `status`) VALUES
(1, 1, 'WS150001', '2015-02-13', '2015-02-13', 'Ok', 'draft'),
(2, 2, 'WS150002', '2015-03-18', '2015-03-18', '', 'open'),
(3, 3, 'WS150003', '2015-03-28', '2015-03-28', '', 'open'),
(4, 4, 'WS150004', '2015-03-29', '2015-03-29', 'OK', 'open'),
(7, 6, 'WS150005', '2015-04-04', '2015-04-24', '', 'open'),
(8, 8, 'WS150008', '2015-04-05', '2015-04-30', '', 'open'),
(9, 9, 'WS150009', '2015-04-07', '2015-08-31', '', 'draft'),
(10, 10, 'WS150010', '2015-04-08', '2016-04-08', '', 'open'),
(11, 11, 'WS150011', '2015-04-08', '2016-04-08', '', 'open'),
(14, 15, 'WS150012', '2015-04-12', '2016-04-12', '', 'open'),
(15, 16, 'WS150015', '2015-04-15', '2015-04-30', '', 'open'),
(16, 17, 'WS150016', '2015-04-15', '2016-04-15', '', 'draft'),
(17, 18, 'WS150017', '2015-04-15', '2016-04-01', '', 'open'),
(18, 19, 'WS150018', '2015-04-21', '2016-04-21', '', 'open'),
(19, 20, 'WS150019', '2015-05-06', '2015-05-06', '', 'open');

--
-- Constraints for dumped tables
--

--
-- Constraints for table `activity_log`
--
ALTER TABLE `activity_log`
  ADD CONSTRAINT `fk_activity_log_application_action1` FOREIGN KEY (`action`) REFERENCES `application_action` (`id_application_action`) ON DELETE NO ACTION ON UPDATE NO ACTION;

--
-- Constraints for table `application_action_conditioner`
--
ALTER TABLE `application_action_conditioner`
  ADD CONSTRAINT `fk_application_action_conditioner_application_action1` FOREIGN KEY (`target_action`) REFERENCES `application_action` (`id_application_action`) ON DELETE NO ACTION ON UPDATE NO ACTION,
  ADD CONSTRAINT `fk_application_action_conditioner_application_action2` FOREIGN KEY (`action`) REFERENCES `application_action` (`id_application_action`) ON DELETE NO ACTION ON UPDATE NO ACTION;

--
-- Constraints for table `application_side_menu`
--
ALTER TABLE `application_side_menu`
  ADD CONSTRAINT `fk_application_side_menu_application_action1` FOREIGN KEY (`action`) REFERENCES `application_action` (`id_application_action`) ON DELETE NO ACTION ON UPDATE NO ACTION,
  ADD CONSTRAINT `fk_application_side_menu_application_side_menu1` FOREIGN KEY (`parent`) REFERENCES `application_side_menu` (`id_application_menu`) ON DELETE NO ACTION ON UPDATE NO ACTION,
  ADD CONSTRAINT `fk_application_side_menu_application_side_menu2` FOREIGN KEY (`default_menu`) REFERENCES `application_side_menu` (`id_application_menu`) ON DELETE NO ACTION ON UPDATE NO ACTION,
  ADD CONSTRAINT `fk_application_side_menu_division1` FOREIGN KEY (`division`) REFERENCES `division` (`id_division`) ON DELETE NO ACTION ON UPDATE NO ACTION;

--
-- Constraints for table `bom`
--
ALTER TABLE `bom`
  ADD CONSTRAINT `fk_bom_product1` FOREIGN KEY (`product`) REFERENCES `product` (`id_product`) ON DELETE NO ACTION ON UPDATE NO ACTION;

--
-- Constraints for table `city`
--
ALTER TABLE `city`
  ADD CONSTRAINT `fk_city_state1` FOREIGN KEY (`state`) REFERENCES `state` (`id_state`) ON DELETE NO ACTION ON UPDATE NO ACTION;

--
-- Constraints for table `customer_site`
--
ALTER TABLE `customer_site`
  ADD CONSTRAINT `fk_client_site_ext_company1` FOREIGN KEY (`customer`) REFERENCES `ext_company` (`id_ext_company`) ON DELETE NO ACTION ON UPDATE NO ACTION,
  ADD CONSTRAINT `fk_customer_site_city1` FOREIGN KEY (`city`) REFERENCES `city` (`id_city`) ON DELETE NO ACTION ON UPDATE NO ACTION;

--
-- Constraints for table `database_field_interface`
--
ALTER TABLE `database_field_interface`
  ADD CONSTRAINT `fk_database_field_interface_database_interface1` FOREIGN KEY (`database_interface_id`) REFERENCES `database_interface` (`id_database_interface`) ON DELETE NO ACTION ON UPDATE NO ACTION;

--
-- Constraints for table `detail_bom`
--
ALTER TABLE `detail_bom`
  ADD CONSTRAINT `fk_detail_bom_bom1` FOREIGN KEY (`bom`) REFERENCES `bom` (`id_bom`) ON DELETE NO ACTION ON UPDATE NO ACTION,
  ADD CONSTRAINT `fk_detail_bom_product1` FOREIGN KEY (`product`) REFERENCES `product` (`id_product`) ON DELETE NO ACTION ON UPDATE NO ACTION,
  ADD CONSTRAINT `fk_detail_bom_unit_measure1` FOREIGN KEY (`uom`) REFERENCES `unit_measure` (`id_unit_measure`) ON DELETE NO ACTION ON UPDATE NO ACTION;

--
-- Constraints for table `detail_product_cost_structure`
--
ALTER TABLE `detail_product_cost_structure`
  ADD CONSTRAINT `fk_detail_product_cost_structure_cost_element1` FOREIGN KEY (`cost_element`) REFERENCES `cost_element` (`id_cost_element`) ON DELETE NO ACTION ON UPDATE NO ACTION,
  ADD CONSTRAINT `fk_detail_product_cost_structure_detail_product_cost_structure1` FOREIGN KEY (`predecessor`) REFERENCES `detail_product_cost_structure` (`id_detail_product_cost_structure`) ON DELETE NO ACTION ON UPDATE NO ACTION,
  ADD CONSTRAINT `fk_detail_product_cost_structure_product_cost_structure1` FOREIGN KEY (`product_cost_structure`) REFERENCES `product_cost_structure` (`id_product_cost_structure`) ON DELETE NO ACTION ON UPDATE NO ACTION;

--
-- Constraints for table `detail_role`
--
ALTER TABLE `detail_role`
  ADD CONSTRAINT `detail_role_ibfk_3` FOREIGN KEY (`role`) REFERENCES `role` (`id_role`) ON DELETE CASCADE ON UPDATE CASCADE,
  ADD CONSTRAINT `fk_detail_role_application_action1` FOREIGN KEY (`action`) REFERENCES `application_action` (`id_application_action`) ON DELETE NO ACTION ON UPDATE NO ACTION;

--
-- Constraints for table `detail_uda`
--
ALTER TABLE `detail_uda`
  ADD CONSTRAINT `fk_detail_uda_uda1` FOREIGN KEY (`uda`) REFERENCES `uda` (`id_uda`) ON DELETE NO ACTION ON UPDATE NO ACTION;

--
-- Constraints for table `detail_work_schedule`
--
ALTER TABLE `detail_work_schedule`
  ADD CONSTRAINT `fk_detail_work_schedule_customer_site1` FOREIGN KEY (`site`) REFERENCES `customer_site` (`id_customer_site`) ON DELETE NO ACTION ON UPDATE NO ACTION,
  ADD CONSTRAINT `fk_detail_work_schedule_work_schedule1` FOREIGN KEY (`work_schedule`) REFERENCES `work_schedule` (`id_work_schedule`) ON DELETE NO ACTION ON UPDATE NO ACTION;

--
-- Constraints for table `dn_product`
--
ALTER TABLE `dn_product`
  ADD CONSTRAINT `fk_dn_product_dn1` FOREIGN KEY (`dn`) REFERENCES `dn` (`id_dn`) ON DELETE NO ACTION ON UPDATE NO ACTION,
  ADD CONSTRAINT `fk_dn_product_product1` FOREIGN KEY (`product`) REFERENCES `product` (`id_product`) ON DELETE NO ACTION ON UPDATE NO ACTION;

--
-- Constraints for table `employe_education`
--
ALTER TABLE `employe_education`
  ADD CONSTRAINT `fk_employe_education_city1` FOREIGN KEY (`city`) REFERENCES `city` (`id_city`) ON DELETE NO ACTION ON UPDATE NO ACTION,
  ADD CONSTRAINT `fk_employe_education_education_level1` FOREIGN KEY (`education_level`) REFERENCES `education_level` (`id_education_level`) ON DELETE NO ACTION ON UPDATE NO ACTION,
  ADD CONSTRAINT `fk_employe_education_employee1` FOREIGN KEY (`employee`) REFERENCES `employeex` (`id_employee`) ON DELETE NO ACTION ON UPDATE NO ACTION,
  ADD CONSTRAINT `fk_employe_education_employee_document_detail1` FOREIGN KEY (`doc_attach`) REFERENCES `employee_document_detail` (`id_employee_document_detail`) ON DELETE NO ACTION ON UPDATE NO ACTION;

--
-- Constraints for table `employee`
--
ALTER TABLE `employee`
  ADD CONSTRAINT `employee_ibfk_1` FOREIGN KEY (`bank`) REFERENCES `bank` (`id_bank`) ON DELETE NO ACTION ON UPDATE NO ACTION,
  ADD CONSTRAINT `employee_ibfk_2` FOREIGN KEY (`birth_city`) REFERENCES `city` (`id_city`) ON DELETE NO ACTION ON UPDATE NO ACTION,
  ADD CONSTRAINT `employee_ibfk_3` FOREIGN KEY (`employee_contract_type`) REFERENCES `employee_contract_type` (`id_employee_contract_type`) ON DELETE NO ACTION ON UPDATE NO ACTION,
  ADD CONSTRAINT `employee_ibfk_4` FOREIGN KEY (`employee_status`) REFERENCES `employee_status` (`id_employee_status`) ON DELETE NO ACTION ON UPDATE NO ACTION,
  ADD CONSTRAINT `employee_ibfk_5` FOREIGN KEY (`employment_type`) REFERENCES `employment_type` (`id_employment_type`) ON DELETE NO ACTION ON UPDATE NO ACTION,
  ADD CONSTRAINT `employee_ibfk_6` FOREIGN KEY (`religion`) REFERENCES `religion` (`id_religion`) ON DELETE NO ACTION ON UPDATE NO ACTION,
  ADD CONSTRAINT `employee_ibfk_7` FOREIGN KEY (`position_level`) REFERENCES `position_level` (`id_position_level`) ON DELETE NO ACTION ON UPDATE NO ACTION;

--
-- Constraints for table `employee_address`
--
ALTER TABLE `employee_address`
  ADD CONSTRAINT `fk_employee_address_address_type1` FOREIGN KEY (`address_type`) REFERENCES `address_type` (`id_address_type`) ON DELETE NO ACTION ON UPDATE NO ACTION,
  ADD CONSTRAINT `fk_employee_address_city1` FOREIGN KEY (`city`) REFERENCES `city` (`id_city`) ON DELETE NO ACTION ON UPDATE NO ACTION,
  ADD CONSTRAINT `fk_employee_address_employee1` FOREIGN KEY (`employee`) REFERENCES `employeex` (`id_employee`) ON DELETE NO ACTION ON UPDATE NO ACTION;

--
-- Constraints for table `employee_assignment`
--
ALTER TABLE `employee_assignment`
  ADD CONSTRAINT `fk_employee_assignment_employee1` FOREIGN KEY (`employee_id`) REFERENCES `employeex` (`id_employee`) ON DELETE NO ACTION ON UPDATE NO ACTION,
  ADD CONSTRAINT `fk_employee_assignment_employmee_assignment_status1` FOREIGN KEY (`employmee_assignment_status`) REFERENCES `employee_assignment_status` (`id_employee_assignment_status`) ON DELETE NO ACTION ON UPDATE NO ACTION;

--
-- Constraints for table `employee_contract`
--
ALTER TABLE `employee_contract`
  ADD CONSTRAINT `fk_employee_contract_employee1` FOREIGN KEY (`employee`) REFERENCES `employeex` (`id_employee`) ON DELETE NO ACTION ON UPDATE NO ACTION,
  ADD CONSTRAINT `fk_employee_contract_employee_contract_status1` FOREIGN KEY (`contract_status`) REFERENCES `employee_contract_status` (`id_employee_contract_status`) ON DELETE NO ACTION ON UPDATE NO ACTION,
  ADD CONSTRAINT `fk_employee_contract_employee_contract_type1` FOREIGN KEY (`employee_contract_type`) REFERENCES `employee_contract_type` (`id_employee_contract_type`) ON DELETE NO ACTION ON UPDATE NO ACTION,
  ADD CONSTRAINT `fk_employee_contract_organisation_structure1` FOREIGN KEY (`position`) REFERENCES `organisation_structure` (`id_organisation_structure`) ON DELETE NO ACTION ON UPDATE NO ACTION,
  ADD CONSTRAINT `fk_employee_contract_position_level1` FOREIGN KEY (`position_level`) REFERENCES `position_level` (`id_position_level`) ON DELETE NO ACTION ON UPDATE NO ACTION;

--
-- Constraints for table `employee_course`
--
ALTER TABLE `employee_course`
  ADD CONSTRAINT `fk_employee_course_city1` FOREIGN KEY (`city`) REFERENCES `city` (`id_city`) ON DELETE NO ACTION ON UPDATE NO ACTION,
  ADD CONSTRAINT `fk_employee_course_employee1` FOREIGN KEY (`employee`) REFERENCES `employeex` (`id_employee`) ON DELETE NO ACTION ON UPDATE NO ACTION,
  ADD CONSTRAINT `fk_employee_course_unit_measure1` FOREIGN KEY (`duration_uom`) REFERENCES `unit_measure` (`id_unit_measure`) ON DELETE NO ACTION ON UPDATE NO ACTION;

--
-- Constraints for table `employee_document_detail`
--
ALTER TABLE `employee_document_detail`
  ADD CONSTRAINT `fk_employee_document_detail_employee1` FOREIGN KEY (`employee`) REFERENCES `employeex` (`id_employee`) ON DELETE NO ACTION ON UPDATE NO ACTION,
  ADD CONSTRAINT `fk_employee_document_detail_employee_document_type1` FOREIGN KEY (`employee_document_type`) REFERENCES `employee_document_type` (`id_employee_document_type`) ON DELETE NO ACTION ON UPDATE NO ACTION;

--
-- Constraints for table `employee_emergency_contact`
--
ALTER TABLE `employee_emergency_contact`
  ADD CONSTRAINT `fk_employee_emergency_contact_city1` FOREIGN KEY (`city`) REFERENCES `city` (`id_city`) ON DELETE NO ACTION ON UPDATE NO ACTION,
  ADD CONSTRAINT `fk_employee_emergency_contact_employee1` FOREIGN KEY (`employee`) REFERENCES `employeex` (`id_employee`) ON DELETE NO ACTION ON UPDATE NO ACTION;

--
-- Constraints for table `employee_experience`
--
ALTER TABLE `employee_experience`
  ADD CONSTRAINT `fk_employee_experience_city1` FOREIGN KEY (`city`) REFERENCES `city` (`id_city`) ON DELETE NO ACTION ON UPDATE NO ACTION,
  ADD CONSTRAINT `fk_employee_experience_employee1` FOREIGN KEY (`employee`) REFERENCES `employeex` (`id_employee`) ON DELETE NO ACTION ON UPDATE NO ACTION;

--
-- Constraints for table `employee_family_tree`
--
ALTER TABLE `employee_family_tree`
  ADD CONSTRAINT `fk_employee_family_tree_city1` FOREIGN KEY (`birth_place`) REFERENCES `city` (`id_city`) ON DELETE NO ACTION ON UPDATE NO ACTION,
  ADD CONSTRAINT `fk_employee_family_tree_education_level1` FOREIGN KEY (`last_education`) REFERENCES `education_level` (`id_education_level`) ON DELETE NO ACTION ON UPDATE NO ACTION,
  ADD CONSTRAINT `fk_employee_family_tree_employee1` FOREIGN KEY (`employee`) REFERENCES `employeex` (`id_employee`) ON DELETE NO ACTION ON UPDATE NO ACTION;

--
-- Constraints for table `employee_languages`
--
ALTER TABLE `employee_languages`
  ADD CONSTRAINT `fk_employee_languages_employee1` FOREIGN KEY (`employee`) REFERENCES `employeex` (`id_employee`) ON DELETE NO ACTION ON UPDATE NO ACTION,
  ADD CONSTRAINT `fk_employee_languages_languages1` FOREIGN KEY (`languages`) REFERENCES `languages` (`id_languages`) ON DELETE NO ACTION ON UPDATE NO ACTION,
  ADD CONSTRAINT `fk_employee_languages_language_fluency1` FOREIGN KEY (`reading`) REFERENCES `language_fluency` (`id_language_fluency`) ON DELETE NO ACTION ON UPDATE NO ACTION,
  ADD CONSTRAINT `fk_employee_languages_language_fluency2` FOREIGN KEY (`writing`) REFERENCES `language_fluency` (`id_language_fluency`) ON DELETE NO ACTION ON UPDATE NO ACTION,
  ADD CONSTRAINT `fk_employee_languages_language_fluency3` FOREIGN KEY (`speaking`) REFERENCES `language_fluency` (`id_language_fluency`) ON DELETE NO ACTION ON UPDATE NO ACTION,
  ADD CONSTRAINT `fk_employee_languages_language_fluency4` FOREIGN KEY (`hearing`) REFERENCES `language_fluency` (`id_language_fluency`) ON DELETE NO ACTION ON UPDATE NO ACTION;

--
-- Constraints for table `employee_marital`
--
ALTER TABLE `employee_marital`
  ADD CONSTRAINT `fk_employee_family_employee1` FOREIGN KEY (`employee`) REFERENCES `employeex` (`id_employee`) ON DELETE NO ACTION ON UPDATE NO ACTION,
  ADD CONSTRAINT `fk_employee_marital_city1` FOREIGN KEY (`birth_place`) REFERENCES `city` (`id_city`) ON DELETE NO ACTION ON UPDATE NO ACTION,
  ADD CONSTRAINT `fk_employee_marital_education_level1` FOREIGN KEY (`last_education`) REFERENCES `education_level` (`id_education_level`) ON DELETE NO ACTION ON UPDATE NO ACTION;

--
-- Constraints for table `employee_resign_history`
--
ALTER TABLE `employee_resign_history`
  ADD CONSTRAINT `fk_employee_resign_history_employee1` FOREIGN KEY (`employee`) REFERENCES `employeex` (`id_employee`) ON DELETE NO ACTION ON UPDATE NO ACTION;

--
-- Constraints for table `employee_social`
--
ALTER TABLE `employee_social`
  ADD CONSTRAINT `fk_employee_social_employee1` FOREIGN KEY (`employee`) REFERENCES `employeex` (`id_employee`) ON DELETE NO ACTION ON UPDATE NO ACTION;

--
-- Constraints for table `employee_vehicle`
--
ALTER TABLE `employee_vehicle`
  ADD CONSTRAINT `fk_employee_vehicle_employee1` FOREIGN KEY (`employee`) REFERENCES `employeex` (`id_employee`) ON DELETE NO ACTION ON UPDATE NO ACTION;

--
-- Constraints for table `employeex`
--
ALTER TABLE `employeex`
  ADD CONSTRAINT `fk_employee_bank1` FOREIGN KEY (`bank`) REFERENCES `bank` (`id_bank`) ON DELETE NO ACTION ON UPDATE NO ACTION,
  ADD CONSTRAINT `fk_employee_city2` FOREIGN KEY (`birth_city`) REFERENCES `city` (`id_city`) ON DELETE NO ACTION ON UPDATE NO ACTION,
  ADD CONSTRAINT `fk_employee_employee_contract_type1` FOREIGN KEY (`employee_contract_type`) REFERENCES `employee_contract_type` (`id_employee_contract_type`) ON DELETE NO ACTION ON UPDATE NO ACTION,
  ADD CONSTRAINT `fk_employee_employee_status1` FOREIGN KEY (`employee_status`) REFERENCES `employee_status` (`id_employee_status`) ON DELETE NO ACTION ON UPDATE NO ACTION,
  ADD CONSTRAINT `fk_employee_employment_type1` FOREIGN KEY (`employment_type`) REFERENCES `employment_type` (`id_employment_type`) ON DELETE NO ACTION ON UPDATE NO ACTION,
  ADD CONSTRAINT `fk_employee_religion1` FOREIGN KEY (`religion`) REFERENCES `religion` (`id_religion`) ON DELETE NO ACTION ON UPDATE NO ACTION;

--
-- Constraints for table `employent_contract_phase_detail`
--
ALTER TABLE `employent_contract_phase_detail`
  ADD CONSTRAINT `fk_employent_contract_phase_detail_employee_contract_phase_ty1` FOREIGN KEY (`contract_phase_type`) REFERENCES `employee_contract_phase_type` (`id_employee_contract_phase_type`) ON DELETE NO ACTION ON UPDATE NO ACTION,
  ADD CONSTRAINT `fk_employent_contract_phase_employee_contract1` FOREIGN KEY (`employee_contract`) REFERENCES `employee_contract` (`id_employee_contract`) ON DELETE NO ACTION ON UPDATE NO ACTION;

--
-- Constraints for table `ext_company`
--
ALTER TABLE `ext_company`
  ADD CONSTRAINT `fk_ext_company_city1` FOREIGN KEY (`city`) REFERENCES `city` (`id_city`) ON DELETE NO ACTION ON UPDATE NO ACTION;

--
-- Constraints for table `fingerprint_assign`
--
ALTER TABLE `fingerprint_assign`
  ADD CONSTRAINT `fk_fingerprint_assign_customer_site1` FOREIGN KEY (`site`) REFERENCES `customer_site` (`id_customer_site`) ON DELETE NO ACTION ON UPDATE NO ACTION,
  ADD CONSTRAINT `fk_fingerprint_assign_work_order1` FOREIGN KEY (`work_order`) REFERENCES `work_order` (`id_work_order`) ON DELETE NO ACTION ON UPDATE NO ACTION;

--
-- Constraints for table `fingerprint_assign_detail`
--
ALTER TABLE `fingerprint_assign_detail`
  ADD CONSTRAINT `fk_fingerprint_assign_detail_fingerprint_assign1` FOREIGN KEY (`fingerprint_assign`) REFERENCES `fingerprint_assign` (`id_fingerprint_assign`) ON DELETE NO ACTION ON UPDATE NO ACTION,
  ADD CONSTRAINT `fk_fingerprint_assign_detail_fingerprint_device1` FOREIGN KEY (`fingerprint_device`) REFERENCES `fingerprint_device` (`id_fingerprint_device`) ON DELETE NO ACTION ON UPDATE NO ACTION;

--
-- Constraints for table `fingerprint_event`
--
ALTER TABLE `fingerprint_event`
  ADD CONSTRAINT `fk_fingerprint_event_employee1` FOREIGN KEY (`employee`) REFERENCES `employeex` (`id_employee`) ON DELETE NO ACTION ON UPDATE NO ACTION;

--
-- Constraints for table `fingerprint_template`
--
ALTER TABLE `fingerprint_template`
  ADD CONSTRAINT `fk_fingerprint_template_employee2` FOREIGN KEY (`employee`) REFERENCES `employee` (`id_employee`) ON DELETE NO ACTION ON UPDATE NO ACTION;

--
-- Constraints for table `gr`
--
ALTER TABLE `gr`
  ADD CONSTRAINT `fk_gr_po1` FOREIGN KEY (`po`) REFERENCES `po` (`id_po`) ON DELETE NO ACTION ON UPDATE NO ACTION;

--
-- Constraints for table `gr_product`
--
ALTER TABLE `gr_product`
  ADD CONSTRAINT `fk_gr_product_gr1` FOREIGN KEY (`gr`) REFERENCES `gr` (`id_gr`) ON DELETE CASCADE ON UPDATE CASCADE,
  ADD CONSTRAINT `fk_gr_product_product1` FOREIGN KEY (`product`) REFERENCES `product` (`id_product`) ON DELETE NO ACTION ON UPDATE NO ACTION,
  ADD CONSTRAINT `fk_gr_product_unit_measure1` FOREIGN KEY (`uom`) REFERENCES `unit_measure` (`id_unit_measure`) ON DELETE NO ACTION ON UPDATE NO ACTION;

--
-- Constraints for table `group`
--
ALTER TABLE `group`
  ADD CONSTRAINT `fk_group_user1` FOREIGN KEY (`created_by`) REFERENCES `user` (`id_user`) ON DELETE NO ACTION ON UPDATE NO ACTION,
  ADD CONSTRAINT `fk_group_user2` FOREIGN KEY (`administrator`) REFERENCES `user` (`id_user`) ON DELETE NO ACTION ON UPDATE NO ACTION;

--
-- Constraints for table `group_member`
--
ALTER TABLE `group_member`
  ADD CONSTRAINT `fk_group_member_group1` FOREIGN KEY (`group`) REFERENCES `group` (`id_group`) ON DELETE NO ACTION ON UPDATE NO ACTION,
  ADD CONSTRAINT `fk_group_member_user1` FOREIGN KEY (`user_member`) REFERENCES `user` (`id_user`) ON DELETE NO ACTION ON UPDATE NO ACTION;

--
-- Constraints for table `inquiry`
--
ALTER TABLE `inquiry`
  ADD CONSTRAINT `fk_inquiry_ext_company1` FOREIGN KEY (`customer`) REFERENCES `ext_company` (`id_ext_company`) ON DELETE NO ACTION ON UPDATE NO ACTION;

--
-- Constraints for table `inquiry_product`
--
ALTER TABLE `inquiry_product`
  ADD CONSTRAINT `fk_inquiry_product_inquiry1` FOREIGN KEY (`inquiry`) REFERENCES `inquiry` (`id_inquiry`) ON DELETE NO ACTION ON UPDATE NO ACTION,
  ADD CONSTRAINT `fk_inquiry_product_product1` FOREIGN KEY (`product`) REFERENCES `product` (`id_product`) ON DELETE NO ACTION ON UPDATE NO ACTION,
  ADD CONSTRAINT `fk_inquiry_product_unit_measure1` FOREIGN KEY (`uom`) REFERENCES `unit_measure` (`id_unit_measure`) ON DELETE NO ACTION ON UPDATE NO ACTION;

--
-- Constraints for table `internal_delivery`
--
ALTER TABLE `internal_delivery`
  ADD CONSTRAINT `fk_internal_delivery_mr1` FOREIGN KEY (`mr`) REFERENCES `mr` (`id_mr`) ON DELETE NO ACTION ON UPDATE NO ACTION,
  ADD CONSTRAINT `fk_internal_delivery_so1` FOREIGN KEY (`so`) REFERENCES `so` (`id_so`) ON DELETE NO ACTION ON UPDATE NO ACTION;

--
-- Constraints for table `internal_delivery_product`
--
ALTER TABLE `internal_delivery_product`
  ADD CONSTRAINT `fk_internal_delivery_product_internal_delivery1` FOREIGN KEY (`internal_delivery`) REFERENCES `internal_delivery` (`id_internal_delivery`) ON DELETE NO ACTION ON UPDATE NO ACTION,
  ADD CONSTRAINT `fk_internal_delivery_product_product1` FOREIGN KEY (`product`) REFERENCES `product` (`id_product`) ON DELETE NO ACTION ON UPDATE NO ACTION;

--
-- Constraints for table `internal_delivery_return`
--
ALTER TABLE `internal_delivery_return`
  ADD CONSTRAINT `fk_internal_delivery_return_so1` FOREIGN KEY (`so`) REFERENCES `so` (`id_so`) ON DELETE NO ACTION ON UPDATE NO ACTION;

--
-- Constraints for table `internal_delivery_return_product`
--
ALTER TABLE `internal_delivery_return_product`
  ADD CONSTRAINT `fk_internal_delivery_return_product_gudang1` FOREIGN KEY (`source_location`) REFERENCES `gudang` (`id_warehouse`) ON DELETE NO ACTION ON UPDATE NO ACTION,
  ADD CONSTRAINT `fk_internal_delivery_return_product_internal_delivery_return1` FOREIGN KEY (`internal_delivery_return`) REFERENCES `internal_delivery_return` (`id_internal_delivery_return`) ON DELETE NO ACTION ON UPDATE NO ACTION,
  ADD CONSTRAINT `fk_internal_delivery_return_product_product1` FOREIGN KEY (`product`) REFERENCES `product` (`id_product`) ON DELETE NO ACTION ON UPDATE NO ACTION,
  ADD CONSTRAINT `fk_internal_delivery_return_product_unit_measure1` FOREIGN KEY (`uom`) REFERENCES `unit_measure` (`id_unit_measure`) ON DELETE NO ACTION ON UPDATE NO ACTION;

--
-- Constraints for table `join_item`
--
ALTER TABLE `join_item`
  ADD CONSTRAINT `fk_join_item_bom1` FOREIGN KEY (`bom`) REFERENCES `bom` (`id_bom`) ON DELETE NO ACTION ON UPDATE NO ACTION,
  ADD CONSTRAINT `fk_join_item_gudang1` FOREIGN KEY (`gudang`) REFERENCES `gudang` (`id_warehouse`) ON DELETE NO ACTION ON UPDATE NO ACTION;

--
-- Constraints for table `join_item_product`
--
ALTER TABLE `join_item_product`
  ADD CONSTRAINT `fk_join_item_product_gudang1` FOREIGN KEY (`gudang`) REFERENCES `gudang` (`id_warehouse`) ON DELETE NO ACTION ON UPDATE NO ACTION,
  ADD CONSTRAINT `fk_join_item_product_join_item1` FOREIGN KEY (`join_item`) REFERENCES `join_item` (`id_join_item`) ON DELETE NO ACTION ON UPDATE NO ACTION,
  ADD CONSTRAINT `fk_join_item_product_product1` FOREIGN KEY (`product`) REFERENCES `product` (`id_product`) ON DELETE NO ACTION ON UPDATE NO ACTION;

--
-- Constraints for table `mr`
--
ALTER TABLE `mr`
  ADD CONSTRAINT `fk_mr_project_list1` FOREIGN KEY (`project_list`) REFERENCES `project_list` (`id_project_list`) ON DELETE NO ACTION ON UPDATE NO ACTION;

--
-- Constraints for table `mr_product`
--
ALTER TABLE `mr_product`
  ADD CONSTRAINT `fk_mr_product_mr1` FOREIGN KEY (`mr`) REFERENCES `mr` (`id_mr`) ON DELETE NO ACTION ON UPDATE NO ACTION,
  ADD CONSTRAINT `fk_mr_product_product1` FOREIGN KEY (`product`) REFERENCES `product` (`id_product`) ON DELETE NO ACTION ON UPDATE NO ACTION;

--
-- Constraints for table `notification_setting_action`
--
ALTER TABLE `notification_setting_action`
  ADD CONSTRAINT `fk_notification_setting_action_application_action1` FOREIGN KEY (`action`) REFERENCES `application_action` (`id_application_action`) ON DELETE NO ACTION ON UPDATE NO ACTION,
  ADD CONSTRAINT `fk_notification_setting_action_notification_setting1` FOREIGN KEY (`notification_setting`) REFERENCES `notification_setting` (`id_notification_setting`) ON DELETE NO ACTION ON UPDATE NO ACTION;

--
-- Constraints for table `notification_setting_group`
--
ALTER TABLE `notification_setting_group`
  ADD CONSTRAINT `fk_notification_setting_group_group1` FOREIGN KEY (`group`) REFERENCES `group` (`id_group`) ON DELETE NO ACTION ON UPDATE NO ACTION,
  ADD CONSTRAINT `fk_notification_setting_group_notification_setting1` FOREIGN KEY (`notification_setting`) REFERENCES `notification_setting` (`id_notification_setting`) ON DELETE NO ACTION ON UPDATE NO ACTION;

--
-- Constraints for table `object_owning`
--
ALTER TABLE `object_owning`
  ADD CONSTRAINT `fk_object_owning_user1` FOREIGN KEY (`user`) REFERENCES `user` (`id_user`) ON DELETE NO ACTION ON UPDATE NO ACTION;

--
-- Constraints for table `organisation_structure`
--
ALTER TABLE `organisation_structure`
  ADD CONSTRAINT `fk_organisation_structure_employment_type1` FOREIGN KEY (`employment_type`) REFERENCES `employment_type` (`id_employment_type`) ON DELETE NO ACTION ON UPDATE NO ACTION,
  ADD CONSTRAINT `fk_organisation_structure_organisation_structure1` FOREIGN KEY (`parent_structure`) REFERENCES `organisation_structure` (`id_organisation_structure`) ON DELETE NO ACTION ON UPDATE NO ACTION;

--
-- Constraints for table `payment_receipt`
--
ALTER TABLE `payment_receipt`
  ADD CONSTRAINT `fk_payment_receipt_po1` FOREIGN KEY (`po`) REFERENCES `po` (`id_po`) ON DELETE NO ACTION ON UPDATE NO ACTION;

--
-- Constraints for table `payslip`
--
ALTER TABLE `payslip`
  ADD CONSTRAINT `fk_employee` FOREIGN KEY (`employee`) REFERENCES `employee` (`id_employee`) ON DELETE NO ACTION ON UPDATE NO ACTION;

--
-- Constraints for table `po`
--
ALTER TABLE `po`
  ADD CONSTRAINT `fk_po_mr1` FOREIGN KEY (`mr`) REFERENCES `mr` (`id_mr`) ON DELETE NO ACTION ON UPDATE NO ACTION,
  ADD CONSTRAINT `fk_po_user1` FOREIGN KEY (`user_create`) REFERENCES `user` (`id_user`) ON DELETE NO ACTION ON UPDATE NO ACTION;

--
-- Constraints for table `po_product`
--
ALTER TABLE `po_product`
  ADD CONSTRAINT `fk_po_product_po1` FOREIGN KEY (`po`) REFERENCES `po` (`id_po`) ON DELETE NO ACTION ON UPDATE NO ACTION,
  ADD CONSTRAINT `fk_po_product_product1` FOREIGN KEY (`product`) REFERENCES `product` (`id_product`) ON DELETE NO ACTION ON UPDATE NO ACTION,
  ADD CONSTRAINT `fk_po_product_unit_measure1` FOREIGN KEY (`uom`) REFERENCES `unit_measure` (`id_unit_measure`) ON DELETE NO ACTION ON UPDATE NO ACTION;

--
-- Constraints for table `product`
--
ALTER TABLE `product`
  ADD CONSTRAINT `fk_product_merk1` FOREIGN KEY (`merk`) REFERENCES `merk` (`id_merk`) ON DELETE NO ACTION ON UPDATE NO ACTION,
  ADD CONSTRAINT `fk_product_product_category1` FOREIGN KEY (`product_category`) REFERENCES `product_category` (`id_product_category`) ON DELETE NO ACTION ON UPDATE NO ACTION,
  ADD CONSTRAINT `fk_product_type_material1` FOREIGN KEY (`type`) REFERENCES `type_material` (`id_type_material`) ON DELETE NO ACTION ON UPDATE NO ACTION,
  ADD CONSTRAINT `fk_product_unit_measure1` FOREIGN KEY (`unit`) REFERENCES `unit_measure` (`id_unit_measure`) ON DELETE NO ACTION ON UPDATE NO ACTION;

--
-- Constraints for table `product_buy_price`
--
ALTER TABLE `product_buy_price`
  ADD CONSTRAINT `fk_product_buy_price_product1` FOREIGN KEY (`product`) REFERENCES `product` (`id_product`) ON DELETE NO ACTION ON UPDATE NO ACTION;

--
-- Constraints for table `product_cost_structure`
--
ALTER TABLE `product_cost_structure`
  ADD CONSTRAINT `fk_product_cost_structure_currency1` FOREIGN KEY (`currency`) REFERENCES `currency` (`id_currency`) ON DELETE NO ACTION ON UPDATE NO ACTION,
  ADD CONSTRAINT `fk_product_cost_structure_product1` FOREIGN KEY (`product`) REFERENCES `product` (`id_product`) ON DELETE NO ACTION ON UPDATE NO ACTION;

--
-- Constraints for table `product_definition`
--
ALTER TABLE `product_definition`
  ADD CONSTRAINT `fk_product_definition_organisation_structure1` FOREIGN KEY (`organisation_structure`) REFERENCES `organisation_structure` (`id_organisation_structure`) ON DELETE NO ACTION ON UPDATE NO ACTION,
  ADD CONSTRAINT `fk_product_definition_position_level1` FOREIGN KEY (`position_level`) REFERENCES `position_level` (`id_position_level`) ON DELETE NO ACTION ON UPDATE NO ACTION,
  ADD CONSTRAINT `fk_product_definition_product1` FOREIGN KEY (`product`) REFERENCES `product` (`id_product`) ON DELETE NO ACTION ON UPDATE NO ACTION;

--
-- Constraints for table `product_po_barcode`
--
ALTER TABLE `product_po_barcode`
  ADD CONSTRAINT `fk_product_po_barcode_po1` FOREIGN KEY (`po`) REFERENCES `po` (`id_po`) ON DELETE NO ACTION ON UPDATE NO ACTION,
  ADD CONSTRAINT `fk_product_po_barcode_product1` FOREIGN KEY (`product`) REFERENCES `product` (`id_product`) ON DELETE NO ACTION ON UPDATE NO ACTION;

--
-- Constraints for table `product_sell_price`
--
ALTER TABLE `product_sell_price`
  ADD CONSTRAINT `fk_product_sell_price_product1` FOREIGN KEY (`product`) REFERENCES `product` (`id_product`) ON DELETE NO ACTION ON UPDATE NO ACTION;

--
-- Constraints for table `product_unit`
--
ALTER TABLE `product_unit`
  ADD CONSTRAINT `fk_product_unit_product1` FOREIGN KEY (`product_id_product`) REFERENCES `product` (`id_product`) ON DELETE NO ACTION ON UPDATE NO ACTION;

--
-- Constraints for table `project_list_product`
--
ALTER TABLE `project_list_product`
  ADD CONSTRAINT `fk_project_list_product_product1` FOREIGN KEY (`product`) REFERENCES `product` (`id_product`) ON DELETE NO ACTION ON UPDATE NO ACTION,
  ADD CONSTRAINT `fk_project_list_product_project_list1` FOREIGN KEY (`project_list`) REFERENCES `project_list` (`id_project_list`) ON DELETE NO ACTION ON UPDATE NO ACTION,
  ADD CONSTRAINT `fk_project_list_product_unit_measure1` FOREIGN KEY (`uom`) REFERENCES `unit_measure` (`id_unit_measure`) ON DELETE NO ACTION ON UPDATE NO ACTION;

--
-- Constraints for table `project_report`
--
ALTER TABLE `project_report`
  ADD CONSTRAINT `fk_project_report_user1` FOREIGN KEY (`user`) REFERENCES `user` (`id_user`) ON DELETE NO ACTION ON UPDATE NO ACTION,
  ADD CONSTRAINT `fk_project_report_work_order1` FOREIGN KEY (`work_order`) REFERENCES `work_order` (`id_work_order`) ON DELETE NO ACTION ON UPDATE NO ACTION;

--
-- Constraints for table `project_report_files`
--
ALTER TABLE `project_report_files`
  ADD CONSTRAINT `fk_project_report_files_project_report1` FOREIGN KEY (`project_report_files`) REFERENCES `project_report` (`id_project_report`) ON DELETE NO ACTION ON UPDATE NO ACTION;

--
-- Constraints for table `quotation`
--
ALTER TABLE `quotation`
  ADD CONSTRAINT `fk_quotation_inquiry1` FOREIGN KEY (`inquiry`) REFERENCES `inquiry` (`id_inquiry`) ON DELETE NO ACTION ON UPDATE NO ACTION;

--
-- Constraints for table `quotation_product`
--
ALTER TABLE `quotation_product`
  ADD CONSTRAINT `fk_quotation_product_product1` FOREIGN KEY (`product`) REFERENCES `product` (`id_product`) ON DELETE NO ACTION ON UPDATE NO ACTION,
  ADD CONSTRAINT `fk_quotation_product_quotation1` FOREIGN KEY (`quotation`) REFERENCES `quotation` (`id_quotation`) ON DELETE NO ACTION ON UPDATE NO ACTION;

--
-- Constraints for table `quotation_survey`
--
ALTER TABLE `quotation_survey`
  ADD CONSTRAINT `fk_quotation_survey_quotation1` FOREIGN KEY (`quotation`) REFERENCES `quotation` (`id_quotation`) ON DELETE NO ACTION ON UPDATE NO ACTION,
  ADD CONSTRAINT `fk_quotation_survey_survey_assessment1` FOREIGN KEY (`survey_assessment`) REFERENCES `survey_assessment` (`id_survey_assessment`) ON DELETE NO ACTION ON UPDATE NO ACTION;

--
-- Constraints for table `so`
--
ALTER TABLE `so`
  ADD CONSTRAINT `fk_so_ext_company1` FOREIGN KEY (`customer`) REFERENCES `ext_company` (`id_ext_company`) ON DELETE NO ACTION ON UPDATE NO ACTION,
  ADD CONSTRAINT `fk_so_quotation1` FOREIGN KEY (`quotation`) REFERENCES `quotation` (`id_quotation`) ON DELETE NO ACTION ON UPDATE NO ACTION;

--
-- Constraints for table `so_finish_product`
--
ALTER TABLE `so_finish_product`
  ADD CONSTRAINT `fk_so_finish_product_product1` FOREIGN KEY (`product`) REFERENCES `product` (`id_product`) ON DELETE NO ACTION ON UPDATE NO ACTION,
  ADD CONSTRAINT `fk_so_finish_product_so1` FOREIGN KEY (`so`) REFERENCES `so` (`id_so`) ON DELETE NO ACTION ON UPDATE NO ACTION;

--
-- Constraints for table `so_product`
--
ALTER TABLE `so_product`
  ADD CONSTRAINT `fk_so_product_product1` FOREIGN KEY (`product`) REFERENCES `product` (`id_product`) ON DELETE NO ACTION ON UPDATE NO ACTION,
  ADD CONSTRAINT `fk_so_product_so1` FOREIGN KEY (`so`) REFERENCES `so` (`id_so`) ON DELETE NO ACTION ON UPDATE NO ACTION;

--
-- Constraints for table `so_survey`
--
ALTER TABLE `so_survey`
  ADD CONSTRAINT `fk_so_survey_so1` FOREIGN KEY (`so`) REFERENCES `so` (`id_so`) ON DELETE NO ACTION ON UPDATE NO ACTION,
  ADD CONSTRAINT `fk_so_survey_survey_assessment1` FOREIGN KEY (`survey_assessment`) REFERENCES `survey_assessment` (`id_survey_assessment`) ON DELETE NO ACTION ON UPDATE NO ACTION;

--
-- Constraints for table `state`
--
ALTER TABLE `state`
  ADD CONSTRAINT `fk_state_country1` FOREIGN KEY (`country`) REFERENCES `country` (`id_country`) ON DELETE NO ACTION ON UPDATE NO ACTION;

--
-- Constraints for table `stock_adjustment_product`
--
ALTER TABLE `stock_adjustment_product`
  ADD CONSTRAINT `fk_stock_adjustment_product_gudang1` FOREIGN KEY (`gudang`) REFERENCES `gudang` (`id_warehouse`) ON DELETE NO ACTION ON UPDATE NO ACTION,
  ADD CONSTRAINT `fk_stock_adjustment_product_product1` FOREIGN KEY (`product`) REFERENCES `product` (`id_product`) ON DELETE NO ACTION ON UPDATE NO ACTION,
  ADD CONSTRAINT `fk_stock_adjustment_product_stock_adjustment1` FOREIGN KEY (`stock_adjustment`) REFERENCES `stock_adjustment` (`id_stock_adjustment`) ON DELETE NO ACTION ON UPDATE NO ACTION;

--
-- Constraints for table `stock_transaction`
--
ALTER TABLE `stock_transaction`
  ADD CONSTRAINT `fk_stock_transaction_gudang1` FOREIGN KEY (`source_location`) REFERENCES `gudang` (`id_warehouse`) ON DELETE NO ACTION ON UPDATE NO ACTION,
  ADD CONSTRAINT `fk_stock_transaction_gudang2` FOREIGN KEY (`destination_location`) REFERENCES `gudang` (`id_warehouse`) ON DELETE NO ACTION ON UPDATE NO ACTION,
  ADD CONSTRAINT `fk_stock_transaction_product1` FOREIGN KEY (`product`) REFERENCES `product` (`id_product`) ON DELETE NO ACTION ON UPDATE NO ACTION,
  ADD CONSTRAINT `fk_stock_transaction_unit_measure1` FOREIGN KEY (`uom`) REFERENCES `unit_measure` (`id_unit_measure`) ON DELETE NO ACTION ON UPDATE NO ACTION;

--
-- Constraints for table `survey_answer`
--
ALTER TABLE `survey_answer`
  ADD CONSTRAINT `fk_survey_answer_survey_question_relation1` FOREIGN KEY (`survey_question_relation`) REFERENCES `survey_question_relation` (`id_survey_question_relation`) ON DELETE NO ACTION ON UPDATE NO ACTION;

--
-- Constraints for table `survey_question_list`
--
ALTER TABLE `survey_question_list`
  ADD CONSTRAINT `fk_survey_question_list_survey_template1` FOREIGN KEY (`survey_template`) REFERENCES `survey_template` (`id_survey_template`) ON DELETE NO ACTION ON UPDATE NO ACTION;

--
-- Constraints for table `survey_question_relation`
--
ALTER TABLE `survey_question_relation`
  ADD CONSTRAINT `fk_survey_question_relation_survey_question_list1` FOREIGN KEY (`survey_question`) REFERENCES `survey_question_list` (`id_survey_question_list`) ON DELETE NO ACTION ON UPDATE NO ACTION;

--
-- Constraints for table `timesheet_raw`
--
ALTER TABLE `timesheet_raw`
  ADD CONSTRAINT `fk_timesheet_raw_employee1` FOREIGN KEY (`employee`) REFERENCES `employee` (`id_employee`) ON DELETE NO ACTION ON UPDATE NO ACTION;

--
-- Constraints for table `timsheet`
--
ALTER TABLE `timsheet`
  ADD CONSTRAINT `fk_timsheet_employee1` FOREIGN KEY (`employee`) REFERENCES `employeex` (`id_employee`) ON DELETE NO ACTION ON UPDATE NO ACTION;

--
-- Constraints for table `uda`
--
ALTER TABLE `uda`
  ADD CONSTRAINT `fk_uda_database_interface1` FOREIGN KEY (`database_interface_model`) REFERENCES `database_interface` (`id_database_interface`) ON DELETE NO ACTION ON UPDATE NO ACTION;

--
-- Constraints for table `unit_convertion`
--
ALTER TABLE `unit_convertion`
  ADD CONSTRAINT `fk_unit_convertion_unit_measure1` FOREIGN KEY (`unit_measure_from`) REFERENCES `unit_measure` (`id_unit_measure`) ON DELETE NO ACTION ON UPDATE NO ACTION,
  ADD CONSTRAINT `fk_unit_convertion_unit_measure2` FOREIGN KEY (`unit_measure_to`) REFERENCES `unit_measure` (`id_unit_measure`) ON DELETE NO ACTION ON UPDATE NO ACTION;

--
-- Constraints for table `unit_measure`
--
ALTER TABLE `unit_measure`
  ADD CONSTRAINT `fk_unit_measure_unit_of_measure_category1` FOREIGN KEY (`unit_of_measure_category`) REFERENCES `unit_of_measure_category` (`id_unit_of_measure_category`) ON DELETE NO ACTION ON UPDATE NO ACTION;

--
-- Constraints for table `work_order`
--
ALTER TABLE `work_order`
  ADD CONSTRAINT `fk_work_order_ext_company1` FOREIGN KEY (`customer`) REFERENCES `ext_company` (`id_ext_company`) ON DELETE NO ACTION ON UPDATE NO ACTION,
  ADD CONSTRAINT `fk_work_order_so1` FOREIGN KEY (`so`) REFERENCES `so` (`id_so`) ON DELETE NO ACTION ON UPDATE NO ACTION;

--
-- Constraints for table `work_order_product`
--
ALTER TABLE `work_order_product`
  ADD CONSTRAINT `fk_work_order_product_product1` FOREIGN KEY (`product`) REFERENCES `product` (`id_product`) ON DELETE NO ACTION ON UPDATE NO ACTION,
  ADD CONSTRAINT `fk_work_order_product_work_order1` FOREIGN KEY (`work_order`) REFERENCES `work_order` (`id_work_order`) ON DELETE NO ACTION ON UPDATE NO ACTION;

--
-- Constraints for table `work_order_survey`
--
ALTER TABLE `work_order_survey`
  ADD CONSTRAINT `fk_work_order_survey_survey_assessment1` FOREIGN KEY (`survey_assessment`) REFERENCES `survey_assessment` (`id_survey_assessment`) ON DELETE NO ACTION ON UPDATE NO ACTION,
  ADD CONSTRAINT `fk_work_order_survey_work_order1` FOREIGN KEY (`work_order`) REFERENCES `work_order` (`id_work_order`) ON DELETE NO ACTION ON UPDATE NO ACTION;

/*!40101 SET CHARACTER_SET_CLIENT=@OLD_CHARACTER_SET_CLIENT */;
/*!40101 SET CHARACTER_SET_RESULTS=@OLD_CHARACTER_SET_RESULTS */;
/*!40101 SET COLLATION_CONNECTION=@OLD_COLLATION_CONNECTION */;
